particle_id,x,y,vx,vy,time,energy,energy error
0,-4887275153096.439,-2059604258.810605,-972.7611835338045,-0.3815749665706492,108290000000.00012,-31037.017343371816,-4.656612873077393e-10
