particle_id,x,y,vx,vy,time,energy,energy error
0,-5276068821230.39,-10006827456.64606,-982.2547648321322,-1.7470711908473309,108290000000.00012,-11117.062822926731,-2.3283064365386963e-10
