particle_id,x,y,vx,vy,time,energy,energy error
0,-5727990471959.899,-15250620158.939177,-995.6834606934827,-2.5046597984169727,108290000000.00012,12837.516386569188,-2.3101165425032377e-10
