particle_id,x,y,vx,vy,time,energy,energy error
0,-9213483541997.5,-118814527630.64536,-1143.717235687924,-14.383567740341798,108290000000.00012,221074.47471436212,7.566995918750763e-10
