particle_id,x,y,vx,vy,time,energy,energy error
0,-11898187176855.686,-320568037403.29944,-1277.8793188480047,-33.91002430965214,108290000000.00012,404872.3857970328,5.820766091346741e-11
