particle_id,x,y,vx,vy,time,energy,energy error
0,-1848775260585.492,-744034554.8814617,-1019.6802081727168,-0.3913247093742938,31231177147.357983,-33061.64759726927,-3.4924596548080444e-10
0,-8575203901067.328,-3318434670.176942,-892.3259938870132,-0.3412070057702489,38422741920.10384,-34585.03841432446,0.0
0,-16228496636767.965,-6244001660.510967,-842.9201161986828,-0.3221486779690794,47270299473.28769,-34584.228088340664,-3.4924596548080444e-10
0,-25194348366793.805,-9670122824.566404,-807.0927754137431,-0.3083818754784327,58155173228.93479,-34583.82865786611,1.1641532182693481e-10
0,-35791341068360.19,-13718800737.109898,-777.3113898001817,-0.2969593729050898,71546493484.7427,-34583.552125774324,1.1641532182693481e-10
0,-48368385636073.69,-18523397487.85351,-750.826153948301,-0.2868122481899018,88021416595.41045,-34583.33973423735,-1.1641532182693481e-10
0,-63326956818704.26,-24237275363.31048,-726.3084856472874,-0.2774258195822711,108290000000.00012,-34583.16744436632,-2.3283064365386963e-10
1,-4841615808330.622,-567431576.6287926,-971.7935417811782,-0.1059111382126893,108290000000.00012,-33331.7707321209,0.0
