particle_id,x,y,vx,vy,time,energy,energy error
0,-4865964481330.059,-1859464622.0996127,-972.3052173971716,-0.3456899272683778,108290000000.00012,-32109.40017841773,-3.41970007866621e-10
