particle_id,x,y,vx,vy,time,energy,faug
c_uint(0),-86647890183828.8,0.0,744.9102371834932,0.00022002924954857557,472702994732.8769,171.16844503342872,1.2460753864328995
c_uint(0),-11994983704188.43,-119926628.01678398,-1023.5921655815363,-0.00864452084201407,581551732289.3479,-31863.07084234472,1.2524938722483825
c_uint(0),-111896221983197.78,-934218853.0196278,-665.5218492978303,-0.005386044119960572,715464934847.427,-38675.27703160074,1.2594423107803927
c_uint(0),-215167282292796.03,-1768689962.113689,-595.7555738519654,-0.004808546271850073,880214165954.1044,-38689.63339333274,1.2669978887060624
