particle_id,x,y,vx,vy,time,energy,faug
c_uint(0),-106600193349945.23,0.0,725.9810579815932,0.17052371144604359,581551732289.3479,175.89468700403813,1.2524938789301219
c_uint(0),-12006547569628.236,-94319607438.90091,-1075.7250425291468,-6.936557126823123,715464934847.427,-31108.617045851308,1.2594423155695533
c_uint(1),-131146888840999.3,0.0,706.5240627832228,0.147618672261983,715464934847.427,165.85319102028734,1.2594423155695533
c_uint(0),-133056012782966.8,-836707356305.0894,-647.2641229689249,-3.933627512221418,880214165954.1044,-39046.99061838913,1.2669978921548026
c_uint(1),-10946418210804.887,-77365239091.79813,-1176.7843825345656,-6.548486832115262,880214165954.1044,-29956.404654755723,1.2669978921548026
