particle_id,x,y,vx,vy,time,energy,faug
c_uint(0),-46532672117113.83,0.0,799.0188343728167,2.3908492300363364,253856538410.99423,165.60145722178277,1.2294093546106408
c_uint(0),-9474375856544.912,-1043289999186.4314,-962.171169090048,-94.20894509877816,312311771473.5799,-32995.509900170204,1.234582957323232
c_uint(0),-65626887193194.68,-6452723914418.335,-715.0449360831009,-68.61113101996007,384227419201.0384,-37628.78763012268,1.2401232902726382
c_uint(0),-125785747202312.34,-12219311278702.486,-651.6662096435858,-62.42090091110175,472702994732.8769,-37629.36186948107,1.2460757769106345
c_uint(0),-194040917972735.94,-18754113515444.316,-605.7643524456554,-57.97396210861727,581551732289.3479,-37629.0924650525,1.2524941509528702
c_uint(0),-272436058256193.1,-26254533089714.24,-567.2432077678776,-54.25659532577179,715464934847.427,-37628.98397763504,1.2594425105427378
c_uint(0),-362892909807181.9,-34904741767160.133,-532.5277782834379,-50.914447436676014,880214165954.1044,-37628.919314964296,1.266998032557613
