particle_id,x,y,vx,vy,time,energy,faug
c_uint(0),-86647890183828.8,0.0,748.0130153266118,0.42956966324430484,472702994732.8769,2487.3655286778812,1.2450500551777424
c_uint(0),-12343984925461.871,-240743787694.29492,-1017.3240457410664,-16.82545307137277,581551732289.3479,-29647.866800565156,1.2513865504592325
c_uint(0),-112497617109886.62,-1842313084917.6533,-668.4383045428996,-10.61579223270058,715464934847.427,-36299.99360345278,1.2582414634175396
c_uint(1),-131146888840999.3,0.0,709.7459371193399,0.2674273097115796,715464934847.427,2447.400036916486,1.2582414634175396
c_uint(0),-216285402819780.8,-3488121793344.7065,-599.0610544184908,-9.489205409595934,880214165954.1044,-36312.85642527783,1.2656895712315916
c_uint(1),-11612622402107.414,-147336603779.28543,-1154.469768030075,-11.62729575217353,880214165954.1044,-27906.484211400966,1.2656895712315916
