particle_id,x,y,vx,vy,time,energy,faug
c_uint(0),-131146888840999.3,0.0,709.6941400616353,0.006436421085824759,715464934847.427,2410.602889154223,1.2582414461164175
c_uint(0),-11603247378622.348,-3543516064.5902405,-1154.853224395547,-0.27993235395439653,880214165954.1044,-27940.03984000499,1.2656895587830097
