particle_id,x,y,vx,vy,time,energy,faug
c_uint(0),-86647890183828.8,0.0,747.9211409370845,4.918982700267917,472702994732.8769,2430.652440342994,1.2450557475864379
c_uint(0),-11974197567580.402,-2715108258368.7197,-1000.9536122203373,-191.36797543399013,581551732289.3479,-29604.791967228928,1.2513906107128725
c_uint(1),-106600193349945.23,0.0,729.12515570388,4.113479629592487,581551732289.3479,2471.8385712344316,1.2513906107128725
c_uint(0),-110503287312386.9,-20907690592782.08,-657.6288547018432,-120.56909319356814,715464934847.427,-36284.469922141,1.258244371466976
c_uint(1),-12206023567231.973,-2331319478348.384,-1053.4674064842065,-165.28489803200324,715464934847.427,-28886.40552008082,1.258244371466976
c_uint(2),-131146888840999.3,0.0,709.9195614901485,3.547433421446473,715464934847.427,2576.900684650609,1.258244371466976
c_uint(0),-212616343908444.9,-39599944113251.99,-589.4109569531149,-107.77356557367942,880214165954.1044,-36297.43935824657,1.2656916636338549
c_uint(1),-132247542156521.06,-20278729924784.1,-643.3828685580525,-95.34006833142703,880214165954.1044,-36637.83151914182,1.2656916636338549
c_uint(2),-11434839670714.256,-1941915196406.1614,-1144.9176827159372,-153.74926459262753,880214165954.1044,-27731.513632639777,1.2656916636338549
