particle_id,x,y,vx,vy,time,energy,faug
c_uint(0),-131146888840999.3,0.0,709.8994586679959,0.012959131588401453,715464934847.427,2556.3374420548207,1.2582414461467777
c_uint(0),-11645233309960.574,-7156515078.66722,-1153.528611935938,-0.5629509465891358,880214165954.1044,-27808.44602549763,1.2656895588048545
c_uint(1),-161345921730284.2,0.0,689.8516304919201,0.010123125180823795,880214165954.1044,2451.428518767556,1.2656895588048545
