particle_id,x,y,vx,vy,time,energy,faug
c_uint(0),-131146888840999.3,0.0,710.9748088233706,0.002389007259795881,715464934847.427,3320.306043096294,1.2578463627858874
c_uint(0),-11864151655405.543,-1340445753.0138226,-1146.767487867633,-0.10315686909717552,880214165954.1044,-27117.023913075333,1.2652593531955953
c_uint(1),-161345921730284.2,0.0,690.9835754604533,0.001926937870632123,880214165954.1044,3232.943201260845,1.2652593531955953
