particle_id,x,y,vx,vy,time,energy,faug
c_uint(0),-106600193349945.23,0.0,730.2509706815124,0.001380080205917465,581551732289.3479,3284.871965397091,1.2510220334194309
c_uint(0),-12646170643721.32,-800366690.6345881,-1061.2700771259515,-0.055533680708179906,715464934847.427,-28193.496080388315,1.2578463627849386
c_uint(1),-131146888840999.3,0.0,711.0632500414118,0.0010107927344134631,715464934847.427,3383.1894297670224,1.2578463627849386
c_uint(0),-134092924291119.28,-6868846641.476172,-651.3804417325156,-0.03226952925073167,880214165954.1044,-35852.26293697336,1.2652593531949128
c_uint(1),-11882084355130.68,-567878445.9202255,-1146.224451496177,-0.04362482392124869,880214165954.1044,-27059.67896100029,1.2652593531949128
c_uint(2),-161345921730284.2,0.0,691.1807048927938,0.0009226108755169937,880214165954.1044,3369.1758298235945,1.2652593531949128
