particle_id,x,y,vx,vy,time,energy,faug
c_uint(0),-131146888840999.3,0.0,496.32226811861767,509.09167001675104,715464934847.427,3332.777804955229,1.3760613122186562
c_uint(0),-41208883504251.664,81055763101712.78,594.3359183255267,451.15120037199245,880214165954.1044,2209.870218804688,1.3343308498439554
c_uint(1),-161345921730284.2,0.0,531.4496839702757,441.723501248019,880214165954.1044,3283.001494805678,1.3343308498439554
