particle_id,x,y,vx,vy,time,energy,faug
c_uint(0),-131146888840999.3,0.0,710.7423387101005,0.09096392084435681,715464934847.427,3155.05680429755,1.257846364976631
c_uint(0),-11816822526624.365,-50864867712.50275,-1148.1988618570736,-3.932812555641019,880214165954.1044,-27267.00092072168,1.2652593547714663
