particle_id,x,y,vx,vy,time,energy,faug
c_uint(0),-161345921730284.2,0.0,690.9960066801912,0.0005370833938120767,880214165954.1044,3241.5330454780196,1.2652593531947771
