particle_id,x,y,vx,vy,time,energy,faug
c_uint(0),-57247693328137.19,0.0,785.432561329987,0.024987148026122303,312311771473.5799,3325.474025852105,1.2334004700184136
c_uint(0),-10816966492673.902,-12326318574.539589,-973.5607249052572,-0.9771651845881643,384227419201.0384,-29663.89247104054,1.2388557602755315
c_uint(0),-79305871185059.89,-79755880516.12639,-704.9669502780182,-0.6909299708590804,472702994732.8769,-34742.72931276119,1.2447123655072247
c_uint(0),-152115390041077.3,-151035600621.97992,-639.8600765772135,-0.625914277094582,581551732289.3479,-34744.8214459423,1.2510220334650337
c_uint(0),-234417122346047.34,-231500731879.32474,-592.7046601366732,-0.5792286188981601,715464934847.427,-34744.55130319565,1.2578463628175929
c_uint(0),-328617604095429.06,-323527831857.56903,-553.0820629001201,-0.5401627358055233,880214165954.1044,-34744.44005263873,1.265259353218402
c_uint(1),-161345921730284.2,0.0,691.1716144965998,0.009868940502858336,880214165954.1044,3362.8928129645647,1.265259353218402
