particle_id,x,y,vx,vy,time,energy,faug
c_uint(0),-37823175895448.43,0.0,820.0502086373212,0.00509081073418812,206342341148.24,3262.230663497292,1.2235249211198778
c_uint(0),-8670427597241.6455,-2052272602.774741,-961.4784954918111,-0.20537226389754715,253856538410.99423,-30137.768698170607,1.2283026605961773
c_uint(0),-55487171400089.58,-11928862713.181421,-739.0017047512083,-0.1554034749538636,312311771473.5799,-34164.29171743174,1.233400469892028
c_uint(0),-106181220020753.78,-22580039522.404472,-677.4210070149412,-0.14224400961773345,384227419201.0384,-34163.90947004393,1.2388557601860364
c_uint(0),-164001442376385.72,-34716182110.82494,-632.8289333370227,-0.13278452646104993,472702994732.8769,-34163.64901925044,1.244712365443639
c_uint(0),-230735657331552.78,-48715269582.06709,-595.4735911203335,-0.1248879615046757,581551732289.3479,-34163.54367481053,1.2510220334196889
c_uint(0),-308120461032808.94,-64942100240.8489,-561.887880959562,-0.11780336929873479,715464934847.427,-34163.47266373923,1.2578463627851233
c_uint(0),-397986571552545.0,-83780346845.48679,-530.3974254880429,-0.11117040826501955,880214165954.1044,-34163.41838641753,1.2652593531950456
