particle_id,x,y,vx,vy,time,energy,faug
c_uint(0),-70430049302651.48,0.0,767.4978365725187,1.1569484031779158,384227419201.0384,3326.567582150339,1.2388560121955
c_uint(0),-11755976209158.08,-617530359849.3536,-987.9784599518607,-44.966300664102505,472702994732.8769,-29317.51839142578,1.2447125444948353
c_uint(0),-94524095041356.25,-4291981441062.3594,-686.7879451701606,-30.322397482728793,581551732289.3479,-35079.126789061644,1.2510221611061547
c_uint(0),-181520906789579.3,-8128009820103.749,-619.7647267330042,-27.30247407648936,715464934847.427,-35084.91247854693,1.2578464542158696
c_uint(0),-279341539022265.62,-12434625596720.082,-571.2174572014289,-25.135507257923944,880214165954.1044,-35084.63573134123,1.265259418964053
