particle_id,x,y,vx,vy,time,energy,faug
c_uint(0),-106600193349945.23,0.0,731.5958835955867,15.096711698579405,581551732289.3479,4381.855672857841,1.2505918550329387
c_uint(0),-9421989820274.604,-7710132514375.935,-909.8434400879291,-573.7324288723443,715464934847.427,-26227.098624254577,1.2573637277647185
c_uint(0),-114361302330394.36,-69979750453434.45,-564.1298574909828,-331.1290925590405,880214165954.1044,-34065.97770966074,1.2647221236785127
c_uint(1),-161345921730284.2,0.0,692.5635468007246,9.778324758160878,880214165954.1044,4373.733417486161,1.2647221236785127
