particle_id,x,y,vx,vy,time,energy,faug
c_uint(0),-106600193349945.23,0.0,731.441193419877,0.8928200187863047,581551732289.3479,4155.140153339191,1.2505472143224248
c_uint(0),-12808985471610.295,-524152956146.80914,-1057.0227370073476,-35.82382123115826,715464934847.427,-27372.132799024694,1.2573317750739588
c_uint(0),-134306133251580.69,-4460048158097.462,-652.1931073565988,-20.949437024516694,880214165954.1044,-34956.902764019964,1.2646991484161816
