particle_id,x,y,vx,vy,time,energy,faug
c_uint(0),-86647890183828.8,0.0,750.2214831534205,1.641956937125234,472702994732.8769,4143.022618375835,1.244272835645783
c_uint(0),-12553702341993.414,-936810236424.13,-1011.5200076233199,-64.1508115435257,581551732289.3479,-28049.55622087774,1.2505474706234903
c_uint(0),-112726854247864.23,-7086100058659.517,-669.4348096810411,-40.81911067665693,715464934847.427,-34593.36281408943,1.2573319585425482
c_uint(0),-216715102571420.7,-13417382907784.316,-600.4493665858836,-36.51885295459069,880214165954.1044,-34605.237429249246,1.2646992803447856
