particle_id,x,y,vx,vy,time,energy,faug
c_uint(0),-106600193349945.23,0.0,717.0389779542149,145.7819332866145,581551732289.3479,4350.265863003267,1.2554348291663828
c_uint(1),-106600193349945.23,0.0,717.3647960786263,143.3087860935494,581551732289.3479,4226.4612860670895,1.2554348291663828
c_uint(0),1873808565738.8281,14992487089758.793,1014.9386851807968,-172.8709967263494,715464934847.427,-4879.7360288447235,1.260799569960303
c_uint(1),2006451940330.2812,14622529743329.057,1019.4998496840255,-183.9453219722063,715464934847.427,-5148.946271285182,1.260799569960303
c_uint(0),113557285655197.81,-50474647682419.58,568.3526142356718,-389.47553138394596,880214165954.1044,-15884.042285599455,1.2671776371955774
c_uint(1),112681264385691.5,-52539855573590.22,561.9686357854612,-397.6038081092355,880214165954.1044,-16260.47677909644,1.2671776371955774
