particle_id,x,y,vx,vy,time,energy,faug
c_uint(0),-57247693328137.19,0.0,785.8046765763949,33.13070153944569,312311771473.5799,4166.63607189554,1.2332179551487195
c_uint(0),-1656581689821.6943,-9354384441810.975,-369.0349233472562,-938.9445226426891,384227419201.0384,-25202.790275848645,1.2385875753655875
c_uint(0),-28974517848513.562,-73057007366781.14,-284.4993506653543,-651.88366600882,472702994732.8769,-30895.583190568257,1.2443724694271308
c_uint(0),-58461099241785.79,-140354552525353.42,-259.81733407665087,-591.3314985441311,581551732289.3479,-30898.463164030836,1.2506184889011291
c_uint(0),-91945637284739.89,-216424086601329.9,-241.54728094453165,-547.932396748316,715464934847.427,-30898.193493724073,1.2573827891483078
c_uint(0),-130393009583523.44,-303537154724288.56,-226.04288071336111,-511.6513287716109,880214165954.1044,-30898.084714306664,1.2647358283490115
