particle_id,x,y,vx,vy,time,energy,faug
c_uint(0),-161345921730284.2,0.0,351.08490838745314,599.3370890937042,880214165954.1044,5736.5720517189475,1.433600094391174
