particle_id,x,y,vx,vy,time,energy,faug
c_uint(0),-86647890183828.8,0.0,752.0368553623466,24.294207128886416,472702994732.8769,5800.357876279275,1.2438297612070075
c_uint(0),-5565666809226.176,-10104238083876.756,-654.9998780203663,-810.9060559535314,581551732289.3479,-24273.359031469678,1.2500219077900767
c_uint(1),-106600193349945.23,0.0,733.0220728618038,20.24054422748721,581551732289.3479,5517.151340419485,1.2500219077900767
c_uint(0),-71849641934965.02,-86738563825835.56,-445.4252171490309,-508.42983836964237,715464934847.427,-31236.962615219614,1.2567286391430565
c_uint(1),-7274060530163.5205,-9411413620471.398,-797.7429308965229,-735.5235408242859,715464934847.427,-24455.514704060508,1.2567286391430565
c_uint(2),-131146888840999.3,0.0,713.9315318155144,14.887032450368656,715464934847.427,5537.644577341067,1.2567286391430565
c_uint(0),-141175243436056.88,-165659592551715.8,-400.92290406061227,-455.5450486547502,880214165954.1044,-31249.3778821007,1.2640183528165814
c_uint(1),-100366416718242.97,-89028242632895.5,-501.7267602906395,-423.5500998481556,880214165954.1044,-32403.082110669842,1.2640183528165814
c_uint(2),-8889217736435.156,-7470743608357.022,-985.1837314138309,-608.3400401377712,880214165954.1044,-24117.934497778886,1.2640183528165814
