particle_id,x,y,vx,vy,time,energy,faug
c_uint(0),-86647890183828.8,0.0,752.2751903018569,0.10337905038996638,472702994732.8769,5684.524030086643,1.2436993948189419
c_uint(0),-12824379229503.096,-60131848089.657616,-1009.8327565929457,-4.036494272628793,581551732289.3479,-26579.281342851697,1.2499290226952868
c_uint(0),-113361409622602.02,-449570782386.38806,-672.6463419416835,-2.588575482498757,715464934847.427,-33020.130103094765,1.2566621871190724
c_uint(0),-217889674461139.75,-851243720872.7018,-603.7760690511345,-2.3177005162653965,880214165954.1044,-33031.12160213929,1.2639705956661693
