particle_id,x,y,vx,vy,time,energy,faug
c_uint(0),-106600193349945.23,0.0,732.8866410208577,34.45048739642227,581551732289.3479,5806.464208142541,1.2501652817839946
c_uint(0),-401676052351.2285,-10120053655974.648,-405.3902849496396,-1070.8699593238869,715464934847.427,-21469.754946620436,1.2568311679271715
c_uint(1),-131146888840999.3,0.0,713.8524759995561,25.877222966553887,715464934847.427,5705.210729107173,1.2568311679271715
c_uint(0),-53217620198379.9,-122078481339625.55,-289.04885435215135,-594.0554357177591,880214165954.1044,-30245.36849671745,1.2640920153795736
c_uint(1),-3454185227268.9043,-9485334883047.994,-716.3777421618471,-984.7084853489071,880214165954.1044,-22098.515624674852,1.2640920153795736
