particle_id,x,y,vx,vy,time,energy,faug
c_uint(0),-161345921730284.2,0.0,697.117401633322,20.73904162853087,880214165954.1044,7705.182175180467,1.2631242314547686
c_uint(1),-161345921730284.2,0.0,696.1329301664739,19.435067484146916,880214165954.1044,6993.181576485513,1.2631242314547686
