particle_id,x,y,vx,vy,time,energy,faug
c_uint(0),-70430049302651.48,0.0,772.6481270401598,0.2606236968416153,384227419201.0384,7292.031817287323,1.2372209348280578
c_uint(0),-12219663919875.395,-144636802595.7638,-983.6123325256309,-10.14027912426725,472702994732.8769,-25465.817452197894,1.242955201055484
c_uint(0),-95460702243120.39,-983230540452.0199,-692.4359487611111,-6.9396978729909,581551732289.3479,-31018.95291047747,1.2491264744156085
c_uint(0),-183252871106825.62,-1862005545396.5688,-625.930411501446,-6.259820926687391,715464934847.427,-31023.4498078521,1.25579323960909
c_uint(0),-282122201670011.0,-2850194430410.0576,-577.7592089428832,-5.771861732221214,880214165954.1044,-31023.179146302165,1.263025560707621
c_uint(1),-161345921730284.2,0.0,697.2813851798957,0.10317683887266547,880214165954.1044,7604.46280327547,1.263025560707621
