particle_id,x,y,vx,vy,time,energy,faug
c_uint(0),-131146888840999.3,0.0,716.7165392362547,10.230045833545828,715464934847.427,7471.342375803564,1.2558144946493703
c_uint(0),-11193985695008.441,-5788790585850.616,-1045.7487755158063,-420.9387175830935,880214165954.1044,-22866.543106745346,1.2630408283611045
