particle_id,x,y,vx,vy,time,energy,faug
c_uint(0),-131146888840999.3,0.0,716.3926790102512,7.727359773250792,715464934847.427,7216.80796380344,1.2558065702714747
c_uint(0),-11891513985312.266,-4488290173505.746,-1076.8100831930426,-321.20526676654333,880214165954.1044,-23297.210132564418,1.2630351363556607
c_uint(1),-161345921730284.2,0.0,696.9431743439226,6.686035046397862,880214165954.1044,7391.0380859608995,1.2630351363556607
