particle_id,x,y,vx,vy,time,energy,faug
c_uint(0),-161345921730284.2,0.0,418.4643520741355,556.9050588155341,880214165954.1044,7131.621666928142,1.6172213043253771
c_uint(1),-161345921730284.2,0.0,238.68945167166888,655.0657652626844,880214165954.1044,7545.698000602541,1.6172213043253771
