particle_id,x,y,vx,vy,time,energy,faug
c_uint(0),-70430049302651.48,0.0,772.6082415959836,5.900689732105506,384227419201.0384,7278.59030627436,1.2372266317837817
c_uint(0),-11720379508725.441,-3208464234165.6616,-958.6665455396434,-226.9774159721342,472702994732.8769,-25342.114001169102,1.2429592445569457
c_uint(0),-92861860638906.34,-21960916159722.38,-675.0499488430033,-155.16735678433352,581551732289.3479,-30922.212141555443,1.2491293546997841
c_uint(0),-178455044808931.78,-41610050307379.586,-610.2826221231468,-139.96973168371667,715464934847.427,-30926.766737523372,1.2557952994827937
c_uint(0),-274856548849859.56,-63706347766970.07,-563.357835675685,-129.0632676444924,880214165954.1044,-30926.49603230509,1.2630270403804218
