particle_id,x,y,vx,vy,time,energy,faug
c_uint(0),-106600193349945.23,0.0,735.4895569072555,1.723709017951778,581551732289.3479,7125.561620004126,1.2491271802953425
c_uint(0),-13363680933573.932,-1053870947991.0717,-1043.8881131827459,-68.57209816657421,715464934847.427,-24558.567348385113,1.2557937444304166
c_uint(0),-135078971718606.66,-8720303146936.691,-655.164966955211,-40.93523468647954,880214165954.1044,-31899.696797382785,1.2630259233378338
