particle_id,x,y,vx,vy,time,energy,faug
c_uint(0),-131146888840999.3,0.0,716.9957950233629,0.0010467839986617394,715464934847.427,7619.201690668415,1.255793234801669
c_uint(0),-13061370752063.691,-638338678.0132114,-1113.6720570484074,-0.04391709682024568,880214165954.1044,-23192.291121826973,1.263025557254285
