particle_id,x,y,vx,vy,time,energy,faug
c_uint(0),-131146888840999.3,0.0,716.1538993894259,0.0017871417817017857,715464934847.427,7015.920456465334,1.2557932348020826
c_uint(1),-131146888840999.3,0.0,716.4023411420918,0.0018017840667091014,715464934847.427,7193.873848086718,1.2557932348020826
c_uint(0),1.1140959732628332e+16,-5263291138521.116,1370057.9764091563,-647.1347185741013,880214165954.1044,938529626844.2731,1.2630255572545823
c_uint(1),1.3720518920911013e+17,-206947609868680.8,16869385.994047653,-25443.80413947058,880214165954.1044,142288415600703.12,1.2630255572545823
