particle_id,x,y,vx,vy,time,energy,faug
c_uint(0),-86647890183828.8,0.0,754.3010662751426,0.0051373434097163025,472702994732.8769,7210.587019729777,1.2429551916236072
c_uint(0),-13049543223919.344,-3039872462.407558,-1006.5254483083827,-0.20035712979063885,581551732289.3479,-25110.634209042066,1.2491264676970026
c_uint(0),-113766726008786.27,-22487984099.035606,-674.6164053510367,-0.12943699397435143,715464934847.427,-31454.576913962286,1.2557932348041638
c_uint(0),-218642048009883.5,-42581227853.49708,-605.9879502135071,-0.11598213265806476,880214165954.1044,-31464.747493887204,1.2630255572560771
