particle_id,x,y,vx,vy,time,energy,faug
c_uint(0),-70430049302651.48,0.0,772.9635583455946,0.31982706407104367,384227419201.0384,7535.816155415378,1.2372209427281289
c_uint(0),-12246313227835.14,-177897030983.84842,-983.2887058495779,-12.44445594722757,472702994732.8769,-25228.24399693415,1.242955206662742
c_uint(0),-95509791798907.39,-1207767015363.731,-692.7263133935847,-8.524011420887192,581551732289.3479,-30769.025470745633,1.249126478409825
c_uint(0),-183343629383904.38,-2287226842466.8213,-626.2578290387744,-7.689758764617364,715464934847.427,-30773.44940818299,1.2557932424656222
c_uint(0),-282269257031041.1,-3501206919272.492,-578.1135002821266,-7.090993799589245,880214165954.1044,-30773.179122033354,1.2630255627595666
