particle_id,x,y,vx,vy,time,energy,faug
c_uint(0),-161345921730284.2,0.0,700.5105978438711,14.72534535613854,880214165954.1044,9969.759165066032,1.2618531935610742
