particle_id,x,y,vx,vy,time,energy,faug
c_uint(0),-46532672117113.83,0.0,810.3500211328907,0.31296797198624626,253856538410.99423,9280.821885467973,1.2260879107899305
c_uint(0),-10148894369692.373,-146760825806.97913,-963.0220977643733,-12.491083037897194,312311771473.5799,-24030.101215057657,1.2310355630619565
c_uint(0),-67187101569261.46,-876316642800.1906,-729.3803362674594,-9.296500027388305,384227419201.0384,-28322.71387041558,1.2363229304642127
c_uint(0),-128656476307571.83,-1659063521332.939,-666.8537064024549,-8.486082113148388,472702994732.8769,-28322.631481363438,1.2419907567902242
c_uint(0),-198600775477523.38,-2548757263616.547,-621.5741075993986,-7.9036865884443355,581551732289.3479,-28322.375803289615,1.2480869730009772
c_uint(0),-279152166375547.34,-3572734526553.3906,-583.6130462025092,-7.417213597782346,715464934847.427,-28322.27602168874,1.2546684138182966
c_uint(0),-372352690449210.7,-4756993206582.632,-549.4470584746953,-6.980351573078988,880214165954.1044,-28322.212708469655,1.2618030636263655
