particle_id,x,y,vx,vy,time,energy,faug
c_uint(0),-106600193349945.23,0.0,738.7362380260469,4.0382315160044815,581551732289.3479,9525.400217125716,1.248090701532402
c_uint(0),-13599837581328.148,-2529077154883.8467,-1026.4059204500925,-159.2212768498715,715464934847.427,-22227.930913415737,1.2546710785175674
c_uint(1),-131146888840999.3,0.0,720.3845094835065,3.7182957352129757,715464934847.427,10061.550263011828,1.2546710785175674
c_uint(0),-134569093390479.75,-20552540926981.207,-652.5694856207267,-96.46705995746518,880214165954.1044,-29395.12208469963,1.2618049763184882
c_uint(1),-13459534399372.043,-2345734110745.156,-1088.6878812166399,-153.50674994799226,880214165954.1044,-20879.573498319136,1.2618049763184882
