particle_id,x,y,vx,vy,time,energy,faug
c_uint(0),-57247693328137.19,0.0,736.1997879246874,303.8750835881035,312311771473.5799,12038.41659799713,1.2462743458477807
c_uint(0),743157617982.5642,19639452011233.56,891.5748863984824,153.25766401936454,384227419201.0384,7177.827694620297,1.2463226718795162
c_uint(0),73001880172460.31,22998541763422.473,759.9265868844631,1.110324146338833,472702994732.8769,3112.5311586089083,1.248484559884955
c_uint(0),151831067236642.75,22170847078232.434,695.5490562771504,-13.009431265510562,581551732289.3479,3106.5391489400063,1.2521698002341424
c_uint(0),241675006055600.0,20027470779992.18,649.7036560148811,-18.141001340507028,715464934847.427,3106.797106173297,1.2570523518447003
c_uint(0),345409463165640.8,16807210588054.35,611.818479042559,-20.593487830908895,880214165954.1044,3106.8890778881614,1.2629586301456213
