particle_id,x,y,vx,vy,time,energy,faug
c_uint(0),-106600193349945.23,0.0,742.196762730401,0.41094718763447785,581551732289.3479,12079.733616338344,1.246745060791586
c_uint(0),-14371856514306.36,-268690785225.98956,-1029.2992183174738,-16.19527479362686,715464934847.427,-19863.952433804167,1.2532174625665062
c_uint(0),-136982288734783.3,-2127497793109.8916,-662.8216841629765,-9.974607909122435,880214165954.1044,-26821.777963034692,1.2602274699292528
