particle_id,x,y,vx,vy,time,energy,faug
c_uint(0),-106600193349945.23,0.0,742.0943093218897,0.2536239686156826,581551732289.3479,12003.646000324225,1.2467450332628545
c_uint(0),-14359227594145.062,-165678664884.10703,-1029.5999812791881,-9.996804161594033,715464934847.427,-19936.911365995184,1.2532174429093006
c_uint(0),-136967674770158.06,-1312635082519.6426,-662.7684807052493,-6.154275428007751,880214165954.1044,-26900.201185288664,1.2602274558331112
