particle_id,x,y,vx,vy,time,energy,faug
c_uint(0),-37823175895448.43,0.0,830.8578950739097,43.42785136060368,206342341148.24,13126.468347705377,1.2207704007509617
c_uint(0),1276195990400.7842,-7768601454928.193,-47.995874072985856,-994.9243322891215,253856538410.99423,-14899.771368710848,1.2252683767315442
c_uint(0),-2241064145151.868,-55672245365164.05,-59.94121517817961,-756.1063264422445,312311771473.5799,-19302.91031354299,1.2300896981194553
c_uint(0),-6434709606932.394,-107620071588908.83,-56.831189421617005,-695.229106911702,384227419201.0384,-19302.486331181513,1.235260389949869
c_uint(0),-11332445666894.889,-167056155698699.97,-54.029569012636586,-651.5268680355592,472702994732.8769,-19302.2388772204,1.2408144920094
c_uint(0),-17067761019758.547,-235877680217363.28,-51.47148521637634,-615.100906161866,581551732289.3479,-19302.13908914657,1.2467945667551343
c_uint(0),-23792244348487.645,-315957001223807.1,-49.060451428529795,-582.4761064271739,715464934847.427,-19302.069628845464,1.253252809627754
c_uint(0),-31675668649578.996,-409299833247062.5,-46.731518267115646,-551.9890855901909,880214165954.1044,-19302.016936006403,1.2602528156292467
