particle_id,x,y,vx,vy,time,energy,faug
c_uint(0),-46532672117113.83,0.0,814.1174208741461,0.1565422062591879,253856538410.99423,12340.794274070999,1.225070816701255
c_uint(0),-10351184161460.605,-75046293404.70432,-962.3132849815784,-6.2730714633968505,312311771473.5799,-21006.93541019148,1.2299505531752972
c_uint(0),-67606936755574.555,-443333112370.3158,-733.1358455558255,-4.699799817774759,384227419201.0384,-25193.89264183084,1.2351620920626665
c_uint(0),-129426781681359.11,-839274774893.7644,-670.9779479826482,-4.294710351864725,472702994732.8769,-25193.67805383593,1.240744824647622
c_uint(0),-199835545075305.06,-1289748552209.811,-625.966417255594,-4.003566797536083,581551732289.3479,-25193.42692849465,1.2467450164908058
c_uint(0),-280991695890878.03,-1808670203010.086,-588.2418102174456,-3.7604353530753647,715464934847.427,-25193.329667440325,1.2532174309330266
c_uint(0),-374974176752347.2,-2409352169262.5645,-554.3026509126421,-3.5421798342269497,880214165954.1044,-25193.26679452177,1.2602274472449493
c_uint(1),-161345921730284.2,0.0,703.6009993519125,0.044730313496774,880214165954.1044,12030.9765662539,1.2602274472449493
