particle_id,x,y,vx,vy,time,energy,faug
c_uint(0),-57247693328137.19,0.0,797.0463409910388,0.043491562596187555,312311771473.5799,12514.75530434103,1.2299505504180128
c_uint(0),-11602916549961.979,-23138282604.476833,-967.3978799181199,-1.7145804516463894,384227419201.0384,-20643.249771468458,1.2351620901142577
c_uint(0),-80866792302146.73,-143885934125.68835,-716.3545936904105,-1.2438178314862438,472702994732.8769,-25335.470335824182,1.240744823266446
c_uint(0),-154990436900571.4,-272456000699.45883,-652.472677233614,-1.130910448877024,581551732289.3479,-25336.233269398886,1.2467450155083266
c_uint(0),-239044634035826.97,-418074109242.3835,-606.2077169800718,-1.0498037768830364,715464934847.427,-25335.977120765427,1.253217430231476
c_uint(1),-131146888840999.3,0.0,724.7015214231682,0.019756316738540003,715464934847.427,13173.864421211794,1.253217430231476
c_uint(0),-335537825142642.56,-585125095850.3546,-567.3757135470629,-0.9819935412481333,880214165954.1044,-25335.877737751376,1.2602274467418688
c_uint(1),-14533111824553.822,-13247496689.55724,-1080.4775411155472,-0.8066161820930028,880214165954.1044,-18048.616270862985,1.2602274467418688
