particle_id,x,y,vx,vy,time,energy,faug
c_uint(0),-106600193349945.23,0.0,743.3925908461811,0.012919465005490413,581551732289.3479,12967.904019754322,1.2467450154442241
c_uint(0),-14543725317744.86,-8542930033.180544,-1026.79299274284,-0.5084394174425739,715464934847.427,-19017.48719515151,1.2532174301857029
c_uint(0),-137291068857306.86,-67151425679.46888,-664.0512574534384,-0.31476753407459057,880214165954.1044,-25910.621958785836,1.260227446709045
