particle_id,x,y,vx,vy,time,energy,faug
c_uint(0),-70430049302651.48,0.0,722.5934528082836,304.0038393777643,384227419201.0384,16079.24994450761,1.258447339251456
c_uint(0),-355636834901.3439,24305511783473.707,878.5636120771761,160.46473283366927,472702994732.8769,11403.618229225918,1.255849208384249
c_uint(0),87433265344819.75,28661371881491.184,748.9059572708089,0.613802421994275,581551732289.3479,7155.877730626846,1.2565162712508717
c_uint(0),182839224561094.3,27507877276466.324,683.2039546378883,-14.315937200451017,715464934847.427,7145.522555724543,1.259379663036616
c_uint(1),-131146888840999.3,0.0,702.9822229210529,194.15828707465099,715464934847.427,16518.439740922156,1.259379663036616
c_uint(2),-131146888840999.3,0.0,709.9640242078864,168.5217748574675,715464934847.427,16801.96878481211,1.259379663036616
c_uint(0),291254969640830.56,24631730540909.01,636.4239155973852,-19.689906077339323,880214165954.1044,7145.780308514746,1.2638714028166063
c_uint(1),-1896585907556.1445,27258558887129.195,934.747021121955,-8.753319470537804,880214165954.1044,9681.493518491974,1.2638714028166063
c_uint(2),142060256082.6836,22693968554756.074,973.368782825637,-80.99334682740127,880214165954.1044,8871.928263888927,1.2638714028166063
