particle_id,x,y,vx,vy,time,energy,faug
c_uint(0),-106600193349945.23,0.0,638.5267294423822,404.0687872445498,581551732289.3479,22145.61639263248,1.2874449305995694
c_uint(0),-13299805047461.707,51127492942088.11,760.4923449644905,315.17333015816433,715464934847.427,19584.237011640915,1.2781819506603804
c_uint(1),-131146888840999.3,0.0,646.5668602460894,352.4720400174116,715464934847.427,21720.33853078939,1.2781819506603804
c_uint(0),108428876971464.64,87482370324742.27,704.0277827664228,170.7682388779645,880214165954.1044,17013.185845314176,1.2754235737171957
c_uint(1),-14472171039196.45,54354151646762.88,782.7597861771434,254.23741337069535,880214165954.1044,18596.869753242878,1.2754235737171957
