particle_id,x,y,vx,vy,time,energy,faug
c_uint(0),-70430049302651.48,0.0,785.8944008050146,80.31671429673462,384227419201.0384,20839.825651646242,1.2328007616455021
c_uint(0),8435871514852.919,-2854379023803.9844,640.2676550827155,-887.196622051059,472702994732.8769,712.5654724894557,1.2378302208917846
c_uint(0),51341330986974.61,-79511361002467.4,343.1893844238923,-641.6694805447613,581551732289.3479,-6600.356072123803,1.2433391030511616
c_uint(1),-106600193349945.23,0.0,753.49437371219,44.81278009220149,581551732289.3479,21532.610111558053,1.2433391030511616
c_uint(0),94702003718581.19,-161260187176981.03,308.68589134006135,-585.3672846128037,715464934847.427,-6605.671657636005,1.249348050000775
c_uint(1),3522195770066.3115,-11313428351748.91,-79.2359030358975,-1101.76195868336,715464934847.427,-4488.275874229148,1.249348050000775
c_uint(0),143481341571766.94,-254109914811454.5,285.3180882122386,-544.7319099566075,880214165954.1044,-6605.41895117602,1.2558957653384328
c_uint(1),-15627226489466.475,-136541863322893.55,-112.20918917369241,-674.732701702191,880214165954.1044,-12394.708630465815,1.2558957653384328
