particle_id,x,y,vx,vy,time,energy,faug
c_uint(0),-37823175895448.43,0.0,702.7842645817358,464.0170019158898,206342341148.24,21629.80861283309,1.2570813248339374
c_uint(0),-1730112871678.2861,20816839841924.938,812.4736315389096,368.4518096165317,253856538410.99423,19137.692832386296,1.2474678727288897
c_uint(0),44356434057104.664,38110845993336.04,759.4793621735362,256.8692584778335,312311771473.5799,17700.06104855705,1.243687837507836
c_uint(0),97091014622211.42,55205882376208.56,711.2113620485284,223.62990231810463,384227419201.0384,17700.553608187824,1.2432834237367045
c_uint(0),158246052561043.62,74055419378006.0,673.7367965907881,204.3859155823514,472702994732.8769,17700.77210498147,1.2450611669712357
c_uint(0),229748827603710.53,95481188176075.08,641.8365303343857,190.35012411304672,581551732289.3479,17700.866588325676,1.2483847144978948
c_uint(0),313679815416508.75,120156623746263.66,613.0602647547145,178.88513103550022,715464934847.427,17700.932987216394,1.252900718693314
c_uint(0),412366279983742.25,148759976432808.2,586.1210687983888,168.88083017365767,880214165954.1044,17700.982494722353,1.25841634788102
