particle_id,x,y,vx,vy,time,energy,faug
c_uint(0),-70430049302651.48,0.0,790.0808964819101,0.015053410706495763,384227419201.0384,20913.345351730182,1.2317520462427982
c_uint(0),-13696932206072.166,-9421924327.061733,-970.7899276166338,-0.5903874426465491,472702994732.8769,-12147.580919330241,1.2370899061115381
c_uint(0),-98334965740997.12,-59970566025.74162,-709.5213876300267,-0.4219270983893064,581551732289.3479,-17067.309937592014,1.2428144452040744
c_uint(0),-188557295863747.34,-113564519379.45424,-644.9101289852526,-0.3827945031364752,715464934847.427,-17068.81528445956,1.2489747237549262
c_uint(0),-290674121984710.7,-174146223111.2776,-598.1149288563741,-0.35469013438354674,880214165954.1044,-17068.565402024717,1.2556289833405332
