particle_id,x,y,vx,vy,time,energy,faug
c_uint(0),-106600193349945.23,0.0,753.6626789657321,0.030713121787376542,581551732289.3479,20655.34917834925,1.2428144453500898
c_uint(0),-15967372951428.137,-22238707510.464165,-1007.5493459221819,-1.1982290727227547,715464934847.427,-11647.757983077725,1.248974723858928
c_uint(0),-139806704383444.03,-165059324932.1452,-673.9965209359287,-0.7723190851795131,880214165954.1044,-18022.316358877753,1.2556289834149044
