particle_id,x,y,vx,vy,time,energy,faug
c_uint(0),-106600193349945.23,0.0,754.885973960853,0.834758237573233,581551732289.3479,21578.39712586964,1.2428145634545336
c_uint(0),-16120467195389.418,-610409323749.7188,-1005.1134414897149,-32.53908340421717,715464934847.427,-10756.000294328667,1.24897480798069
c_uint(0),-140033911878414.77,-4502763326958.547,-674.8597963113338,-21.064530102570856,880214165954.1044,-17073.28575474801,1.2556290435700515
