particle_id,x,y,vx,vy,time,energy,faug
c_uint(0),-106600193349945.23,0.0,755.0976310246087,0.014263901691052799,581551732289.3479,21737.848165016796,1.2428144452199685
c_uint(0),-16162847606133.156,-10453112163.271313,-1005.2718853494397,-0.5560706450353219,715464934847.427,-10605.158755248995,1.248974723766247
c_uint(0),-140159390030230.81,-77013472334.5303,-675.3892646960261,-0.36025797317343095,880214165954.1044,-16911.89139455775,1.2556289833486285
