particle_id,x,y,vx,vy,time,energy,faug
c_uint(0),-46532672117113.83,0.0,832.206663931465,0.31774952803302314,253856538410.99423,27231.210764304502,1.2199272595394957
c_uint(0),-11306164568519.455,-168493397135.21793,-960.8479045664802,-13.011555959210469,312311771473.5799,-6255.367642297293,1.2244733014736002
c_uint(0),-69606327213446.55,-949515958333.6815,-750.944723905626,-10.031390715823553,384227419201.0384,-9975.611388752004,1.229313430383099
c_uint(0),-133087510818081.75,-1796851749600.423,-690.5244684651184,-9.211866366453638,472702994732.8769,-9975.154731998075,1.2344807855774622
c_uint(0),-205697113916736.28,-2765138574205.6753,-646.7749232529169,-8.622564122266558,581551732289.3479,-9974.925520951481,1.2400139819495433
c_uint(0),-289717553321206.1,-3885011915987.208,-610.1590025301184,-8.130985623302323,715464934847.427,-9974.837118759257,1.2459583308507773
c_uint(0),-387401360392346.94,-5186532402557.016,-577.2785797357676,-7.690443630556698,880214165954.1044,-9974.776301332546,1.2523674110844611
