particle_id,x,y,vx,vy,time,energy,faug
c_uint(0),-131146888840999.3,0.0,745.708282489273,0.26115790046203724,715464934847.427,28618.172037803597,1.2459583447710045
c_uint(0),-18291051615117.88,-217007984628.6623,-1021.9130426041203,-10.251638213323826,880214165954.1044,-3443.5315625287476,1.2523674210193159
