particle_id,x,y,vx,vy,time,energy,faug
c_uint(0),-131146888840999.3,0.0,738.8898553766469,99.93094986832646,715464934847.427,28549.923209582543,1.2478862066582308
c_uint(1),-131146888840999.3,0.0,738.8484549523994,83.38344026093753,715464934847.427,27002.635397176986,1.2478862066582308
c_uint(0),8836134249032.64,7481508130319.121,1020.5466985066402,-619.0983639545082,880214165954.1044,16612.22760496498,1.2537384164921495
c_uint(1),9526287802939.11,2640898283224.5337,905.6706143483314,-896.8726655127617,880214165954.1044,37614.56268950191,1.2537384164921495
