particle_id,x,y,vx,vy,time,energy,faug
c_uint(0),-70430049302651.48,0.0,797.5658477583846,58.59753771382424,384227419201.0384,28571.910213935073,1.2298352456530655
c_uint(0),6357592892878.9795,-8735124629737.454,262.6649794853957,-1010.0424657677463,472702994732.8769,4001.2081932870205,1.2348489922819417
c_uint(0),23338909336214.38,-94614852481979.22,133.70785128077765,-718.875756065352,581551732289.3479,-2056.7452697147964,1.2402746961506808
c_uint(0),40151152678293.75,-186209511283923.75,119.28476419282389,-655.9957400276991,715464934847.427,-2058.8428025539033,1.2461436084877628
c_uint(1),-131146888840999.3,0.0,745.4335681448176,29.43248620262998,715464934847.427,28846.454530119692,1.2461436084877628
c_uint(0),58962289072231.29,-290295510847959.75,109.85620308304661,-610.8614612958045,880214165954.1044,-2058.602722015232,1.252499598105139
c_uint(1),-4348839253636.5723,-14928429882693.512,-530.8062508460353,-934.5309549718152,880214165954.1044,-67.33023941714782,1.252499598105139
