particle_id,x,y,vx,vy,time,energy,faug
c_uint(0),-86647890183828.8,0.0,782.76579630636,0.006043668442697529,472702994732.8769,29086.683666453,1.2344807805229259
c_uint(0),-16095775876678.79,-4431701562.531822,-975.3526344687622,-0.23601227451038928,581551732289.3479,-3858.254431901325,1.2400139783680086
c_uint(0),-119493652243442.5,-28956161551.263584,-702.3568841737568,-0.1658154045277701,715464934847.427,-9032.01239911394,1.2459583283042746
c_uint(0),-229238757272675.53,-54835578528.958755,-636.9622865597747,-0.15008162133848835,880214165954.1044,-9034.568433881184,1.2523674092670243
c_uint(1),-161345921730284.2,0.0,727.2099693602994,0.0030660441148875842,880214165954.1044,28920.96219455253,1.2523674092670243
