particle_id,x,y,vx,vy,time,energy,faug
c_uint(0),-161345921730284.2,0.0,698.9084396807992,202.76918271876647,880214165954.1044,29297.96668009134,1.2616371381306917
