particle_id,x,y,vx,vy,time,energy,faug
c_uint(0),-106600193349945.23,0.0,762.811905043495,2.247788151949903,581551732289.3479,27595.159387630294,1.2400149446057476
c_uint(1),-106600193349945.23,0.0,762.174803250603,2.2762199431721593,581551732289.3479,27109.43781746179,1.2400149446057476
c_uint(0),-134331672684876.44,-9023079976855.043,-12844.195400264221,-859.0134360465544,715464934847.427,82607971.14359078,1.2459590153065632
c_uint(1),-116416583450389.11,-60990663919074.3,-11129.392679085517,-5743.400100532892,715464934847.427,78175733.42559549,1.2459590153065632
c_uint(0),-2248688810291278.2,-150430035062763.94,-12829.551716125352,-858.0327225989184,880214165954.1044,82607940.12470178,1.252367899579383
c_uint(1),-1948410394940648.5,-1006398696536186.5,-11116.005304220696,-5736.45611943004,880214165954.1044,78175752.29970028,1.252367899579383
c_uint(2),-161345921730284.2,0.0,726.2033350305531,1.3344043671446766,880214165954.1044,28190.324643604865,1.252367899579383
