particle_id,x,y,vx,vy,time,energy,faug
c_uint(0),-86647890183828.8,0.0,780.1268336667029,0.027674142817201534,472702994732.8769,27024.47640097188,1.2344807807089935
c_uint(0),-15820969263909.6,-19927494672.53437,-977.2799031100129,-1.0793797579771844,581551732289.3479,-5874.806718065578,1.240013978499852
c_uint(0),-118959214265175.44,-131502722873.57332,-699.7752156987542,-0.7534047759956396,715464934847.427,-11144.221561379294,1.2459583283980165
c_uint(0),-228252481171519.34,-249034450570.13672,-634.093531545235,-0.6813210851093839,880214165954.1044,-11147.22314580591,1.2523674093339277
c_uint(1),-161345921730284.2,0.0,726.4187906279145,0.018078113675534597,880214165954.1044,28345.92227341846,1.2523674093339277
