particle_id,x,y,vx,vy,time,energy,faug
c_uint(0),-70430049302651.48,0.0,800.588028612107,0.14218942840007803,384227419201.0384,29270.03963302489,1.2293134260368077
c_uint(0),-14565923761223.004,-95146238790.45107,-965.97762391782,-5.622350532755222,472702994732.8769,-3932.317719606275,1.2344807825073647
c_uint(0),-100074031398081.53,-585034153551.7323,-719.8232979127039,-4.108026823795198,581551732289.3479,-8514.20668905956,1.240013979774139
c_uint(0),-191757909365105.62,-1107751136420.7034,-656.307145178074,-3.7391447363682038,715464934847.427,-8514.715093925945,1.2459583293040455
c_uint(1),-131146888840999.3,0.0,745.5903402328396,0.07055746889259372,715464934847.427,28530.196862967423,1.2459583293040455
c_uint(0),-295822219057270.7,-1700353030232.6907,-610.3081256851447,-3.474130055906553,880214165954.1044,-8514.477793658647,1.25236740998056
c_uint(1),-18272183989765.73,-58568941770.15636,-1022.1953698275453,-2.770085316114565,880214165954.1044,-3527.9253332552616,1.25236740998056
