particle_id,x,y,vx,vy,time,energy,faug
c_uint(0),-131146888840999.3,0.0,746.9301959517734,0.09232386594494708,715464934847.427,29530.07972365388,1.2459583299002819
c_uint(0),-18502185543480.297,-77568923886.94882,-1019.5280445253758,-3.6198807618998234,880214165954.1044,-2571.1526292669587,1.2523674104060933
