particle_id,x,y,vx,vy,time,energy,faug
c_uint(0),-46532672117113.83,0.0,799.090181872489,0.03120214439746188,253856538410.99423,219.75440524466103,1.2293895647786246
c_uint(0),-9542485855863.48,-13667021007.36354,-966.5624859382381,-1.2321852841337562,312311771473.5799,-32964.6146432783,1.2345621961129347
c_uint(0),-65955050458480.484,-84433538519.34315,-718.362559484004,-0.8976109224526639,384227419201.0384,-37592.37621532276,1.2401013050795513
c_uint(0),-126393096683927.14,-159876051223.63055,-654.6915987604407,-0.8166394457651783,472702994732.8769,-37592.94219571084,1.2460523164631199
c_uint(0),-194965329839110.9,-245370015955.04797,-608.5800250460238,-0.7584700901585835,581551732289.3479,-37592.67287892621,1.2524689497106487
c_uint(0),-273725138445861.72,-343498148415.3096,-569.8838813720128,-0.7098439697998293,715464934847.427,-37592.56444073,1.2594152737577988
c_uint(0),-364603478022649.56,-456670282978.2571,-535.0114157073505,-0.6661261071074815,880214165954.1044,-37592.499785404594,1.2669684203353464
c_uint(1),-161345921730284.2,0.0,686.5949150929354,0.009755906319194926,880214165954.1044,210.0811846748402,1.2669684203353464
