particle_id,x,y,vx,vy,time,energy,faug
c_uint(0),-161345921730284.2,0.0,686.6103006123508,0.05712788044808738,880214165954.1044,220.646506637102,1.2669684214231585
