particle_id,x,y,vx,vy,time,energy,faug
c_uint(0),-131146888840999.3,0.0,706.5896628814635,0.03214011500723174,715464934847.427,212.1930114920542,1.2594152739603404
c_uint(0),-10960510660531.0,-16862282112.25719,-1176.3137936915728,-1.4251397070234408,880214165954.1044,-29915.083412705106,1.2669684204811966
