particle_id,x,y,vx,vy,time,energy,faug
c_uint(0),-86647890183828.8,0.0,744.9856018358628,0.38914338812507526,472702994732.8769,227.38690228469204,1.2460523475402705
c_uint(0),-12001313417366.951,-212228116329.5239,-1023.3301897384871,-15.28674225987838,581551732289.3479,-31810.96938170807,1.2524689718917301
c_uint(0),-111898420654183.89,-1652564272932.5488,-665.5244685809474,-9.52742227947976,715464934847.427,-38619.39082624731,1.2594152896559054
c_uint(0),-215171432677131.94,-3128690905717.192,-595.7746203000459,-8.50613001948172,880214165954.1044,-38633.70989564495,1.266968431783579
c_uint(1),-161345921730284.2,0.0,686.6003701513519,0.21016849048804395,880214165954.1044,213.8486527322966,1.266968431783579
c_uint(2),-161345921730284.2,0.0,686.6029263700372,0.21228734161197377,880214165954.1044,215.60420425544726,1.266968431783579
