particle_id,x,y,vx,vy,time,energy,faug
c_uint(0),-46532672117113.83,0.0,798.7919146559808,21.62282646622718,253856538410.99423,215.22930803219788,1.229485138232638
c_uint(0),-5228470534121.126,-7337559559083.961,-656.3522702235733,-728.675040902311,312311771473.5799,-31280.94998769916,1.234629696528959
c_uint(0),-43808192434584.45,-48867748574585.69,-492.4474210362276,-526.3542634778886,384227419201.0384,-36172.00324015471,1.2401491304412842
c_uint(0),-85278385580173.58,-93115699313979.89,-449.5491740831667,-479.06532878919904,472702994732.8769,-36172.80700198925,1.2460863194720435
c_uint(0),-132390282136261.94,-143279776374910.0,-418.3204665015748,-445.1285551196377,581551732289.3479,-36172.53725807904,1.2524932175712462
c_uint(0),-186551258954890.62,-200881669741362.28,-392.0502059732854,-416.77302281278486,715464934847.427,-36172.42913204187,1.2594326667883884
c_uint(0),-249095527697337.9,-267344520151519.66,-368.34230332621064,-391.2881509397518,880214165954.1044,-36172.3645390966,1.2669809446852591
