particle_id,x,y,vx,vy,time,energy,faug
c_uint(0),-106600193349945.23,0.0,725.9940455621505,8.922884407128754,581551732289.3479,225.11790271970676,1.2524841718592414
c_uint(0),-10789261595492.723,-4689827599418.073,-1022.7236786202155,-356.3929280516,715464934847.427,-30723.678368068417,1.2594261838089225
c_uint(0),-125916373922176.84,-42633300219620.695,-615.8517737722516,-200.96363618776712,880214165954.1044,-38762.315463244886,1.2669762765186146
