particle_id,x,y,vx,vy,time,energy,faug
c_uint(0),-86647890183828.8,0.0,743.478761701186,47.00091511206499,472702994732.8769,210.41527567530284,1.246612200965076
c_uint(0),3454493809952.416,-7482934062809.709,-11.609416876920696,-1153.7602466356423,581551732289.3479,-24806.236449465854,1.2528681480416881
c_uint(0),-8449260424644.752,-109234622381409.11,-89.056635500496,-669.3530006235537,715464934847.427,-33590.40145553215,1.2597011906799036
c_uint(0),-22548091000614.035,-213066084892131.34,-82.5080887395195,-599.037200449673,880214165954.1044,-33610.659668152744,1.2671742070338132
