particle_id,x,y,vx,vy,time,energy,faug
c_uint(0),-106600193349945.23,0.0,726.0324907890665,0.0014704645251425875,581551732289.3479,213.22071556840092,1.2524689496593664
c_uint(0),-12014787645021.584,-813832599.8136446,-1075.559158666225,-0.05980740774507331,715464934847.427,-31073.0390988664,1.2594152737210427
c_uint(0),-133071301826610.69,-7216445854.51062,-647.3264167887245,-0.03392650535679183,880214165954.1044,-39007.89242790232,1.2669684203088782
