particle_id,x,y,vx,vy,time,energy,faug
c_uint(0),-86647890183828.8,0.0,791.9930984218558,42.50998521394445,472702994732.8769,37255.62110999576,1.2314802123176205
c_uint(0),2081364854445.7358,-13956809924408.205,-112.67852687320577,-1014.1267370273163,581551732289.3479,9585.14373760909,1.2366934747609113
c_uint(0),-13814688680195.84,-118865585678428.23,-113.65316432584112,-711.2754864573908,715464934847.427,3827.3879072057025,1.2423139475740361
c_uint(0),-31802453411896.652,-230163196804045.44,-105.39227864892175,-646.9319512961916,880214165954.1044,3825.05722892817,1.248382091947735
