particle_id,x,y,vx,vy,time,energy,faug
c_uint(0),-131146888840999.3,0.0,757.9736063919001,12.31023008917233,715464934847.427,37915.4815253242,1.242204520642167
c_uint(1),-131146888840999.3,0.0,755.2914614099484,12.183752145174317,715464934847.427,35884.53439708377,1.242204520642167
c_uint(0),31344378467967.38,-2397537036449.7197,1963.8584933665602,-197.78490702876084,880214165954.1044,1547200.0507288054,1.2483042094652887
c_uint(1),26686437204809.125,-1499398870084.6538,1698.1893901442118,-150.34241743235512,880214165954.1044,1021499.9442080955,1.2483042094652887
c_uint(2),-161345921730284.2,0.0,737.931070368393,10.853590629376013,880214165954.1044,36833.82494364452,1.2483042094652887
