particle_id,x,y,vx,vy,time,energy,faug
c_uint(0),-131146888840999.3,0.0,755.8317391445458,0.003385606763328657,715464934847.427,36218.52560439406,1.2421686905478224
c_uint(0),-20007302880789.355,-3071075495.915874,-1004.141096913924,-0.13194088873715756,880214165954.1044,3855.805762807955,1.2482787010831151
c_uint(1),-161345921730284.2,0.0,738.2141955268949,0.0031083586345305456,880214165954.1044,36983.89166488958,1.2482787010831151
