particle_id,x,y,vx,vy,time,energy,faug
c_uint(0),-106600193349945.23,0.0,775.9164526537965,37.261456179414886,581551732289.3479,38369.01068153005,1.2368154269706941
c_uint(0),-304894324866.0252,-15874475241866.85,-269.31923973688,-994.5189050947587,715464934847.427,10011.527571332525,1.2424003772379733
c_uint(0),-38933420223817.45,-138197163072341.62,-217.10512562128483,-668.6089705567458,880214165954.1044,3731.262637728709,1.248443583771004
c_uint(1),-161345921730284.2,0.0,739.4560795663498,30.236829247288036,880214165954.1044,38358.57214663114,1.248443583771004
