particle_id,x,y,vx,vy,time,energy,faug
c_uint(0),-57247693328137.19,0.0,828.8189314918654,0.010613901844026928,312311771473.5799,38343.73017096758,1.221581417190734
c_uint(0),-13692584800386.207,-6798935589.063593,-960.9343469300486,-0.43276776581638166,384227419201.0384,4878.78467161546,1.2262330046765766
c_uint(0),-85179281239724.31,-38635006536.03114,-747.6615991952162,-0.331985536415597,472702994732.8769,1075.723154340405,1.2311903992465623
c_uint(0),-162901225703954.28,-73118126226.86618,-686.9179754727797,-0.30459275936028657,581551732289.3479,1076.1407276368118,1.236488647674319
c_uint(0),-251730839861773.97,-112492137384.67368,-642.9337986548463,-0.28489705849759805,715464934847.427,1076.35866677601,1.2421686905495581
c_uint(0),-354447998023577.6,-157997499052.1054,-606.1123508668318,-0.26846424500735955,880214165954.1044,1076.4377341943618,1.2482787010843508
