particle_id,x,y,vx,vy,time,energy,faug
c_uint(0),-86647890183828.8,0.0,793.2273369776232,2.597694393439448,472702994732.8769,37333.71578701184,1.2311914730418094
c_uint(0),-17036611864402.883,-2033554966693.4082,-964.0112674243964,-101.85623621039274,581551732289.3479,4254.132352806104,1.2364894070244148
c_uint(0),-120932422980086.77,-12820157355066.453,-708.8716744199969,-73.28689406594695,715464934847.427,-565.6058357735456,1.2421692292712914
c_uint(0),-231885725233970.0,-24278884511461.73,-644.9427878134005,-66.55608795114793,880214165954.1044,-566.7890823115886,1.2482790846400735
