particle_id,x,y,vx,vy,time,energy,faug
c_uint(0),-131146888840999.3,0.0,756.5911976667908,2.8318365440143207,715464934847.427,36796.84649206887,1.242170059640503
c_uint(0),-19939742646626.6,-2572640838159.3203,-997.3631741693722,-110.05511549377334,880214165954.1044,4445.702700956317,1.248279675839608
