particle_id,x,y,vx,vy,time,energy,faug
c_uint(0),-131146888840999.3,0.0,772.4091096828199,3.6565507858152055,715464934847.427,48892.31819185629,1.2374631850654627
c_uint(0),-22359316620293.39,-3742975406636.0825,-974.2148144013904,-141.63746081406893,880214165954.1044,16192.449251583894,1.243214476665079
