particle_id,x,y,vx,vy,time,energy,faug
c_uint(0),-46532672117113.83,0.0,858.3343968209616,17.996574187418478,253856538410.99423,49478.10126019764,1.2138286426284521
c_uint(0),-8329581171847.79,-9065868080251.79,-704.9333061313865,-666.7086325585929,312311771473.5799,17082.824311141972,1.217985490665332
c_uint(0),-52228062768203.66,-50034992149048.77,-570.2988331753702,-530.3177542229084,384227419201.0384,13824.769623503787,1.2223997331687706
c_uint(0),-100622769334406.72,-94990736371005.83,-528.1401930544205,-490.2568025684619,472702994732.8769,13825.232980759116,1.227097099093699
c_uint(0),-156323514135831.88,-146671873648890.66,-497.52189618986307,-461.4471495756064,581551732289.3479,13825.431211169634,1.2321078105891827
c_uint(0),-221135089243572.72,-206766695914394.8,-471.9053183896531,-437.4560143886177,715464934847.427,13825.513608972891,1.2374673391723725
c_uint(0),-296897174253695.25,-276983717272704.53,-448.9383707993258,-416.006620456804,880214165954.1044,13825.571561195131,1.2432174255211126
c_uint(1),-161345921730284.2,0.0,752.2135196125931,4.913241239665087,880214165954.1044,47428.45193507051,1.2432174255211126
c_uint(2),-161345921730284.2,0.0,756.6517675990126,4.555494351617682,880214165954.1044,50775.1173910973,1.2432174255211126
