particle_id,x,y,vx,vy,time,energy,faug
c_uint(0),-161345921730284.2,0.0,754.7047884833094,0.19987369395457152,880214165954.1044,49293.47127591353,1.24321257065095
