particle_id,x,y,vx,vy,time,energy,faug
c_uint(0),-37823175895448.43,0.0,876.2532686330799,0.5146031954771995,206342341148.24,50931.08611078473,1.2098506015293535
c_uint(0),-11034905525103.764,-276077505280.1821,-968.9176530325515,-22.477078823013272,253856538410.99423,17302.586416033446,1.2137889537878368
c_uint(0),-60583193165043.26,-1417840286332.5134,-794.5176250670735,-18.272974929310884,312311771473.5799,14493.331113377644,1.2179577068791392
c_uint(0),-115471858518099.86,-2679486940690.7383,-737.9821952182368,-16.956077026020605,384227419201.0384,14493.815531459259,1.2223802375340174
c_uint(0),-178822663058442.53,-4134670034969.464,-697.0419184176112,-16.007894956158278,472702994732.8769,14494.010679734201,1.2270833843681932
c_uint(0),-252728239378830.6,-5831673421951.794,-662.8730518622699,-15.218699900524646,581551732289.3479,14494.102098002244,1.232098135971449
c_uint(0),-339348768785747.1,-7820142105413.842,-632.3071377846887,-14.513881285582336,715464934847.427,14494.166869372799,1.2374604939969531
c_uint(0),-441071577684397.6,-10154868711233.566,-603.8164071991371,-13.857642892579658,880214165954.1044,14494.215501858998,1.243212566343776
