particle_id,x,y,vx,vy,time,energy,faug
c_uint(0),-30743831586062.875,0.0,891.930347190738,7.07409755654888,167721351662.03262,50889.80385955685,1.2061271012816284
c_uint(0),-8900116782065.443,-3209029072568.122,-925.4540945861053,-309.2458557957678,206342341148.24,17462.231793619343,1.2098540313890709
c_uint(0),-47764314733687.77,-16115262950217.838,-769.4791201434493,-255.06224803680794,253856538410.99423,14902.461759918078,1.2137913498503359
c_uint(0),-91049534409180.86,-30455151333003.87,-717.064298777165,-237.4621354315332,312311771473.5799,14902.967195501842,1.2179593843568524
c_uint(0),-141153011219321.5,-47043157677643.92,-679.0905989877509,-224.78501158139886,384227419201.0384,14903.165080317704,1.222381414671185
c_uint(0),-199754075109521.22,-66437642881535.14,-647.4189537090588,-214.24095780721234,472702994732.8769,14903.2665250024,1.227084212488635
c_uint(0),-268608685253688.84,-89220242606190.83,-619.1171895180795,-204.83440784723678,581551732289.3479,14903.338840542914,1.2320987201581315
c_uint(0),-349675231300205.5,-116038840638271.92,-592.7710388041078,-196.0876067427386,715464934847.427,14903.393475752062,1.23746090733967
c_uint(0),-445174980884867.7,-147627901786801.97,-567.5756965761717,-187.72960726747274,880214165954.1044,14903.436239025177,1.2432128597665861
