particle_id,x,y,vx,vy,time,energy,faug
c_uint(0),-106600193349945.23,0.0,787.4256413970888,0.3357766987347571,581551732289.3479,46671.25861160335,1.2320981529474615
c_uint(0),-20392539617670.688,-312552587760.7044,-972.2351590480191,-13.14602099056695,715464934847.427,13651.509012805182,1.2374605060083859
c_uint(0),-148158441771781.16,-2007999932850.5498,-706.8583943536936,-9.338500937535201,880214165954.1044,8640.975257481681,1.243212574870432
