particle_id,x,y,vx,vy,time,energy,faug
c_uint(0),-86647890183828.8,0.0,807.0059281982622,1.786737235169925,472702994732.8769,48356.41800316819,1.2270839008993504
c_uint(0),-18495900610719.76,-1526689056537.07,-961.4149892688187,-70.9867964150979,581551732289.3479,15093.076791629253,1.232098500351798
c_uint(0),-124087871812777.88,-9209873031841.932,-724.2659077444991,-52.50779100884926,715464934847.427,10701.69661318473,1.2374607518152736
c_uint(0),-237690858791272.4,-17437995086371.576,-661.5689668586309,-47.88412747345536,880214165954.1044,10701.551904427732,1.2432127493633283
c_uint(1),-161345921730284.2,0.0,752.576934750525,1.002358269762345,880214165954.1044,47690.31614164682,1.2432127493633283
