particle_id,x,y,vx,vy,time,energy,faug
c_uint(0),-57247693328137.19,0.0,843.3736891798293,9.689793676417052,312311771473.5799,50559.85536612477,1.2179751281723554
c_uint(0),-13031982627725.322,-6344207989495.221,-882.5455826574702,-387.0734441478655,384227419201.0384,17377.839780321578,1.222392462172149
c_uint(0),-79647430776636.6,-35242684236516.37,-699.9638478500646,-302.75787046516785,472702994732.8769,13878.241716731689,1.2270919842479262
c_uint(0),-152560821294816.56,-66754135405017.72,-645.5650954726241,-278.8358183843732,581551732289.3479,13878.679135943326,1.2321042025471025
c_uint(0),-236180554039078.28,-102857885496419.56,-606.1490106225333,-261.63240848929473,715464934847.427,13878.879703417915,1.2374647863704962
c_uint(0),-333171957418278.1,-144712445852891.56,-573.1751441314901,-247.2922970798355,880214165954.1044,13878.954025327228,1.2432156133814616
