particle_id,x,y,vx,vy,time,energy,faug
c_uint(0),-86647890183828.8,0.0,804.7565620848278,0.006182373589520276,472702994732.8769,46542.09984303161,1.2270833764887958
c_uint(0),-18340357647086.785,-5221174418.762931,-964.5895285517355,-0.2453932812992687,581551732289.3479,13291.031928409357,1.232098130413022
c_uint(0),-123972588789065.03,-31694492426.978096,-723.9334754734648,-0.1807578162806429,715464934847.427,8835.05467168527,1.23746049006407
c_uint(0),-237484492154679.4,-60009692412.622246,-660.8405907216371,-0.16473139193291123,880214165954.1044,8834.791040208394,1.2432125635519076
c_uint(1),-161345921730284.2,0.0,754.5738160580328,0.00311486178588133,880214165954.1044,49194.61436639051,1.2432125635519076
