particle_id,x,y,vx,vy,time,energy,faug
c_uint(0),-57247693328137.19,0.0,684.6364858064471,489.6719611522254,312311771473.5799,49126.19313301536,1.2565716956630069
c_uint(0),-4053833085785.9224,33434352746533.82,789.804496761906,401.0989311807538,384227419201.0384,46952.31089134986,1.247309454251833
c_uint(0),64147135067750.94,62823052436277.914,745.2916622562034,292.90329014643623,472702994732.8769,45742.53730162518,1.243724021302472
c_uint(0),142583957430177.94,92468815872738.61,699.577414045755,257.0871610338335,581551732289.3479,45742.972949673276,1.2434428974347842
c_uint(0),233683895904671.88,125335685274974.42,663.3867360227157,235.84612317824545,715464934847.427,45743.155937637086,1.2453076475465
c_uint(1),-131146888840999.3,0.0,744.180121851481,201.21439865495145,715464934847.427,47723.36064200787,1.2453076475465
c_uint(0),340279735544396.56,162803910913302.53,632.3495867938154,220.16120181579103,880214165954.1044,45743.22788474738,1.248698853386057
c_uint(1),5428925195796.573,27134296463487.707,962.847772566968,-48.34206663443138,880214165954.1044,40007.51607627631,1.248698853386057
