particle_id,x,y,vx,vy,time,energy,faug
c_uint(0),-131146888840999.3,0.0,788.164015277592,14.265919993087488,715464934847.427,61280.73237540116,1.231723958797996
c_uint(1),-131146888840999.3,0.0,787.1835039171375,12.887235673202097,715464934847.427,60489.691490807774,1.231723958797996
c_uint(0),-428327957182852.75,6354659695951.584,-22630.22939879105,255.6235117887078,880214165954.1044,255926433.50336763,1.2370475549128905
c_uint(1),-516449205499112.94,71055627848.07275,-27293.813892212576,-70.23458135646088,880214165954.1044,372321290.2237828,1.2370475549128905
