particle_id,x,y,vx,vy,time,energy,faug
c_uint(0),-161345921730284.2,0.0,777.4567598213004,0.0051956349709435,880214165954.1044,66723.29913076328,1.2370236741941256
