particle_id,x,y,vx,vy,time,energy,faug
c_uint(0),-86647890183828.8,0.0,437.0359862403599,700.6506024730983,472702994732.8769,63681.39772212494,1.3858825782346915
c_uint(0),-34339000416715.426,74399962840634.0,515.8620250243298,650.2746351564892,581551732289.3479,63253.91882536543,1.3087322093061904
c_uint(0),35715074452385.266,155648065507244.8,521.2560348036953,571.8200872877027,715464934847.427,63154.65464388908,1.2805532909112887
c_uint(0),120132340523894.4,245391747966700.88,503.2882013441012,522.6975078041855,880214165954.1044,63154.99304635488,1.2683566114435978
c_uint(1),-161345921730284.2,0.0,658.8138802524803,407.81889142581053,880214165954.1044,64679.78092990164,1.2683566114435978
