particle_id,x,y,vx,vy,time,energy,faug
c_uint(0),-57247693328137.19,0.0,877.0115779918001,3.4980939663232298,312311771473.5799,79454.09181151364,1.2079927520005314
c_uint(0),-16496795850221.576,-2829218575925.194,-957.6381114811214,-152.09679177581205,384227419201.0384,45873.62485661055,1.2118249503670857
c_uint(0),-90660119999551.22,-14528722099094.791,-785.8747071980995,-123.73133208986626,472702994732.8769,43073.57748989499,1.215877287995509
c_uint(0),-172841915441711.72,-27460199913394.13,-730.0885621345008,-114.83395106652968,581551732289.3479,43074.007027109066,1.2201716046720659
c_uint(0),-267708913804917.78,-42377647909337.57,-689.6875512798226,-108.42776205100428,715464934847.427,43074.17030858202,1.224732928597173
c_uint(0),-378397115350563.6,-59776427343462.14,-655.968952944795,-103.09598319351005,880214165954.1044,43074.24002389665,1.2295900896852363
c_uint(1),-161345921730284.2,0.0,793.9993547680656,1.1416173957847098,880214165954.1044,79721.93175253982,1.2295900896852363
