particle_id,x,y,vx,vy,time,energy,faug
c_uint(0),-161345921730284.2,0.0,799.5822603105055,3.4780925756503063,880214165954.1044,84175.73648695933,1.2295915531808754
