particle_id,x,y,vx,vy,time,energy,faug
c_uint(0),-161345921730284.2,0.0,801.8836890217309,0.0029076602710373903,880214165954.1044,86012.51778512564,1.2295898215728596
