particle_id,x,y,vx,vy,time,energy,faug
c_uint(0),-57247693328137.19,0.0,876.7732040934719,19.875961179768947,312311771473.5799,79436.4721395577,1.208057246329243
c_uint(0),-9856770279145.986,-12890428746282.783,-646.9302410597273,-730.599886375614,384227419201.0384,47265.65534048295,1.2118699537007642
c_uint(0),-60128404284144.98,-68956751436294.375,-533.4069782432415,-592.8006889130364,472702994732.8769,44347.64183888864,1.2159087575632346
c_uint(0),-115939675552521.28,-130918876017462.97,-496.0248949217617,-550.2962509215715,581551732289.3479,44348.07228002118,1.220193660539296
c_uint(0),-180412936104827.84,-202413146273731.94,-468.8485952207544,-519.7147631362219,715464934847.427,44348.2358897136,1.2247484246115927
c_uint(1),-131146888840999.3,0.0,812.8699112824177,9.830505383494572,715464934847.427,81004.7824017187,1.2247484246115927
c_uint(0),-255676437142445.47,-285818478230974.75,-446.12668626960266,-494.2708019948563,880214165954.1044,44348.30562052262,1.2296010057309665
c_uint(1),-25807879958035.14,-12475316135577.43,-887.6494259350104,-379.1271125421029,880214165954.1044,48041.4183369095,1.2296010057309665
