particle_id,x,y,vx,vy,time,energy,faug
c_uint(0),-70430049302651.48,0.0,866.5279384936003,68.44277361406657,384227419201.0384,86576.97447057575,1.2125844560101182
c_uint(0),11238729512329.094,-11411954090687.904,465.5726051510184,-901.660735299097,472702994732.8769,62819.3955711099,1.2164075462966617
c_uint(0),51584668234997.5,-95868908414899.11,340.0171442754831,-725.3608807491551,581551732289.3479,58945.100041094556,1.2205428406209293
c_uint(1),-106600193349945.23,0.0,834.6163563370995,52.58832608876573,581551732289.3479,86326.62902691658,1.2205428406209293
c_uint(0),95119945132242.7,-189188933886662.3,313.34814620167066,-673.9115497405419,715464934847.427,58945.51123702564,1.224993558289605
c_uint(1),8904071379059.121,-19754881941454.203,163.69546579344617,-992.7717280998884,715464934847.427,60003.776606872154,1.224993558289605
c_uint(0),145112195259334.47,-296934807774982.7,294.9681236133828,-636.7950732176105,880214165954.1044,58945.67027010635,1.2297735949893909
c_uint(1),26906572821385.28,-155065125350341.97,95.56275470218719,-759.0850161897166,880214165954.1044,55503.2705639124,1.2297735949893909
