particle_id,x,y,vx,vy,time,energy,faug
c_uint(0),-161345921730284.2,0.0,793.5176754978587,0.3143360711224111,880214165954.1044,79338.99248869368,1.229589837906763
