particle_id,x,y,vx,vy,time,energy,faug
c_uint(0),-70430049302651.48,0.0,484.9316520940652,746.5252041868108,384227419201.0384,105028.72759001772,1.3169094818172882
c_uint(0),-23712344080073.707,64414289902253.63,561.0527023350984,693.2252443024651,472702994732.8769,104598.24512090185,1.2688770836736205
c_uint(0),37788825410509.98,135350271069903.08,561.3582141632407,619.288354785793,581551732289.3479,104539.97984882741,1.2491349577228072
c_uint(0),111743761154480.86,214984246613056.2,543.2795796061137,574.6964619935209,715464934847.427,104540.28298121496,1.2401751118836772
c_uint(1),-131146888840999.3,0.0,742.5901601863683,406.76629581859424,715464934847.427,109027.19935932654,1.2401751118836772
c_uint(0),199646433670467.5,306842904873205.9,524.5981750223991,542.9168905537033,880214165954.1044,104540.3761259485,1.236600666636908
c_uint(1),1339864579190.4653,62204395501879.52,863.8489225674002,290.3769957885731,880214165954.1044,105658.5138578167,1.236600666636908
