particle_id,x,y,vx,vy,time,energy,faug
c_uint(0),-37823175895448.43,0.0,943.9946832177055,5.98205885173267,206342341148.24,112601.93179318297,1.1949692567487582
c_uint(0),-13137818572906.414,-4170840452295.5537,-959.500959664994,-287.38903125116616,253856538410.99423,79259.27222735249,1.1981141962692632
c_uint(0),-64016187342929.27,-19352721307019.08,-826.7260574376702,-246.39296992463028,312311771473.5799,77413.88572806952,1.2014168981810156
c_uint(0),-121513426202962.52,-36482169616920.32,-777.4992124432941,-231.5678074471592,384227419201.0384,77414.32135958876,1.2048908234095548
c_uint(0),-188609377368303.78,-56462314943863.445,-741.813897610178,-220.87061647569752,472702994732.8769,77414.46698568377,1.2085511673114298
c_uint(0),-267644774247751.34,-79992172572218.36,-712.1186150701499,-211.98865116601937,581551732289.3479,77414.55051457888,1.2124151315360985
c_uint(0),-361147665031559.1,-107824799814417.22,-685.6690779301513,-204.08790569405386,715464934847.427,77414.60876168092,1.216502259464394
c_uint(0),-472000610483968.25,-140818176278631.94,-661.1404367321428,-196.76739401943445,880214165954.1044,77414.65162164831,1.2208348496731234
