particle_id,x,y,vx,vy,time,energy,faug
c_uint(0),-161345921730284.2,0.0,821.861359704301,75.93056036231721,880214165954.1044,105114.56470731739,1.2217063752118704
