particle_id,x,y,vx,vy,time,energy,faug
c_uint(0),-131146888840999.3,0.0,851.1049336883211,0.11074735178935685,715464934847.427,112767.52685631716,1.2165018154452174
c_uint(0),-34638875799167.164,-182566781168.84915,-962.7640959037835,-4.655017452483662,880214165954.1044,79190.6305699267,1.2208345383454864
