particle_id,x,y,vx,vy,time,energy,faug
c_uint(0),-161345921730284.2,0.0,824.2853671538384,0.036619698433654466,880214165954.1044,104226.97634381859,1.22083453736511
