particle_id,x,y,vx,vy,time,energy,faug
c_uint(0),-86647890183828.8,0.0,912.3654361458853,3.944072773372419,472702994732.8769,138938.6601064817,1.1999964984575966
c_uint(0),-28102865305601.37,-5624787207225.305,-967.4521023707106,-181.47496950986303,581551732289.3479,105405.40964326297,1.2033962560822897
c_uint(1),-106600193349945.23,0.0,905.4223000467091,3.468553140820244,581551732289.3479,146552.4180151811,1.2033962560822897
c_uint(0),-143902802053795.75,-27242093577371.457,-816.7895688046104,-152.25076905494473,715464934847.427,103160.97775886185,1.2069757152327154
c_uint(1),-33954059371329.24,-5923778241192.056,-968.1725748595899,-158.0220832666253,715464934847.427,112990.32619150175,1.2069757152327154
c_uint(0),-273659927184487.28,-51417800249351.766,-764.019981630007,-142.30246137267994,880214165954.1044,103161.33910072962,1.2107512052326124
c_uint(1),-175998830451080.0,-28989546420819.938,-813.276387243039,-131.8574963595186,880214165954.1044,110647.0890608689,1.2107512052326124
c_uint(2),-161345921730284.2,0.0,871.4261679091928,2.0302697724667254,880214165954.1044,144197.6364774733,1.2107512052326124
