particle_id,x,y,vx,vy,time,energy,faug
c_uint(0),-70430049302651.48,0.0,933.244032936044,0.020511263554810776,384227419201.0384,144271.64646132017,1.196759568350814
c_uint(0),-24911908138437.54,-26160302303.60283,-995.0124604989305,-0.9868861639364034,472702994732.8769,110736.15814858855,1.1999948181644204
c_uint(0),-122691232382427.22,-122766589508.78471,-851.6696793996252,-0.8404184278067091,581551732289.3479,108769.8831016327,1.2033950883360318
c_uint(0),-232878482638635.22,-231455308966.14752,-799.5080943701788,-0.78841884239201,715464934847.427,108770.25118769109,1.20697490225437
c_uint(0),-361256281575811.44,-358030180331.44025,-761.7101748632934,-0.7509090797809292,880214165954.1044,108770.35873482015,1.210750638168963
