particle_id,x,y,vx,vy,time,energy,faug
c_uint(0),-131146888840999.3,0.0,193.65213493770426,867.8070991590469,715464934847.427,145872.87200791374,1.6855282765082178
c_uint(0),-92965747509931.28,140635056630602.0,260.6066462930793,829.9806409974849,880214165954.1044,145844.92959938748,1.3430470543356405
c_uint(1),-161345921730284.2,0.0,537.1088803301727,687.0011731719758,880214165954.1044,144732.07305594982,1.3430470543356405
