particle_id,x,y,vx,vy,time,energy,faug
c_uint(0),-86647890183828.8,0.0,913.648721613039,0.7305053433289941,472702994732.8769,140102.79778622364,1.1999948823471422
c_uint(0),-28793288775388.246,-1057788256063.6753,-984.1464373358269,-33.95658636011749,581551732289.3479,106510.47062287724,1.2033951329409982
c_uint(0),-146662650961730.8,-5105880787317.88,-831.5631686359554,-28.518273957174028,715464934847.427,104287.74190226401,1.206974933308177
c_uint(0),-278781054453632.03,-9634820222962.016,-777.9965235456328,-26.660921798473034,880214165954.1044,104288.1023108321,1.2107506598294617
