particle_id,x,y,vx,vy,time,energy,faug
c_uint(0),-161345921730284.2,0.0,876.317374983768,0.760783091936527,880214165954.1044,148470.1526660258,1.2107507259603008
