particle_id,x,y,vx,vy,time,energy,faug
c_uint(0),-131146888840999.3,0.0,879.4691391987003,0.05339028129795581,715464934847.427,137310.70147624097,1.2069749027037937
c_uint(0),-38736443218113.54,-100813692601.51581,-970.2549795782979,-2.344381941790122,880214165954.1044,103680.17086241284,1.2107506384824427
