particle_id,x,y,vx,vy,time,energy,faug
c_uint(0),-70430049302651.48,0.0,932.8821363674602,0.009102723761700288,384227419201.0384,143933.97396378632,1.1967595683058514
c_uint(0),-24884422887231.223,-11592976883.104801,-994.8118347346359,-0.4376925022191911,472702994732.8769,110397.16999502241,1.199994818133224
c_uint(1),-86647890183828.8,0.0,911.7798189921277,0.006711230281073025,472702994732.8769,138396.75689780404,1.199994818133224
c_uint(0),-122628183249296.67,-54431207138.405174,-851.3072629253451,-0.3726433473330882,581551732289.3479,108426.43761610799,1.2033950883143514
c_uint(1),-28638533580532.797,-9645679394.444887,-983.8106550975009,-0.311049732852654,581551732289.3479,104797.90626357473,1.2033950883143514
c_uint(0),-232764966987695.34,-102622410321.00734,-799.1197554344824,-0.3495650192015227,715464934847.427,108426.80598766688,1.2069749022392762
c_uint(1),-146353776472332.16,-46688354141.93776,-830.1796016523218,-0.26086245411085185,715464934847.427,102549.19800205089,1.2069749022392762
c_uint(0),-361077150869192.2,-158741064762.5973,-761.3032680448313,-0.33291773185865425,880214165954.1044,108426.91376101514,1.2107506381584348
c_uint(1),-278228385168884.22,-88107740265.00204,-776.4400584611119,-0.24378844385942083,880214165954.1044,102549.55970746954,1.2107506381584348
