particle_id,x,y,vx,vy,time,energy,faug
c_uint(0),-131146888840999.3,0.0,936.7585903156676,0.023733878852385207,715464934847.427,189336.04519627526,1.1962109873178368
c_uint(1),-131146888840999.3,0.0,942.659996018993,0.022035436287592483,715464934847.427,194881.65093957263,1.1962109873178368
c_uint(0),42320056651007.734,-4297395795.415784,876.2415926359265,-0.16254894772916711,880214165954.1044,29383.73063570785,1.1994188025011558
c_uint(1),57038135892778.49,-4041069921.0793576,1294.6480434449252,-0.1423997426871556,880214165954.1044,519473.52763253095,1.1994188025011558
