particle_id,x,y,vx,vy,time,energy,faug
c_uint(0),-161345921730284.2,0.0,923.3664135146838,0.2338053852870417,880214165954.1044,190806.58655731252,1.1994188084019093
