particle_id,x,y,vx,vy,time,energy,faug
c_uint(0),-161345921730284.2,0.0,923.9457796969389,1.1411992614560083,880214165954.1044,191342.34549911768,1.199418957778786
