particle_id,x,y,vx,vy,time,energy,faug
c_uint(0),-161345921730284.2,0.0,912.1294537950118,93.4954281784288,880214165954.1044,184864.5602066756,1.2005226324142493
