particle_id,x,y,vx,vy,time,energy,faug
c_uint(0),-70430049302651.48,0.0,985.313970070369,0.412495624346659,384227419201.0384,194221.32862983423,1.1874432655557319
c_uint(0),-28852692544051.61,-640164119459.6959,-1027.194819838817,-21.78379640777729,472702994732.8769,160943.88077631465,1.1902339742634434
c_uint(0),-131806558773205.16,-2818121183211.462,-903.7848212046757,-19.103169720670103,581551732289.3479,159525.96047927742,1.1931531600069716
c_uint(0),-249234317657163.38,-5299468345490.174,-855.1295854610845,-18.066051756471968,715464934847.427,159526.28369810904,1.196210992635351
c_uint(0),-386996747302174.06,-8209565375605.588,-819.8380234067627,-17.316584209356666,880214165954.1044,159526.37024644006,1.1994188061895472
