particle_id,x,y,vx,vy,time,energy,faug
c_uint(0),-131146888840999.3,0.0,935.3083673649114,7.523412378291546,715464934847.427,188006.88854784347,1.196216846209876
c_uint(0),-43145829324847.41,-17341886266324.588,-932.698527453916,-352.01733040386165,880214165954.1044,154714.8778489622,1.199422866351082
c_uint(1),-161345921730284.2,0.0,911.2251147044512,5.447739657558387,880214165954.1044,179684.23618910677,1.199422866351082
