particle_id,x,y,vx,vy,time,energy,faug
c_uint(0),-161345921730284.2,0.0,778.3054913912953,604.9913844080058,880214165954.1044,250390.79899022897,1.228626270801193
