particle_id,x,y,vx,vy,time,energy,faug
c_uint(0),-57247693328137.19,0.0,1051.803043275073,1.792037247646664,312311771473.5799,248019.7461350822,1.1747757924897688
c_uint(0),-27410755912436.066,-2820822281395.2896,-1070.9327169192047,-106.46626748629686,384227419201.0384,215230.2972959528,1.1770313878898668
c_uint(0),-116211046666162.7,-11635723656323.246,-966.3556032254754,-95.87433444336612,472702994732.8769,214304.84274243726,1.17937666116566
c_uint(0),-218718377696890.6,-21803735019621.984,-921.7875444714398,-91.42268507938775,581551732289.3479,214305.12723613702,1.181817704482511
c_uint(0),-339831343830279.7,-33814672577587.19,-889.409221191657,-88.19813753926668,715464934847.427,214305.21598733484,1.184361210116896
c_uint(0),-484017631472842.94,-48112179373202.42,-862.5432633001893,-85.5263186927579,880214165954.1044,214305.26917037164,1.1870145470019267
