particle_id,x,y,vx,vy,time,energy,faug
c_uint(0),-57247693328137.19,0.0,1046.3182834899822,3.286052290775294,312311771473.5799,242269.69376752165,1.1747766117393492
c_uint(0),-26732911427751.227,-5051122745615.451,-1054.653505523191,-192.23740035116074,384227419201.0384,209471.9757075688,1.1770319503894777
c_uint(0),-114078356043017.95,-20946946027648.56,-950.0125042076278,-172.79124998954907,472702994732.8769,208511.92262096575,1.179377047771621
c_uint(0),-214819670214228.38,-39266360385870.54,-905.6612717233967,-164.66789532791694,581551732289.3479,208512.21204906618,1.1818179704807723
c_uint(1),-106600193349945.23,0.0,1004.886951040245,2.1147146549462414,581551732289.3479,241552.76006831496,1.1818179704807723
c_uint(0),-333784689320010.75,-60894726225607.484,-873.4437329368413,-158.78498856502716,715464934847.427,208512.30141479144,1.1843613933393233
c_uint(1),-45607814732067.516,-5302969138112.002,-1034.7096596141605,-115.36629044064952,715464934847.427,208420.59794078756,1.1843613933393233
c_uint(0),-475352100442853.2,-86629198692022.03,-846.7080934327264,-153.9101745383363,880214165954.1044,208512.35503074893,1.187014673357948
c_uint(1),-203507100785739.34,-22870655361804.5,-918.0771217556414,-102.0681655624521,880214165954.1044,207167.50148864253,1.187014673357948
