particle_id,x,y,vx,vy,time,energy,faug
c_uint(0),-161345921730284.2,0.0,981.5712509028908,0.3091880719740038,880214165954.1044,246244.9005195133,1.1870145158129979
