particle_id,x,y,vx,vy,time,energy,faug
c_uint(0),-131146888840999.3,0.0,997.3444600856614,8.092660845364277,715464934847.427,247958.4482610872,1.1843675155458722
c_uint(0),-50103774984574.87,-23245318870307.188,-948.1003461987921,-418.6823763794823,880214165954.1044,215042.8115506065,1.1870188953572367
