particle_id,x,y,vx,vy,time,energy,faug
c_uint(0),-131146888840999.3,0.0,986.9310022262006,46.02777763808621,715464934847.427,238653.39638428544,1.1845279204397106
c_uint(0),15155174797259.678,-47551367431147.64,199.61839290992575,-1024.635320444026,880214165954.1044,211279.2741228504,1.187129465889012
