particle_id,x,y,vx,vy,time,energy,faug
c_uint(0),-131146888840999.3,0.0,1071.9941378707533,0.05474104736398883,715464934847.427,325163.43396244955,1.1716628279357837
c_uint(0),-66000206387847.65,-210841972299.86218,-1092.1278073425453,-3.3800994733103953,880214165954.1044,292524.68990666047,1.1737986504159357
