particle_id,x,y,vx,vy,time,energy,faug
c_uint(0),-106600193349945.23,0.0,1071.5999866579757,0.28152470557557796,581551732289.3479,310814.9372045662,1.1696038642012063
c_uint(1),-106600193349945.23,0.0,1076.3772025053893,0.299244165530193,581551732289.3479,315945.6176839984,1.1696038642012063
c_uint(0),-279467837792756.5,-21322776200188.445,-7426.553417150368,-564.0138049471207,715464934847.427,27537517.212631218,1.1716628315681725
c_uint(1),105129134058748.12,-136256630031.3016,2355.2794553673066,-2.9532558405163347,715464934847.427,2509271.488694421,1.1716628315681725
c_uint(0),-1501405692652179.8,-114123211958951.72,-7411.412781580184,-562.8613861530974,880214165954.1044,27537519.58174304,1.1737986529065285
c_uint(1),488607580886967.56,-616979850784.5962,2310.972253030574,-2.8967502816781403,880214165954.1044,2509261.9733642475,1.1737986529065285
