particle_id,x,y,vx,vy,time,energy,faug
c_uint(0),-46532672117113.83,0.0,1139.095758722263,0.20789184714549228,253856538410.99423,329716.78991498833,1.1620516900032252
c_uint(0),-26812551712767.027,-345878836397.118,-1147.75962483302,-14.445174949811786,312311771473.5799,297674.6405988013,1.1638448278569467
c_uint(0),-105370439634531.78,-1333768263581.0374,-1059.4309341410471,-13.318361384101047,384227419201.0384,297162.4037499252,1.1656988373797423
c_uint(0),-197127000572063.2,-2487123513328.007,-1018.9329744469687,-12.806659609120215,472702994732.8769,297162.6458912269,1.1676172423896178
c_uint(0),-306314064756708.94,-3859391132259.3394,-989.4419884834205,-12.43485138726557,581551732289.3479,297162.7387812808,1.1696038591032294
c_uint(0),-437080056242765.7,-5502748834984.064,-964.9990609639524,-12.127008815925114,715464934847.427,297162.79466397176,1.1716628280758088
c_uint(0),-594190694027887.5,-7477097621158.374,-943.3757025000431,-11.854844797572744,880214165954.1044,297162.83121176716,1.1737986505119458
