particle_id,x,y,vx,vy,time,energy,faug
c_uint(0),-70430049302651.48,0.0,1118.5658776495836,0.08278991667630642,384227419201.0384,334394.2484936749,1.1656988366691832
c_uint(0),-39007107158065.16,-196699943315.46182,-1130.407622251484,-5.550788896740584,472702994732.8769,302163.3304093414,1.1676172419036606
c_uint(0),-155755121381593.97,-769450365445.7445,-1038.6769259855344,-5.093761510561239,581551732289.3479,301572.1254694792,1.1696038587706088
c_uint(0),-291784983090004.0,-1436463356812.111,-997.2388592857683,-4.889443474202958,715464934847.427,301572.3368526115,1.1716628278479473
c_uint(0),-453413221088463.2,-2228877553383.8945,-967.0807529432558,-4.741091756149147,880214165954.1044,301572.4064098852,1.1737986503557096
