particle_id,x,y,vx,vy,time,energy,faug
c_uint(0),-86647890183828.8,0.0,1095.7513392502967,0.03912903653127947,472702994732.8769,323061.03721457545,1.16761724171244
c_uint(0),-45838749980471.17,-106994807049.77625,-1111.4251590803365,-2.5202753573106635,581551732289.3479,290626.3215270055,1.169603858639725
c_uint(0),-186527964798186.28,-425677190536.2308,-1015.5620456669992,-2.299446897511878,715464934847.427,289935.3731727266,1.1716628277582855
c_uint(0),-349973018286429.0,-795695387627.7625,-973.0328783785069,-2.202590727279142,880214165954.1044,289935.5805790485,1.173798650294232
