particle_id,x,y,vx,vy,time,energy,faug
c_uint(0),-106600193349945.23,0.0,1088.652034122111,0.16694754342867085,581551732289.3479,329233.27150864527,1.1696038607766255
c_uint(0),-55569608833715.17,-549820602917.0581,-1105.5564497007335,-10.618413296559021,715464934847.427,296736.78526026034,1.1716628292221671
c_uint(1),-131146888840999.3,0.0,1067.4544709969198,0.1492312365853857,715464934847.427,320307.2516101664,1.1716628292221671
c_uint(0),-227524418304266.7,-2199497819153.4697,-1008.3268212767654,-9.669362173871537,880214165954.1044,296011.89033314795,1.1737986512979606
c_uint(1),-65353428225021.88,-566762162628.9116,-1088.470331828492,-9.14003447182218,880214165954.1044,287630.68985217443,1.1737986512979606
