particle_id,x,y,vx,vy,time,energy,faug
c_uint(0),-106600193349945.23,0.0,222.51870939477493,1068.635243476543,581551732289.3479,332399.5616892427,1.3959639298580415
c_uint(0),-72015217606957.6,140997437153661.4,282.4427817359479,1028.852201936377,715464934847.427,332388.38346859557,1.2566581693710734
c_uint(0),-24093747933793.23,306186888596526.44,294.85700148303846,980.9754702804888,880214165954.1044,332388.7015369786,1.2197130081932226
