particle_id,x,y,vx,vy,time,energy,faug
c_uint(0),-46532672117113.83,0.0,1089.865829691326,261.56354966759267,253856538410.99423,309058.70315769094,1.1670399336672843
c_uint(0),21654762025823.934,9831127672838.014,1158.5295653607154,-36.093623366523296,312311771473.5799,299731.199613458,1.1672004233074835
c_uint(0),100589744586320.67,6089458245035.053,1062.51634055465,-56.6767718462904,384227419201.0384,298950.7303602885,1.1679692274062448
c_uint(0),192547804451620.62,997045608718.9574,1020.6750001138047,-57.926349248403184,472702994732.8769,298950.9979771366,1.1691596724513813
c_uint(0),301889436786537.06,-5301924666434.02,990.6267024133838,-57.714768786508365,581551732289.3479,298951.0940270939,1.1706548921766173
c_uint(0),432792387656341.6,-12991702182696.99,965.898366084245,-57.117258783718434,715464934847.427,298951.15120253875,1.1723806770231042
c_uint(0),590036381844176.0,-22339634695093.4,944.1156347961287,-56.37355646067022,880214165954.1044,298951.1883561571,1.1742898569873732
