particle_id,x,y,vx,vy,time,energy,faug
c_uint(0),-131146888840999.3,0.0,1168.787499959082,0.08808648096894581,715464934847.427,433609.8305594431,1.1584180121913863
c_uint(0),-79839921683350.98,-448062382794.91626,-1173.5288398124305,-6.441161883355418,880214165954.1044,401847.46111140074,1.1600919703870738
