particle_id,x,y,vx,vy,time,energy,faug
c_uint(0),-161345921730284.2,0.0,1130.6385161609269,23.786476943466855,880214165954.1044,403958.41777733085,1.1601224842010094
