particle_id,x,y,vx,vy,time,energy,faug
c_uint(0),-57247693328137.19,0.0,781.5684496365357,1.1982681879060795,312311771473.5799,298.65817193541443,1.2345363555182447
c_uint(0),-10534217248187.076,-575301975587.459,-975.1427541333142,-46.74324172223841,384227419201.0384,-32620.667060963693,1.2400734712008963
c_uint(0),-78696646293709.7,-3776767975458.2056,-700.4298037842968,-32.74298059190434,472702994732.8769,-37837.98337326772,1.2460222766897313
c_uint(0),-150991283712459.2,-7152410650655.404,-634.9789624464073,-29.624439863137574,581551732289.3479,-37840.68736481271,1.2524364377356236
c_uint(0),-232621546246887.1,-10958709731307.602,-587.572961115165,-27.385440170356183,715464934847.427,-37840.41258267718,1.2593799607032263
c_uint(0),-325957177020872.3,-15307322548601.133,-547.724431363784,-25.511315703768027,880214165954.1044,-37840.29678874684,1.2669299012933952
c_uint(1),-161345921730284.2,0.0,686.6895801248537,0.41342824855704235,880214165954.1044,275.16760883072857,1.2669299012933952
