particle_id,x,y,vx,vy,time,energy,faug
c_uint(0),-57247693328137.19,0.0,781.5652111089134,0.4911297197590656,312311771473.5799,295.5297270423616,1.2345360783733077
c_uint(0),-10548878062260.164,-235955797939.62415,-976.0311176025065,-19.16641337528006,384227419201.0384,-32628.433385064418,1.2400732748155021
c_uint(0),-78772575125391.47,-1548698971891.2585,-701.0553513759279,-13.426089684768417,472702994732.8769,-37845.06248084686,1.246022137052853
c_uint(0),-151131575355238.34,-2932862030732.7773,-635.5428198113707,-12.147318369661125,581551732289.3479,-37847.765839334985,1.2524363380728263
c_uint(0),-232834166803972.44,-4493609531133.912,-588.0925556347272,-11.229203623750132,715464934847.427,-37847.49105344547,1.2593798892722998
c_uint(0),-326252175540047.2,-6276724854409.519,-548.2069723248607,-10.460706597041593,880214165954.1044,-37847.375252879574,1.2669298498572097
