particle_id,x,y,vx,vy,time,energy,faug
c_uint(0),-131146888840999.3,0.0,706.6956467387506,0.00042977883764957716,715464934847.427,287.08520937126013,1.2593798761859873
c_uint(0),-10982729181367.2,-225866956.18704006,-1175.5357644336761,-0.019043584167497466,880214165954.1044,-29846.245645232033,1.2669298404339788
