particle_id,x,y,vx,vy,time,energy,faug
c_uint(0),-86647890183828.8,0.0,744.8729402221555,16.284266679694003,472702994732.8769,275.97492287226487,1.2460930951042275
c_uint(0),-8480486788801.036,-7586931628367.271,-852.4596269832347,-596.2577008617511,581551732289.3479,-30719.80694640742,1.2524869761888353
c_uint(0),-91984991860721.47,-63129505572677.81,-557.126379016662,-367.0176494547018,715464934847.427,-37791.32192328255,1.2594161796343635
c_uint(0),-178491795005718.44,-120002300078827.25,-499.30301336470944,-327.7826450632862,880214165954.1044,-37806.430266417825,1.2669559802811996
