particle_id,x,y,vx,vy,time,energy,faug
c_uint(0),-46532672117113.83,0.0,798.9460747824085,18.68285204539203,253856538410.99423,279.1342213379685,1.2294435748420156
c_uint(0),-6165059252320.597,-6747137267880.541,-726.2678534763957,-653.8243522470857,312311771473.5799,-31620.51177833299,1.2345914604519779
c_uint(0),-48736564437105.72,-44082655215613.84,-542.9788061141553,-473.2911467455298,384227419201.0384,-36444.997327334335,1.2401125143986422
c_uint(0),-94449971049209.36,-83868347085101.75,-495.44803699560157,-430.73644649125833,472702994732.8769,-36445.73449572164,1.246050035684054
c_uint(0),-146364359215900.06,-128969906812139.95,-460.9057823745517,-400.1904089723132,581551732289.3479,-36445.46495008172,1.2524562490907363
c_uint(0),-206032415044482.25,-180754332716913.3,-431.8712915565586,-374.6655305661031,715464934847.427,-36445.3568130917,1.2593941595100475
c_uint(0),-274922858615900.4,-240499536689639.75,-405.6811794304388,-351.72329123560854,880214165954.1044,-36445.2922149768,1.266940125357394
