particle_id,x,y,vx,vy,time,energy,faug
c_uint(0),-57247693328137.19,0.0,779.1698059985633,61.05194458211997,312311771473.5799,289.7827735298779,1.235108638638385
c_uint(0),5033099992475.116,-5370945925264.642,316.7412243384828,-1032.4219658891327,384227419201.0384,-23257.665415767,1.2404785352509018
c_uint(0),19901371500825.6,-73986907830011.27,141.1495316896792,-700.3688359527863,472702994732.8769,-30343.626868961204,1.2463100681761177
c_uint(0),34271155793291.87,-146317945675417.1,125.02739549498766,-635.7776432729182,581551732289.3479,-30349.646442787052,1.2526417329312867
c_uint(0),50252306658495.29,-228129089410502.1,114.52221892765762,-589.4442363224899,715464934847.427,-30349.369439897506,1.259527046815884
c_uint(0),68386280772755.0,-321865316148082.5,106.14317070714853,-550.6789925055134,880214165954.1044,-30349.256789801322,1.2670357884180157
