particle_id,x,y,vx,vy,time,energy,faug
c_uint(0),-70430049302651.48,0.0,763.5336022380578,0.0016958951705717382,384227419201.0384,291.21462034853175,1.2400732388376472
c_uint(0),-11427991945404.836,-878789757.5002658,-993.5632850151823,-0.0659513291070546,472702994732.8769,-32266.810837101308,1.2460221114713295
c_uint(0),-93975644228383.7,-6215638249.977901,-683.5891508513183,-0.04394224617168018,581551732289.3479,-38194.343541689566,1.2524363198145623
c_uint(0),-180504828258961.78,-11770458038.738638,-616.0438640245255,-0.039509616112961325,715464934847.427,-38201.268259662,1.2593798761861232
c_uint(0),-277679320745017.28,-17998692722.76013,-567.1187041557936,-0.03632950875091609,880214165954.1044,-38200.98684340541,1.2669298404340767
