particle_id,x,y,vx,vy,time,energy,faug
c_uint(0),-70430049302651.48,0.0,509.22148852601777,568.9373975380986,384227419201.0384,297.5770926370169,1.3657367465599766
c_uint(0),-21124625421703.547,48740983535838.86,600.8482943824315,510.51092833199607,472702994732.8769,-659.0291505389614,1.3162676053661304
c_uint(0),44722078462641.72,97995598415411.61,595.81154900813,409.56549782084,581551732289.3479,-1279.6302700867527,1.2964056990594939
c_uint(0),122220233289447.48,148948090053337.97,562.6303677709521,357.81661145410203,715464934847.427,-1279.2211696089362,1.2884847661043468
c_uint(0),212203420939685.56,204878046284547.38,531.3064310154261,324.13584239848666,880214165954.1044,-1278.9845770804968,1.286849740023441
c_uint(1),-161345921730284.2,0.0,642.4901374331178,242.45376173150805,880214165954.1044,292.4940596410888,1.286849740023441
