particle_id,x,y,vx,vy,time,energy,faug
c_uint(0),-30743831586062.875,0.0,833.3068164757703,0.0046891841737584546,167721351662.03262,295.0355150277028,1.2199728074956142
c_uint(0),-7508888932474.7705,-1652658536.129136,-960.9567965900721,-0.19230141465761824,206342341148.24,-33199.03736387036,1.2245217463447116
c_uint(0),-46073633346615.4,-9288339105.673388,-752.0992311098341,-0.14849250458891552,253856538410.99423,-36892.394079897844,1.2293650893484476
c_uint(0),-88085883797768.25,-17576639425.14262,-691.7760227234435,-0.13640022337108665,312311771473.5799,-36891.87528332384,1.2345360276007322
c_uint(0),-136151279848777.44,-27050453810.67868,-648.0969218420009,-0.1277046560262073,384227419201.0384,-36891.613327513565,1.2400732388379416
c_uint(0),-191782865676641.4,-38009930758.286514,-611.5428850848745,-0.12045152807463948,472702994732.8769,-36891.50169014119,1.2460221114715389
c_uint(0),-256475887925502.84,-50750000545.071365,-578.7215599962933,-0.11395206088625173,581551732289.3479,-36891.422835608886,1.2524363198147117
c_uint(0),-331828867157613.75,-65585326678.940445,-547.9957514373933,-0.10787583730976642,715464934847.427,-36891.362308876414,1.2593798761862303
c_uint(0),-419579746379538.94,-82857695750.37404,-518.4250942119418,-0.10203386985779858,880214165954.1044,-36891.31399881776,1.2669298404341538
