particle_id,x,y,vx,vy,time,energy,faug
c_uint(0),-106600193349945.23,0.0,726.228964453111,3.90222997224916,581551732289.3479,363.49997849634383,1.2523976427815176
c_uint(0),-11804127618334.67,-2143344985148.9524,-1064.5762801970766,-158.0613004414842,715464934847.427,-30868.084606642136,1.2593364328557497
c_uint(0),-131722309580661.53,-19064121378967.043,-641.3771688628734,-89.66828599470894,880214165954.1044,-38809.05005271171,1.2668814222195546
