particle_id,x,y,vx,vy,time,energy,faug
c_uint(0),-106600193349945.23,0.0,726.043273636423,17.03078883505866,581551732289.3479,366.07335431838874,1.2524599207091758
c_uint(0),-7946057453347.166,-7838002718017.758,-890.384228451016,-649.8000612599243,715464934847.427,-29726.74114468845,1.2593810621733295
c_uint(0),-108634242847608.78,-76101458027597.42,-539.4367585102536,-361.17928771899744,880214165954.1044,-38025.728769997455,1.2669135552000994
