particle_id,x,y,vx,vy,time,energy,faug
c_uint(0),-161345921730284.2,0.0,684.3577170304247,58.2969038036427,880214165954.1044,375.79934744143975,1.2677789934749835
