particle_id,x,y,vx,vy,time,energy,faug
c_uint(0),-161345921730284.2,0.0,660.5306714310243,188.18897748840993,880214165954.1044,361.7219959748909,1.276601968468855
