particle_id,x,y,vx,vy,time,energy,faug
c_uint(0),-161345921730284.2,0.0,677.6641524312233,111.93245964973765,880214165954.1044,382.58192813262576,1.2705814000109268
