particle_id,x,y,vx,vy,time,energy,faug
c_uint(0),-106600193349945.23,0.0,287.394148210281,666.9892088885658,581551732289.3479,386.63247345318086,1.860287116875628
c_uint(0),-62472874391135.86,87457422564114.64,365.4219171061155,626.5490421689888,715464934847.427,163.08861322101438,1.4307223463980936
c_uint(0),350859393232.9009,184046136423477.5,387.37270735442786,550.8517610313096,880214165954.1044,97.3744493557897,1.3585750203653069
