particle_id,x,y,vx,vy,time,energy,faug
c_uint(0),-131146888840999.3,0.0,707.0221529075595,0.008694177490193774,715464934847.427,517.8790383430314,1.2592728868861867
c_uint(0),-11050979634796.174,-4593012671.724845,-1173.1534736624576,-0.3844088562215217,880214165954.1044,-29641.625515081803,1.2668132381519415
