particle_id,x,y,vx,vy,time,energy,faug
c_uint(0),-131146888840999.3,0.0,707.0005923368365,0.005214431860518463,715464934847.427,502.63544544239994,1.2592728868737277
c_uint(0),-11046478454554.13,-2753767633.4126644,-1173.309707111258,-0.2305862262177659,880214165954.1044,-29655.261034653056,1.2668132381429706
