particle_id,x,y,vx,vy,time,energy,faug
c_uint(0),-161345921730284.2,0.0,687.0070967356762,0.09786312913809836,880214165954.1044,493.17269253576524,1.2668132406366102
