particle_id,x,y,vx,vy,time,energy,faug
c_uint(0),-106600193349945.23,0.0,726.3991709820631,4.108419206786039,581551732289.3479,487.94922970281914,1.2523410076262982
c_uint(0),-11803594877519.254,-2258578085326.2188,-1062.8547206736116,-166.26986257642486,715464934847.427,-30744.708611137,1.2592752634012583
c_uint(0),-131611592974799.47,-20071606653174.69,-640.8726694649968,-94.40950887088344,880214165954.1044,-38676.27832915264,1.2668149493078862
