particle_id,x,y,vx,vy,time,energy,faug
c_uint(0),-106600193349945.23,0.0,648.1536970739514,327.9777057714559,581551732289.3479,487.92713066888973,1.2795570408650125
c_uint(0),-11318588159054.846,40903597084826.48,792.473076858538,225.0711287941241,715464934847.427,-2922.4053920883453,1.2778443710300615
c_uint(0),112485028581567.2,56896693539040.56,698.6095695969135,42.54866443508433,880214165954.1044,-7318.922931937879,1.2797591922510565
