particle_id,x,y,vx,vy,time,energy,faug
c_uint(0),-161345921730284.2,0.0,410.20821056914957,551.0780918901872,880214165954.1044,482.7121111851011,1.413627429031797
