particle_id,x,y,vx,vy,time,energy,faug
c_uint(0),-131146888840999.3,0.0,707.1724954321623,0.01335865686523725,715464934847.427,624.1858866311377,1.2591935165810446
c_uint(0),-11082349707672.945,-7074047521.422738,-1172.0682636928777,-0.5900662297470172,880214165954.1044,-29546.43215868587,1.2667267419305952
