particle_id,x,y,vx,vy,time,energy,faug
c_uint(0),-86647890183828.8,0.0,745.5681020580716,0.24598284441954765,472702994732.8769,661.465371642611,1.2458630834095552
c_uint(0),-12068957153236.525,-134873541000.5214,-1022.2020654116908,-9.657347872719415,581551732289.3479,-31396.34510230052,1.2522645298690458
c_uint(0),-112021625896817.38,-1046631903119.7832,-666.1282011284699,-6.033452263949684,715464934847.427,-38174.16808678719,1.2591935237791927
c_uint(1),-131146888840999.3,0.0,707.2478432557295,0.17265048057511356,715464934847.427,677.4874485631299,1.2591935237791927
c_uint(0),-215400378144458.03,-1981538101307.5054,-596.4455878414828,-5.387946730511065,880214165954.1044,-38188.19881442175,1.2667267471131993
c_uint(1),-11097562205119.504,-91533765933.70859,-1171.5070036364468,-7.622383448971026,880214165954.1044,-29498.546752396855,1.2667267471131993
c_uint(2),-161345921730284.2,0.0,687.2031378640462,0.12240411825835605,880214165954.1044,627.8762578280875,1.2667267471131993
