particle_id,x,y,vx,vy,time,energy,faug
c_uint(0),-161345921730284.2,0.0,687.2174753315429,0.11216750549553019,880214165954.1044,637.7279126529174,1.266726745170092
