particle_id,x,y,vx,vy,time,energy,faug
c_uint(0),-131146888840999.3,0.0,707.1660175803668,9.825121255448481,715464934847.427,667.8713636083994,1.259213602232776
c_uint(0),-9532990169604.346,-4843904606670.165,-1107.6584195775163,-427.6578034318993,880214165954.1044,-29054.671405832516,1.2667412029212153
