particle_id,x,y,vx,vy,time,energy,faug
c_uint(0),-37823175895448.43,0.0,754.9562980965953,311.8214719189613,206342341148.24,616.8795001934632,1.243115793748323
c_uint(0),1387443248343.148,13263542300291.486,905.5177762968482,155.89462810022388,253856538410.99423,-4336.7340522391605,1.2419138557738794
c_uint(0),50014531360070.125,16235402188796.045,778.1290802193545,16.778327597419214,312311771473.5799,-7961.198471987329,1.2431256374926467
c_uint(0),103506860960559.44,16809247782624.379,716.2227713209365,2.367839658633092,384227419201.0384,-7962.7699253296305,1.2460036249287514
c_uint(0),164771505953163.28,16726638569875.293,671.9709098167858,-3.3638330801589946,472702994732.8769,-7962.503829878289,1.2501344121588551
c_uint(0),235806647482402.9,16172448065125.51,635.383752077408,-6.439036662803803,581551732289.3479,-7962.400099228398,1.2552886765729445
c_uint(0),318604874126022.06,15170869478061.402,602.828210435402,-8.313276089781462,715464934847.427,-7962.329926165432,1.26134899736275
c_uint(0),415317990556429.5,13691191126008.848,572.5653672195531,-9.522767121966991,880214165954.1044,-7962.277301694936,1.2682728632303677
