particle_id,x,y,vx,vy,time,energy,faug
c_uint(0),-131146888840999.3,0.0,266.7145473734153,655.0322283553714,715464934847.427,679.651631933084,1.461956188170809
c_uint(0),-80280212293888.12,105703797949477.38,344.90396485663524,615.9398239406387,880214165954.1044,472.68655271371244,1.369669712768478
