particle_id,x,y,vx,vy,time,energy,faug
c_uint(0),-70430049302651.48,0.0,764.2698150416384,0.02717202206808832,384227419201.0384,853.6092066476122,1.2398430815952906
c_uint(0),-11492618528146.719,-14160821501.49739,-992.6644516946052,-1.0566101387321591,472702994732.8769,-31722.465876963222,1.245774435092055
c_uint(1),-86647890183828.8,0.0,745.823014476449,0.02256859635235857,472702994732.8769,851.5224306646269,1.245774435092055
c_uint(0),-94095608413436.84,-99822429647.99643,-684.3043428530183,-0.7056141767703838,581551732289.3479,-37618.49960172636,1.2521687832648747
c_uint(1),-12098824329931.787,-12403572408.232668,-1021.7284808325945,-0.88583499048777,581551732289.3479,-31214.820917219447,1.2521687832648747
c_uint(0),-180726961564608.88,-189033097923.82468,-616.8439065099288,-0.6346047470515164,715464934847.427,-37625.20425674846,1.2590896757955867
c_uint(1),-112077227791092.19,-96109116210.2347,-666.4015163472029,-0.5540085237893672,715464934847.427,-37979.29963828105,1.2590896757955867
c_uint(0),-278038643856651.34,-289082915777.39545,-567.9802255570079,-0.5836586260206372,880214165954.1044,-37624.923709891504,1.2666135853350091
c_uint(1),-215503659320207.66,-181959483656.40677,-596.7472871347503,-0.494786526216819,880214165954.1044,-37993.20500209456,1.2666135853350091
