particle_id,x,y,vx,vy,time,energy,faug
c_uint(0),-161345921730284.2,0.0,687.5569486229406,0.015466820872267124,880214165954.1044,871.0713408041629,1.2666135853589862
c_uint(1),-161345921730284.2,0.0,687.4708401121567,0.014398395808608624,880214165954.1044,811.8705272625084,1.2666135853589862
