particle_id,x,y,vx,vy,time,energy,faug
c_uint(0),-161345921730284.2,0.0,687.5095406631726,0.0845594039913388,880214165954.1044,838.4802479381033,1.2666135869779027
