particle_id,x,y,vx,vy,time,energy,faug
c_uint(0),-131146888840999.3,0.0,707.434545145827,6.83085975967009,715464934847.427,832.8648048981267,1.2591000139969775
c_uint(0),-10370146888343.465,-3509415500271.493,-1138.850425079229,-299.01730053210935,880214165954.1044,-29140.104263230576,1.2666210280893202
c_uint(1),-161345921730284.2,0.0,687.4810690011628,4.5990652083628625,880214165954.1044,829.478239234566,1.2666210280893202
