particle_id,x,y,vx,vy,time,energy,faug
c_uint(0),-161345921730284.2,0.0,687.4986034080699,4.125262685974542,880214165954.1044,839.4661614858778,1.26661825401235
c_uint(1),-161345921730284.2,0.0,687.5009958267715,3.6542871710484,880214165954.1044,839.2789601139084,1.26661825401235
c_uint(2),-161345921730284.2,0.0,687.5484096824783,4.529548353825948,880214165954.1044,875.4586539457086,1.26661825401235
