particle_id,x,y,vx,vy,time,energy,faug
c_uint(0),-131146888840999.3,0.0,706.5630718862175,36.525291561998785,715464934847.427,860.4523880169727,1.2593605848517873
c_uint(0),1944018716746.2693,-6486202677183.769,-326.40407276684806,-1375.0152499644953,880214165954.1044,-23591.65785167413,1.26680853182014
