particle_id,x,y,vx,vy,time,energy,faug
c_uint(0),-37823175895448.43,0.0,335.2204841784572,745.1357570591346,206342341148.24,821.093037946499,1.4837979802355892
c_uint(0),-19929313971887.164,34671445571830.473,409.72561935139703,701.3598819420728,253856538410.99423,617.8126029525301,1.3383315160456293
c_uint(0),4680630967107.637,73434089098903.77,423.9996878850213,630.818809166839,312311771473.5799,596.2471589734778,1.2961239112412575
c_uint(0),34875138484535.812,116855959156778.95,414.6572255983932,581.2669968993001,384227419201.0384,596.6367546980036,1.2785823027005485
c_uint(0),70950954719025.4,166514551845117.7,401.03871936274123,543.9726917676232,472702994732.8769,596.8004990338814,1.2713355361189338
c_uint(0),113791513343668.22,223944031769335.9,386.5631986707635,513.0885311491866,581551732289.3479,596.8886676687689,1.269559755601079
c_uint(0),164543326117614.56,290736076344072.1,371.9097313164015,485.8548633855212,715464934847.427,596.9530637814314,1.2711667832488673
c_uint(0),224561221169789.56,368623586246957.2,357.18164047142733,460.8194411655374,880214165954.1044,597.0023087708687,1.2751272367558024
