particle_id,x,y,vx,vy,time,energy,faug
c_uint(0),-57247693328137.19,0.0,771.0258495132043,132.27386365250678,312311771473.5799,861.9373265415197,1.2370365404801928
c_uint(0),5677105717122.891,5315806853661.222,997.5019154712917,-399.82451904284596,384227419201.0384,-11797.372376244632,1.2417565020493564
c_uint(0),65379534523869.23,-35097089235340.844,590.0434518603964,-432.5693272419111,472702994732.8769,-20100.553910344373,1.2471297706074653
c_uint(0),126036734967765.16,-80124614985117.95,531.6795502967489,-398.08229606651037,581551732289.3479,-20112.383011507307,1.2531335371276977
c_uint(0),194369206892884.94,-131566027153376.2,491.9714567833857,-371.96788925212246,715464934847.427,-20112.103994577774,1.2597798181666715
c_uint(1),-131146888840999.3,0.0,705.5643326636778,52.9218361392105,715464934847.427,888.5907832716184,1.2597798181666715
c_uint(0),272593386734031.75,-190908853551656.62,459.5821640334255,-349.644130299872,880214165954.1044,-20111.995281217765,1.2671098506052894
c_uint(1),4949451331320.149,-482272362862.4125,652.4102023838045,-1465.8541089916434,880214165954.1044,-18425.49503200804,1.2671098506052894
