particle_id,x,y,vx,vy,time,energy,faug
c_uint(0),-131146888840999.3,0.0,648.3184178939524,283.12640877629246,715464934847.427,816.3838130673103,1.2791949866029408
c_uint(0),-13340936407301.771,42989230616938.19,810.5939522182935,171.2276590927978,880214165954.1044,-3157.4856866325717,1.2805890118164345
c_uint(1),-161345921730284.2,0.0,655.3680394027035,207.84016392477804,880214165954.1044,856.1928267595067,1.2805890118164345
