particle_id,x,y,vx,vy,time,energy,faug
c_uint(0),-57247693328137.19,0.0,782.5670043840632,0.08038733391041931,312311771473.5799,1078.8809213663335,1.234220937405272
c_uint(0),-10620647056387.23,-38892500967.70322,-975.4876291593174,-3.138901419555425,384227419201.0384,-31863.129339603765,1.2397353326101224
c_uint(0),-78921652838491.61,-254306590901.67783,-702.159017327484,-2.204232555598606,472702994732.8769,-37043.49351369738,1.24565849651208
c_uint(0),-151406693158164.66,-481592148473.57794,-636.7432088928576,-1.9949484019307584,581551732289.3479,-37046.029771948844,1.2520435625353608
c_uint(0),-233275041499797.66,-737950020853.7909,-589.3633200812297,-1.8446837781640946,715464934847.427,-37045.756185078004,1.2589538647845444
c_uint(0),-326907837229055.06,-1030913723450.6865,-549.5408941317118,-1.7189164526662775,880214165954.1044,-37045.64162434725,1.2664656024022714
c_uint(1),-161345921730284.2,0.0,687.8281739786366,0.025818991061567827,880214165954.1044,1057.5912140513537,1.2664656024022714
