particle_id,x,y,vx,vy,time,energy,faug
c_uint(0),-30743831586062.875,0.0,834.2564594731499,1.4162436454580933,167721351662.03262,1087.8332709112437,1.2197131293897057
c_uint(0),-7523477172809.762,-501079403891.08167,-959.2749259848816,-58.10240955328328,206342341148.24,-32403.963652105245,1.2242455169262414
c_uint(0),-46056881119856.29,-2810501134024.4434,-751.7098374976229,-44.92576449627513,253856538410.99423,-36075.57908099011,1.2290705300214346
c_uint(0),-88052808745489.23,-5318423041194.639,-691.58488411597,-41.27750469617696,312311771473.5799,-36075.05845158585,1.2342210584904532
c_uint(0),-136109964402993.61,-8185699145344.139,-648.048853135445,-38.65398253689904,384227419201.0384,-36074.79761880395,1.2397354183948317
c_uint(0),-191742980256938.28,-11503277841699.25,-611.6168068145765,-36.46577984732854,472702994732.8769,-36074.686295586784,1.2456585574951164
c_uint(0),-256450434539741.44,-15360634466180.389,-578.9079086930838,-34.5051161047002,581551732289.3479,-36074.60755408104,1.2520436060505078
c_uint(0),-331835903874832.44,-19853321453870.332,-548.2905676982667,-32.67231787735501,715464934847.427,-36074.54713043457,1.25895389596488
c_uint(0),-419644539455826.5,-25085230388596.258,-518.8278299556283,-30.910386459817147,880214165954.1044,-36074.498918706086,1.2664656248481718
