particle_id,x,y,vx,vy,time,energy,faug
c_uint(0),-57247693328137.19,0.0,782.6013376438317,0.14673657101827514,312311771473.5799,1105.7571217492805,1.2342209409239238
c_uint(0),-10622815115965.057,-71009216501.1531,-975.4522213430525,-5.729721085207214,384227419201.0384,-31836.775180740457,1.2397353351029674
c_uint(0),-78925280298345.27,-464250295385.5007,-702.1846376298394,-4.023921030329182,472702994732.8769,-37015.917670760304,1.2456584982842056
c_uint(0),-151413383237563.97,-879172336055.0435,-636.7733266389534,-3.6419050358041862,581551732289.3479,-37018.44818697689,1.2520435637998815
c_uint(1),-106600193349945.23,0.0,727.2170656513066,0.09128785252143765,581551732289.3479,1073.9663277836516,1.2520435637998815
c_uint(0),-233285997351855.94,-1347172235230.9348,-589.3966981023759,-3.3676197710988918,715464934847.427,-37018.17464390976,1.258953865690624
c_uint(1),-12193189819647.824,-51204572987.22459,-1071.3473988051826,-3.7009661962934994,715464934847.427,-30268.73845108901,1.258953865690624
c_uint(0),-326924539904798.8,-1882003814610.9985,-549.577145864451,-3.138051230479644,880214165954.1044,-37018.06013431342,1.266465603054534
c_uint(1),-133356977204593.11,-449778571860.6401,-648.4595222492044,-2.114114319379483,880214165954.1044,-38124.375547195144,1.266465603054534
