particle_id,x,y,vx,vy,time,energy,faug
c_uint(0),-131146888840999.3,0.0,707.9326644212606,1.9308461309511136,715464934847.427,1163.9094102117815,1.258954688095983
c_uint(0),-11177691096805.299,-1031924709396.2546,-1164.1682769662468,-84.82159148795881,880214165954.1044,-29044.891004860634,1.2664661950816265
