particle_id,x,y,vx,vy,time,energy,faug
c_uint(0),-57247693328137.19,0.0,782.1246360670892,28.087344501464344,312311771473.5799,1127.242147091718,1.2343544583183579
c_uint(0),-3408245759740.069,-8936072251536.117,-509.58734234667077,-864.3078677170303,384227419201.0384,-29077.06332279154,1.2398299027358735
c_uint(0),-39921162454932.695,-67341528441334.266,-377.63238232377154,-596.7362838468644,472702994732.8769,-34756.37994476539,1.2457257127954025
c_uint(0),-78983259230282.61,-128896090740037.81,-343.6654223899306,-540.4840747290546,581551732289.3479,-34759.6944643108,1.2520915194987121
c_uint(0),-123220479849156.64,-198377562784764.66,-318.77560800447424,-500.1603027531089,715464934847.427,-34759.42034903416,1.2589882248935063
c_uint(1),-131146888840999.3,0.0,707.7030428591569,11.179158618028342,715464934847.427,1062.0018792868068,1.2589882248935063
c_uint(0),-173909863693969.38,-277842958460538.5,-297.7423942057408,-466.4352570798906,880214165954.1044,-34759.306880427204,1.2664903358601236
c_uint(1),-9204286394699.363,-5445320404023.851,-1085.1831700623661,-482.7162036144515,880214165954.1044,-28571.665923739667,1.2664903358601236
