particle_id,x,y,vx,vy,time,energy,faug
c_uint(0),-106600193349945.23,0.0,727.2747114149358,7.298183665088752,581551732289.3479,1142.5165480430005,1.252055397090396
c_uint(0),-11368510925430.152,-3958966823285.3066,-1035.4940126783756,-292.16655320025694,715464934847.427,-29978.03987032699,1.258962344534392
c_uint(0),-128522469884327.42,-35324396494769.08,-627.1888281175156,-166.32950697999024,880214165954.1044,-37896.32827372046,1.2664717066606053
