particle_id,x,y,vx,vy,time,energy,faug
c_uint(0),-131146888840999.3,0.0,707.8641694804169,8.859998532443681,715464934847.427,1152.807653626107,1.2589754168272802
c_uint(0),-9949570624023.033,-4477504403638.316,-1114.6695849582188,-384.8383892407704,880214165954.1044,-28705.57948442793,1.2664811165679146
