particle_id,x,y,vx,vy,time,energy,faug
c_uint(0),-161345921730284.2,0.0,670.8916232800998,152.08307205054004,880214165954.1044,1116.2079172169324,1.2733883819067684
