particle_id,x,y,vx,vy,time,energy,faug
c_uint(0),-131146888840999.3,0.0,506.53893095008345,494.3753614547599,715464934847.427,1072.0599403174128,1.3529217603245054
c_uint(0),-39407038721288.89,78602511485605.38,606.8289534584138,434.88451166377985,880214165954.1044,-152.83014585718047,1.323838085258043
