particle_id,x,y,vx,vy,time,energy,faug
c_uint(0),-131146888840999.3,0.0,707.8677556380011,0.002127427947938186,715464934847.427,1116.096387781814,1.2589538644886986
c_uint(0),-11226961721944.342,-1138956800.5521286,-1167.1398797687032,-0.09355303533276628,880214165954.1044,-29104.726403461653,1.2664656021892995
c_uint(1),-161345921730284.2,0.0,687.864876398421,0.0016413938720266767,880214165954.1044,1082.8365140029637,1.2664656021892995
