particle_id,x,y,vx,vy,time,energy,faug
c_uint(0),-86647890183828.8,0.0,746.1587950921777,0.004310409495813973,472702994732.8769,1102.0114706201712,1.2456584959347405
c_uint(0),-12136961480305.254,-2376184421.470333,-1021.0560384139221,-0.16913043405614614,581551732289.3479,-30975.101335946005,1.2520435621233934
c_uint(0),-112144048253864.36,-18376148082.27332,-666.7267457324585,-0.10592074841512522,715464934847.427,-37722.13887021196,1.2589538644893534
c_uint(0),-215627901734437.0,-34791029957.753426,-597.1137208582205,-0.09461073125429033,880214165954.1044,-37735.88023354884,1.2664656021897711
c_uint(1),-161345921730284.2,0.0,687.9813828201508,0.002284323034929839,880214165954.1044,1162.9839775208966,1.2664656021897711
