particle_id,x,y,vx,vy,time,energy,faug
c_uint(0),-70430049302651.48,0.0,764.9882503591551,0.01332963136743191,384227419201.0384,1402.9454282184597,1.2395944319984937
c_uint(0),-11555597350184.746,-6985422313.494432,-991.8065081601015,-0.5183099182908459,472702994732.8769,-31189.809397307807,1.24550689897334
c_uint(0),-94212912206132.48,-49081655622.324295,-685.004009613537,-0.3468985677235142,581551732289.3479,-37055.31859954048,1.251879842469435
c_uint(0),-180944185481743.9,-92946048802.16956,-617.6261868211682,-0.3120691994442726,715464934847.427,-37061.8132201781,1.2587763157136287
c_uint(1),-131146888840999.3,0.0,708.3495932371611,0.008357470889091738,715464934847.427,1457.28980407794,1.2587763157136287
c_uint(0),-278389991071956.75,-142151515675.42853,-568.8223824388754,-0.2870798512247614,880214165954.1044,-37061.53351655821,1.2662721615659591
c_uint(1),-11326727074544.021,-4507907763.731486,-1163.8072259376163,-0.36641470181927727,880214165954.1044,-28798.84737801156,1.2662721615659591
c_uint(2),-161345921730284.2,0.0,688.4405447491224,0.006193782885427097,880214165954.1044,1478.9842677640263,1.2662721615659591
