particle_id,x,y,vx,vy,time,energy,faug
c_uint(0),-70430049302651.48,0.0,765.0887821261132,0.04374035250255362,384227419201.0384,1479.8569698169595,1.2395944323779635
c_uint(0),-11564376530691.008,-22939939499.825367,-991.6865304683424,-1.7007915451616686,472702994732.8769,-31115.205860055692,1.2455068992430753
c_uint(0),-94229197991641.78,-161109883005.73172,-685.1010447851712,-1.1386695024050884,581551732289.3479,-36976.462542933936,1.2518798426618891
c_uint(0),-180974342249445.5,-305094370307.38116,-617.7348580976114,-1.0243816336650233,715464934847.427,-36982.92783349304,1.2587763158515148
c_uint(0),-278438789889990.62,-466616168255.68506,-568.9394869362733,-0.9423820879409793,880214165954.1044,-36982.6482536445,1.2662721616652077
