particle_id,x,y,vx,vy,time,energy,faug
c_uint(0),-161345921730284.2,0.0,688.4539633762214,3.700618922368675,880214165954.1044,1495.069555766473,1.2662753006307135
