particle_id,x,y,vx,vy,time,energy,faug
c_uint(0),-161345921730284.2,0.0,688.402663368263,0.4062735288601324,880214165954.1044,1452.988416697539,1.266272208762606
