particle_id,x,y,vx,vy,time,energy,faug
c_uint(0),-131146888840999.3,0.0,708.4157876074443,2.6511364539858984,715464934847.427,1507.6949775150279,1.2587780317545163
c_uint(1),-131146888840999.3,0.0,708.3472647582564,2.418738476631171,715464934847.427,1458.5655426892918,1.2587780317545163
c_uint(2),-131146888840999.3,0.0,708.3553673323976,2.633178214021354,715464934847.427,1464.846677589754,1.2587780317545163
c_uint(0),50536737389961.17,-1952254029730.2947,6745.249105692027,-277.3172516453985,880214165954.1044,22455624.397520393,1.2662733967453843
c_uint(1),48071296006369.086,-1576299980360.2563,6442.732852271883,-227.81456276025233,880214165954.1044,20442325.757817164,1.2662733967453843
c_uint(2),48448228247741.766,-1754845759041.7148,6489.122817933825,-252.78497664242937,880214165954.1044,20749245.066162597,1.2662733967453843
