particle_id,x,y,vx,vy,time,energy,faug
c_uint(0),-86647890183828.8,0.0,746.688240196678,0.0018058143728133331,472702994732.8769,1497.2017402615165,1.2455068989450184
c_uint(0),-12197003051122.627,-1000245041.218405,-1020.008534032678,-0.0708197308042181,581551732289.3479,-30596.12709103129,1.251879842449228
c_uint(0),-112249476928143.58,-7711867988.379902,-667.2401491020988,-0.044447404811946076,715464934847.427,-37315.79557126996,1.2587763156991512
c_uint(0),-215823968902984.16,-14600801230.831558,-597.6921048236567,-0.03970973964505358,880214165954.1044,-37329.28137603737,1.2662721615555386
