particle_id,x,y,vx,vy,time,energy,faug
c_uint(0),-86647890183828.8,0.0,690.3155545467392,284.2695719955537,472702994732.8769,1397.9149204788264,1.2618474134582665
c_uint(0),-3951366001170.9565,28097953205532.117,855.5245591780965,150.04168855261906,581551732289.3479,-3165.597393726697,1.2631884398652715
c_uint(1),-106600193349945.23,0.0,699.5484518686131,200.85513702548323,581551732289.3479,1507.0431644487544,1.2631884398652715
c_uint(0),100554033955166.92,28889211207593.44,714.7910719159873,-39.5967049195353,715464934847.427,-8489.800214218849,1.2667146741047794
c_uint(1),-2191637450851.1274,23146342210108.023,924.1673670776623,9.172276392866774,715464934847.427,-5043.327942228701,1.2667146741047794
c_uint(0),211762509678967.03,21001291553316.57,643.410241811283,-52.50652061624319,880214165954.1044,-8528.14272214222,1.2719074962722088
c_uint(1),121661781151254.78,-10000188167531.738,654.7030867413446,-229.8038894298664,880214165954.1044,-13761.971069138643,1.2719074962722088
