particle_id,x,y,vx,vy,time,energy,faug
c_uint(0),-70430049302651.48,0.0,765.0046184483824,0.007172813395316134,384227419201.0384,1415.4668950003688,1.239594431967748
c_uint(0),-11557032509414.025,-3759402285.504887,-991.7872423010267,-0.27890772321913865,472702994732.8769,-31177.667205386446,1.2455068989514853
c_uint(0),-94215593352033.55,-26412728785.18112,-685.0200055992534,-0.18667892854559917,581551732289.3479,-37042.48343713296,1.2518798424538418
c_uint(0),-180949149916961.97,-50017852756.16205,-617.6440568471952,-0.16793694750141636,715464934847.427,-37048.973295293836,1.258776315702457
c_uint(0),-278398018525777.94,-76497355760.05841,-568.8416108083555,-0.1544899554235807,880214165954.1044,-37048.6936165393,1.2662721615579178
