particle_id,x,y,vx,vy,time,energy,faug
c_uint(0),-161345921730284.2,0.0,689.0246258454662,0.0004166108004202207,880214165954.1044,1881.2599321775197,1.266019449253499
