particle_id,x,y,vx,vy,time,energy,faug
c_uint(0),-70430049302651.48,0.0,765.5874210609559,0.01904516310001912,384227419201.0384,1861.483570339973,1.239410271358682
c_uint(0),-11608030952111.87,-10026687870.358284,-991.1036248127973,-0.74053342487886,472702994732.8769,-30745.016796874057,1.2453087769388334
c_uint(0),-94310728723648.4,-70261062354.774,-685.587330386445,-0.49653674642926776,581551732289.3479,-36585.23582739191,1.251665901331869
c_uint(0),-181125298812497.88,-133054027185.40996,-618.2782902724377,-0.4467794681168114,715464934847.427,-36591.55607937294,1.2585443322925869
c_uint(0),-278682903804917.3,-203506584599.76062,-569.5243410994321,-0.41107868535652065,880214165954.1044,-36591.277085353504,1.2660194492756756
