particle_id,x,y,vx,vy,time,energy,faug
c_uint(0),-46532672117113.83,0.0,801.11972072274,0.08222378276852496,253856538410.99423,1843.6013817696949,1.2287867284221
c_uint(0),-9652597519145.652,-36471347865.825836,-965.7942987916484,-3.252774960521091,312311771473.5799,-31365.708740912145,1.2339177676149686
c_uint(0),-66177364201878.15,-223881558307.21115,-720.3535650408317,-2.3791788664987563,384227419201.0384,-35930.778963974735,1.239410271822834
c_uint(0),-126801872242202.86,-423912710223.42346,-656.8911272224145,-2.165886046336864,472702994732.8769,-35931.19492140095,1.2453087772687246
c_uint(0),-195622309665639.28,-650719788932.5059,-610.9311714845252,-2.0126483084156033,581551732289.3479,-35930.92806484635,1.2516659015672138
c_uint(0),-274706366859728.78,-911176172390.7456,-572.3692152490191,-1.8845689830168746,715464934847.427,-35930.82134755998,1.2585443324611787
c_uint(0),-366005191188224.44,-1211718348448.1436,-537.6259616602223,-1.76944252599117,880214165954.1044,-35930.75693707203,1.2660194493970065
c_uint(1),-161345921730284.2,0.0,689.0607364057657,0.02453760857837135,880214165954.1044,1906.1419504235964,1.2660194493970065
