particle_id,x,y,vx,vy,time,energy,faug
c_uint(0),-131146888840999.3,0.0,709.0921608236789,0.1532108530260161,715464934847.427,1983.5746571082564,1.2585443374810634
c_uint(0),-11479382660526.508,-83583942136.0303,-1158.7851910345498,-6.6870066025799915,880214165954.1044,-28325.045223508147,1.266019453009681
c_uint(1),-161345921730284.2,0.0,689.0917273522787,0.11189250237169854,880214165954.1044,1927.503033987974,1.266019453009681
