particle_id,x,y,vx,vy,time,energy,faug
c_uint(0),-131146888840999.3,0.0,709.0620568544398,0.37069232940179214,715464934847.427,1962.2855912544183,1.2585443659705686
c_uint(0),-11471255331181.203,-202121243799.58267,-1158.9082057967228,-16.18173573229971,880214165954.1044,-28343.695071866736,1.2660194735128025
