particle_id,x,y,vx,vy,time,energy,faug
c_uint(0),-70430049302651.48,0.0,765.747492693024,0.3643290987935109,384227419201.0384,1984.111396270746,1.2394102941808733
c_uint(0),-11620191461188.803,-192028215109.84192,-990.8230219608618,-14.16553768122048,472702994732.8769,-30625.51196883159,1.245308793159483
c_uint(1),-86647890183828.8,0.0,747.3583408094452,0.2571577910307841,472702994732.8769,1997.8155684132944,1.245308793159483
c_uint(0),-94327173809950.86,-1344692239104.7327,-685.6783987159159,-9.502741030814967,581551732289.3479,-36459.10399217025,1.2516659129037004
c_uint(1),-12271842189811.79,-143291933849.50037,-1018.6574132718982,-10.078618085831623,581551732289.3479,-30117.369195450912,1.2516659129037004
c_uint(0),-181155817138626.34,-2546463601414.52,-618.3943716393456,-8.550975987281653,715464934847.427,-36465.377195417415,1.2585443405821954
c_uint(1),-112377171655390.39,-1100583164714.1301,-667.857893406525,-6.342488989251275,715464934847.427,-36802.72399915094,1.2585443405821954
c_uint(0),-278734133277091.44,-3894899298529.37,-569.658500084531,-7.868081135976044,880214165954.1044,-36465.098379567644,1.2660194552414814
c_uint(1),-216061360720281.03,-2083748913432.7346,-598.3949444212744,-5.667939103603772,880214165954.1044,-36815.892472047126,1.2660194552414814
