particle_id,x,y,vx,vy,time,energy,faug
c_uint(0),-57247693328137.19,0.0,783.5886570190548,1.0310080206467263,312311771473.5799,1879.4427082136972,1.2339179757023453
c_uint(0),-10677394659636.18,-501992706418.4255,-973.9912057482725,-40.263909326279055,384227419201.0384,-31075.571838555334,1.239410419218347
c_uint(0),-78990278299380.73,-3270611459517.922,-702.5974988754793,-28.344001926164776,472702994732.8769,-36220.14247454866,1.2453088820286222
c_uint(0),-151533077519603.34,-6193779393124.332,-637.3466703241771,-25.661472106262813,581551732289.3479,-36222.51465017148,1.2516659763030413
c_uint(0),-233490764995717.78,-9491854696098.957,-590.0861530249173,-23.735367828399276,715464934847.427,-36222.2422918597,1.2585443859990038
c_uint(0),-327251647791421.5,-13261933874655.295,-550.3679238683013,-22.123403292081708,880214165954.1044,-36222.12900448855,1.2660194879267208
