particle_id,x,y,vx,vy,time,energy,faug
c_uint(0),-106600193349945.23,0.0,728.3038128092558,5.839541254004546,581551732289.3479,1881.9038710775785,1.251673853370533
c_uint(0),-11813936129979.191,-3243986294728.9404,-1044.6918095990873,-234.17002219801415,715464934847.427,-29366.882538155885,1.2585500287412656
c_uint(0),-130482018023131.52,-28543157740434.79,-635.7028498244322,-134.29030878970997,880214165954.1044,-37192.976101667766,1.2660235488142757
