particle_id,x,y,vx,vy,time,energy,faug
c_uint(0),-106600193349945.23,0.0,728.4697764696004,4.688265956013777,581551732289.3479,1996.7294074711972,1.2516708894619022
c_uint(0),-12029200757466.34,-2629449380671.5874,-1052.2458577582802,-188.46282536290624,715464934847.427,-29310.602949789027,1.2585479055622706
c_uint(1),-131146888840999.3,0.0,709.0003698656429,3.7243420331030386,715464934847.427,1925.414246127475,1.2585479055622706
c_uint(0),-131628353881703.7,-23022573640016.08,-640.7285915091512,-108.27037415285285,880214165954.1044,-37110.91209830466,1.2660220208447452
c_uint(1),-11226453901631.656,-2008649567591.6028,-1150.0606610019274,-162.26254476844662,880214165954.1044,-28312.8523932714,1.2660220208447452
