particle_id,x,y,vx,vy,time,energy,faug
c_uint(0),-131146888840999.3,0.0,708.9741664528146,1.2789243026014476,715464934847.427,1900.7188219459495,1.258544679320605
c_uint(0),-11427724067441.176,-695645011067.6686,-1158.4815975543215,-55.843578007036676,880214165954.1044,-28392.159619897953,1.266019699022159
