particle_id,x,y,vx,vy,time,energy,faug
c_uint(0),-106600193349945.23,0.0,707.4052595913388,173.40060305246243,581551732289.3479,1896.6170920227887,1.2608205521714932
c_uint(0),-399485307206.74084,19196809547297.973,964.2121833562485,-63.230947994752654,715464934847.427,-5761.881890339893,1.2649947413638216
c_uint(0),119112949706928.67,-28787531707425.15,619.7210724296959,-304.96077818653845,880214165954.1044,-15688.977107484941,1.2706096418201362
