particle_id,x,y,vx,vy,time,energy,faug
c_uint(0),-70430049302651.48,0.0,582.9385053517899,496.24253940617155,384227419201.0384,1836.4132146303891,1.3000522080956722
c_uint(0),-14236042699290.121,42128163303322.86,685.7691816900076,425.69347183322935,472702994732.8769,254.53595177602256,1.2836454939177955
c_uint(0),59865182621154.14,80709180976847.28,661.5654062066349,308.0925301409791,581551732289.3479,-1023.847767882573,1.277120135444697
c_uint(0),145254678158013.62,118448279865895.72,616.5188724808453,262.12727821646007,715464934847.427,-1024.3203144676809,1.2759567285865923
c_uint(0),243507861499325.62,159143521029007.0,578.5352073888621,234.57042854782276,880214165954.1044,-1024.067217728123,1.27817468030917
c_uint(1),-161345921730284.2,0.0,661.4381778267859,193.54655083779554,880214165954.1044,1984.1576353615092,1.27817468030917
