particle,time,energy,r,potential,impact parameter,v0,v
0,340461.52832193894,895242.42405,1969434992621939.0,-67402.71567190572,1855108266093567.0,1338.09,1387.5482980580573
