particle,time,energy,r,potential,impact parameter,v0,v
0,280587.3221856877,905080.1790419999,1623086442460085.5,-80400.40333778328,829324582415312.4,1345.422,1403.9092437759523
0,288448.3402545511,905064.6014706693,1329038135790309.2,-93964.59180092142,829324582415312.4,1345.422,1413.5269316653225
0,296529.59494920814,904942.2946315209,1059009253829779.4,-110364.867039504,829324582415312.4,1345.422,1424.9962537993038
0,304837.25648462796,904582.0756798888,850734081690464.4,-128252.19465395683,829324582415312.4,1345.422,1437.243382544408
0,313377.6679423579,903945.9224567201,773573110229741.5,-137343.8974475477,829324582415312.4,1345.422,1443.1145622605766
0,322157.35011361033,903290.8205186229,877791580293745.1,-126608.14219817164,829324582415312.4,1345.422,1435.1996117033996
0,331183.00647802826,902885.580370998,1123817646156533.4,-106825.34472927329,829324582415312.4,1345.422,1421.0636334100393
0,340461.52832193894,902716.4269905797,1448349820643836.0,-88381.85501307462,829324582415312.4,1345.422,1407.9050266290367
