particle,time,energy,r,potential,impact parameter,v0,v
0,331183.00647802826,584788.68045,1915762421482196.8,-69259.55260929614,2011789903274327.8,1081.47,1143.7204492875837
0,340461.52832193894,584788.2258169736,1903862459938682.2,-69678.73709365564,2011789903274327.8,1081.47,1144.0865027703362
