particle,time,energy,r,potential,impact parameter,v0,v
0,304837.25648462796,283777.9048845001,1763362700434101.0,-74829.99843141924,955355681481043.8,753.363,846.885946649157
0,313377.6679423579,283771.37271216,1565797217963130.5,-82850.69977048638,955355681481043.8,753.363,856.2967622064753
0,322157.35011361033,283721.71740472026,1369798093312471.2,-92130.67861160109,955355681481043.8,753.363,867.0091072374285
0,331183.00647802826,283572.7084104573,1180643317810071.0,-103072.82544284884,955355681481043.8,753.363,879.369699106475
0,340461.52832193894,283253.27416182216,1008004905377263.1,-115845.56685823339,955355681481043.8,753.363,893.4190965275542
1,331183.00647802826,283777.90488449996,1915762421482196.8,-69259.55260929614,1937197945225956.2,753.363,840.2826399418187
1,340461.52832193894,283776.0087352939,1824083490907321.2,-72560.06277567109,1937197945225956.2,753.363,844.1991133742856
