particle,time,energy,r,potential,impact parameter,v0,v
0,304837.25648462796,1059097.4908020005,1763362700434101.0,-74829.99843141924,551748526544142.8,1455.402,1505.9398986901301
0,313377.6679423579,1059075.6660527906,1380448761938658.5,-91509.302789253,551748526544142.8,1455.402,1516.9607568042381
0,322157.35011361033,1058884.3989291098,1003065400096809.2,-115450.50419709762,551748526544142.8,1455.402,1532.5370489004222
0,331183.00647802826,1058189.0209824957,666827391823267.5,-154011.5560394178,551748526544142.8,1455.402,1557.0488605191
0,340461.52832193894,1056567.1096796044,509183313050016.3,-188397.23160097806,551748526544142.8,1455.402,1577.9507858489012
