particle,time,energy,r,potential,impact parameter,v0,v
0,331183.00647802826,31992.863058000046,1915762421482196.8,-69259.55260929614,1560830439708695.0,252.954,450.0053681175285
0,340461.52832193894,31990.324754887406,1798103501415101.2,-73527.48346816697,1560830439708695.0,252.954,459.38613001059224
