particle,time,energy,r,potential,impact parameter,v0,v
0,322157.35011361033,1016843.5267379999,1863552576913041.0,-71116.37554693782,1408947761200848.2,1426.074,1475.0999303673889
0,331183.00647802826,1016833.6458738514,1604916051596759.5,-81219.50694476275,1408947761200848.2,1426.074,1481.9265520386725
0,340461.52832193894,1016770.4675883994,1418944468289145.0,-89830.34300712458,1408947761200848.2,1426.074,1487.6833067528344
