particle,time,energy,r,potential,impact parameter,v0,v
0,313377.6679423579,241.91200799999933,1812765595554568.2,-72973.18984550178,2.3976294023392696e+16,21.996,382.66199668506874
0,322157.35011361033,240.5288299721724,1744313720928163.5,-75563.23013124197,2.3976294023392696e+16,21.996,389.3681008023491
0,331183.00647802826,230.83578233790467,1675055318279930.0,-78309.84737469655,2.3976294023392696e+16,21.996,396.3349168494607
0,340461.52832193894,203.80324286289397,1605447039344627.8,-81230.8104878536,2.3976294023392696e+16,21.996,403.57059786539577
