particle,time,energy,r,potential,impact parameter,v0,v
0,313377.6679423579,574919.0065125,1812765595554568.2,-72973.18984550178,999942817032960.6,1072.305,1138.3252578749202
0,322157.35011361033,574908.7517102591,1550475342516372.0,-83546.15329309442,999942817032960.6,1072.305,1147.566908727638
0,331183.00647802826,574830.3344133616,1302677367244424.5,-95825.92895836859,999942817032960.6,1072.305,1158.1504767272086
0,340461.52832193894,574599.72907375,1088493774641720.6,-109622.01728536843,999942817032960.6,1072.305,1169.8048951505702
