particle,time,energy,r,potential,impact parameter,v0,v
0,272940.5386831414,303439.9753125,1578852830853084.0,-82257.20072601203,1477915358808970.5,779.025,878.2905852148389
0,280587.3221856877,303436.8347369062,1470019273185430.2,-87067.90676520215,1477915358808970.5,779.025,883.7474090509215
0,288448.3402545511,303416.52552762674,1380742939332482.2,-91343.68793287245,1477915358808970.5,779.025,888.549619841795
0,296529.59494920814,303367.5405377399,1318072975660962.2,-94594.5811166859,1477915358808970.5,779.025,892.1458643679583
0,304837.25648462796,303288.3425598198,1289148089794441.8,-96226.20627002516,1477915358808970.5,779.025,893.8842753173869
0,313377.6679423579,303188.9780617956,1299509477203241.8,-95757.67684917452,1477915358808970.5,779.025,893.2487390542123
0,322157.35011361033,303087.2421671931,1351419185620363.0,-93083.7076133431,1477915358808970.5,779.025,890.1358882558732
0,331183.00647802826,303000.5874541068,1443343973556735.2,-88543.2025519767,1477915358808970.5,779.025,884.922358183003
0,340461.52832193894,302939.2288835004,1570963858391536.8,-82723.89939551601,1477915358808970.5,779.025,878.2518184199978
