particle,time,energy,r,potential,impact parameter,v0,v
0,331183.00647802826,95960.1097845,1915762421482196.8,-69259.55260929614,1619177682874552.8,438.087,574.838520619132
0,340461.52832193894,95957.25893998379,1788760181760180.8,-73879.12468517793,1619177682874552.8,438.087,582.8145221683511
