particle,time,energy,r,potential,impact parameter,v0,v
0,313377.6679423579,33398.976604499985,1812765595554568.2,-72973.18984550178,1257528099474438.0,258.453,461.24216296865524
0,322157.35011361033,33396.18199670734,1694293201198965.5,-77524.93958459713,1257528099474438.0,258.453,471.0013197036808
0,331183.00647802826,33375.471070018364,1571055558237832.5,-82677.84638818208,1257528099474438.0,258.453,481.77446478243417
0,340461.52832193894,33314.32292650218,1442987998065989.2,-88643.09932412706,1257528099474438.0,258.453,493.8773577531759
1,313377.6679423579,33398.976604499985,1812765595554568.2,-72973.18984550178,2479287977781900.0,258.453,461.24216296865524
1,322157.35011361033,33397.28711136225,1731995111947669.5,-76040.66094698073,2479287977781900.0,258.453,467.84174259752194
1,331183.00647802826,33385.469426528754,1652187638254100.2,-79242.82465098369,2479287977781900.0,258.453,474.61203962291654
1,340461.52832193894,33352.82490506406,1574384462481580.2,-82574.01994106919,2479287977781900.0,258.453,481.51187907700313
