particle,time,energy,r,potential,impact parameter,v0,v
0,272940.5386831414,698898.9106125002,1578852830853084.0,-82257.20072601203,1292754917640316.8,1182.285,1249.9248868140135
0,280587.3221856877,698892.371846459,1406284458843380.8,-90068.74883070274,1292754917640316.8,1182.285,1256.1537490905814
0,288448.3402545511,698850.8304845492,1277249247205190.0,-96717.948192687,1292754917640316.8,1182.285,1261.4030114735228
0,296529.59494920814,698759.3186030223,1212664497510849.0,-100460.15352886336,1292754917640316.8,1182.285,1264.2938520232435
0,304837.25648462796,698638.0769233046,1229724164167366.8,-99579.34772801792,1292754917640316.8,1182.285,1263.5010286116292
0,313377.6679423579,698530.0561837007,1331712050620136.5,-94027.41526204272,1292754917640316.8,1182.285,1259.0134800277108
0,322157.35011361033,698464.7583211076,1507087636024976.2,-85491.12475208304,1292754917640316.8,1182.285,1252.162835315911
0,331183.00647802826,698441.2082140637,1738676970152623.0,-75787.76381256693,1292754917640316.8,1182.285,1244.3705011182406
0,340461.52832193894,698438.8236225343,2011513439840793.0,-65993.0266289976,1292754917640316.8,1182.285,1236.472280523532
