particle,time,energy,r,potential,impact parameter,v0,v
0,304837.25648462796,49699.47808799999,1763362700434101.0,-74829.99843141924,2360815109458852.5,315.276,499.0580657987991
0,313377.6679423579,49698.010399108185,1694020922724171.8,-77529.50747475332,2360815109458852.5,315.276,504.435363300119
0,322157.35011361033,49688.059342314635,1628368479804286.0,-80209.83832664383,2360815109458852.5,315.276,509.7016728812227
0,331183.00647802826,49661.46919616735,1567824696822471.8,-82818.94778534192,2360815109458852.5,315.276,514.7434642256457
0,340461.52832193894,49610.95327174,1514053830344896.8,-85278.17067459328,2360815109458852.5,315.276,519.4018173752057
