particle,time,energy,r,potential,impact parameter,v0,v
0,313377.6679423579,107.51644799999485,1812765595554568.2,-72973.18984550178,4.310116901337466e+16,14.664,382.31062316786796
0,322157.35011361033,106.6640615160868,1770512188928659.0,-74559.67236438466,4.310116901337466e+16,14.664,386.43585865160276
0,331183.00647802826,100.96435626715538,1729796741202099.0,-76133.58154590074,4.310116901337466e+16,14.664,390.4729079005812
0,340461.52832193894,85.68275685017579,1691168113249774.0,-77679.02192340231,4.310116901337466e+16,14.664,394.3721711283708
