particle,time,energy,r,potential,impact parameter,v0,v
0,340461.52832193894,53227.361538,1969434992621939.0,-67402.71567190572,2046506490038665.5,326.274,491.1824044281426
