particle,time,energy,r,potential,impact parameter,v0,v
0,296529.59494920814,1333676.0196045002,1715306171359122.0,-76686.80298124858,1307575740240937.2,1633.203,1679.5016061830656
0,304837.25648462796,1333664.2594165916,1455395023102104.0,-87808.42947243754,1307575740240937.2,1633.203,1686.1036082572323
0,313377.6679423579,1333593.476504605,1291704109447388.8,-96185.5682787982,1307575740240937.2,1633.203,1691.0227939228987
0,322157.35011361033,1333465.0629749307,1276066496203542.0,-97178.20395156668,1307575740240937.2,1633.203,1691.5337814696445
0,331183.00647802826,1333352.5138851097,1425921593336510.5,-89393.68110295216,1307575740240937.2,1633.203,1686.8587344458113
0,340461.52832193894,1333304.7530099438,1708440674713222.2,-76988.72456388404,1307575740240937.2,1633.203,1679.4603166337856
