particle,time,energy,r,potential,impact parameter,v0,v
0,288448.3402545511,618973.8710805002,1668559316117086.2,-78543.60435076014,1717278108143247.2,1112.631,1181.115976889027
0,296529.59494920814,618972.6671051389,1619963061141013.2,-80532.05085373406,1717278108143247.2,1112.631,1182.7972928265206
0,304837.25648462796,618967.7014393331,1624965694522788.2,-80328.91799431581,1717278108143247.2,1112.631,1182.6213421325094
0,313377.6679423579,618961.7814541861,1687571184594769.2,-77786.47942394132,1717278108143247.2,1112.631,1180.4645364246462
0,322157.35011361033,618958.943183547,1806061559704083.2,-73222.56258942155,1717278108143247.2,1112.631,1176.589568008291
0,331183.00647802826,618958.747142058,1974376814919391.0,-67234.30025194741,1717278108143247.2,1112.631,1171.4888368174963
0,340461.52832193894,618958.7732191624,2184766805706617.2,-60759.738592360256,1717278108143247.2,1112.631,1165.9489798541981
