particle,time,energy,r,potential,impact parameter,v0,v
0,313377.6679423579,263442.17671200004,1812765595554568.2,-72973.18984550178,1324686485653399.0,725.868,820.26260009524
0,322157.35011361033,263437.34948475857,1644516896835562.2,-79541.0724991537,1324686485653399.0,725.868,828.2251167211874
0,331183.00647802826,263402.5173759156,1485062009266480.2,-86558.6721752177,1324686485653399.0,725.868,836.6136378892389
0,340461.52832193894,263305.5017294008,1341287209000113.0,-93855.17125617593,1324686485653399.0,725.868,845.1753344550192
