particle,time,energy,r,potential,impact parameter,v0,v
0,296529.59494920814,52037.96083199995,1715306171359122.0,-76686.80298124858,575523819899950.2,322.608,507.39484391004316
0,304837.25648462796,52034.4378883859,1584215539903074.0,-82043.33001992552,575523819899950.2,322.608,517.8373642531242
0,313377.6679423579,52007.89692400367,1447012107533142.8,-88245.81736053366,575523819899950.2,322.608,529.6295201072866
0,322157.35011361033,51927.7706109267,1303213543795289.8,-95666.65568937763,575523819899950.2,322.608,543.3128496553423
0,331183.00647802826,51750.75754692196,1152230565321666.5,-104915.15033481119,575523819899950.2,322.608,559.7604985736903
0,340461.52832193894,51411.842850865476,993329453015864.0,-117064.80731502836,575523819899950.2,322.608,580.4767870740291
