particle,time,energy,r,potential,impact parameter,v0,v
0,322157.35011361033,358574.07385799993,1863552576913041.0,-71116.37554693782,1920021054551296.5,846.846,927.0279924629436
0,331183.00647802826,358572.5376732396,1790177032868034.5,-73819.40465450482,1920021054551296.5,846.846,929.9375703000115
0,340461.52832193894,358564.01787642995,1750420334508713.2,-75343.55538423001,1920021054551296.5,846.846,931.5659646645105
