particle,time,energy,r,potential,impact parameter,v0,v
0,322157.35011361033,47980.89486449999,1863552576913041.0,-71116.37554693782,1704302824081593.8,309.777,488.0517808828031
0,331183.00647802826,47978.38623601082,1750725294915147.8,-75321.65543338242,1704302824081593.8,309.777,496.58844462873526
0,340461.52832193894,47960.11003889004,1635889372694419.2,-79944.38429900257,1704302824081593.8,309.777,505.775630765051
