particle,time,energy,r,potential,impact parameter,v0,v
0,288448.3402545511,570994.6561604999,1668559316117086.2,-78543.60435076014,1494467927833276.8,1068.639,1139.7703808322622
0,296529.59494920814,570990.3783688687,1528990057617059.0,-84430.98929608574,1494467927833276.8,1068.639,1144.9204056745207
0,304837.25648462796,570964.502533345,1430932668820489.8,-88970.52907758654,1494467927833276.8,1068.639,1148.8559801915396
0,313377.6679423579,570909.8755627861,1388681182305430.8,-91095.13928277169,1494467927833276.8,1068.639,1150.656347347511
0,322157.35011361033,570838.7733575254,1412748095898114.0,-89966.57185590078,1494467927833276.8,1068.639,1149.6132786406272
0,331183.00647802826,570774.2922404011,1505134888452310.8,-85628.54587051706,1494467927833276.8,1068.639,1145.7773240127578
0,340461.52832193894,570733.3742348163,1659165458607917.0,-78979.77515849327,1494467927833276.8,1068.639,1139.9238127114545
1,340461.52832193894,570994.6561604999,1969434992621939.0,-67402.71567190572,1324419956312704.0,1068.639,1129.9534254405405
