particle,time,energy,r,potential,impact parameter,v0,v
0,296529.59494920814,95158.77625799998,1715306171359122.0,-76686.80298124858,1362906691408885.8,436.254,586.2517876121975
0,304837.25648462796,95155.5589897692,1592564899269617.2,-81688.15182199751,1362906691408885.8,436.254,594.716253034616
0,313377.6679423579,95132.14921859276,1469656284862846.2,-87177.51823470672,1362906691408885.8,436.254,603.8371758235816
0,322157.35011361033,95064.87880464875,1348257984163523.0,-93249.33769049043,1362906691408885.8,436.254,613.7006053364119
0,331183.00647802826,94926.20819103118,1230890542182448.8,-99966.42941321732,1362906691408885.8,436.254,624.3278587477072
0,340461.52832193894,94685.78635620308,1121313984427472.0,-107283.7379747318,1362906691408885.8,436.254,635.56199434978
