particle,time,energy,r,potential,impact parameter,v0,v
0,322157.35011361033,338678.49114450003,1863552576913041.0,-71116.37554693782,1994453880798337.8,823.017,905.3119536286239
0,331183.00647802826,338677.5766300778,1819881249601877.8,-72711.50608613213,1994453880798337.8,823.017,907.0712019640023
0,340461.52832193894,338672.9659370552,1809515990677254.8,-73100.66120264507,1994453880798337.8,823.017,907.495043666576
1,322157.35011361033,338678.49114450003,1863552576913041.0,-71116.37554693782,1979623233134308.0,823.017,905.3119536286239
1,331183.00647802826,338677.43558106624,1812320262115642.2,-72991.68806883118,1979623233134308.0,823.017,907.3798803697351
1,340461.52832193894,338671.938848341,1794086307185865.8,-73678.42751527115,1979623233134308.0,823.017,908.1303500749351
