particle_id,x,y,vx,vy,time,energy,faug
0,-465326721171138.2,0.0,573.5582801090505,0.000817146084119,2538565384109.942,165.9323453224788,1.3195871841794782
0,-85711956023582.02,430561613.32951874,852.4366747263957,0.0001541605013178,3123117714735.799,-5138.728677154053,1.334040390457315
0,-428147462038497.8,-9983108006.644384,-508.202176870685,-0.0109616375874928,3842274192010.384,-42176.256368936985,1.350650395691107
0,-827486606192418.1,-18527351754.164017,-407.3185625633296,-0.0086603146479254,4727029947328.75,-42681.67448573279,1.3700131804116809
0,-1229319539877829.5,-27030485050.773136,-335.7179572494269,-0.0070725137237546,5815517322893.456,-42682.38756484589,1.392984081764702
0,-1634742517598135.8,-35534833926.92765,-272.76386289467285,-0.005696541541521,7154649348474.241,-42682.241638409534,1.4208434700886328
0,-2032625297779503.5,-43803952673.21909,-212.5540746168035,-0.0043935636965304,8802141659541.008,-42682.112840185226,1.4556142059461046
