particle_id,x,y,vx,vy,time,energy,faug
0,-572476933281371.9,0.0,548.7312065486997,0.0073781695208139,3123117714735.799,160.37561359640677,1.3340403904896916
0,-126262378399327.42,4865937325.921896,790.7493970531513,0.0029786770905344,3842274192010.384,-4380.493794886861,1.3506503957158498
0,-498352534928012.9,-100159221787.62784,-487.7547682604306,-0.0895536854409912,4727029947328.75,-42679.882613999085,1.3700131804308888
0,-962779848107643.0,-184521212836.99667,-379.69558824264095,-0.0683832952260986,5815517322893.456,-43386.08206576451,1.3929840817799055
0,-1417008782947028.5,-265784792530.59808,-303.6158213056728,-0.0539676515308433,7154649348474.241,-43396.1868461928,1.4208434701009691
0,-1859001664306604.0,-343832739823.48645,-235.99761053778496,-0.0413769791815585,8802141659541.008,-43396.188341969144,1.455614205956447
