particle_id,x,y,vx,vy,time,energy,faug
0,-307438315860628.75,0.0,620.2315498042315,0.0799196039561235,1677213516620.3262,172.8980347692559,1.295543433030721
0,-34262848891480.492,26106546836.026825,1034.5248195568463,-0.0711418428162298,2063423411482.4,-7300.895280102501,1.3068610871958564
0,-312495745773669.9,-774893478057.2128,-548.7663363903398,-1.2821457956483475,2538565384109.942,-41212.95226135058,1.3195871853126109
0,-603888710774365.2,-1452378959987.0977,-459.0012047593907,-1.0632312419508894,3123117714735.799,-41461.15540482967,1.334040391312204
0,-909241249642838.0,-2157803949284.1572,-394.5685715460316,-0.9093640151342748,3842274192010.384,-41460.86880439829,1.3506503963444412
0,-1232436920314956.8,-2901083817188.089,-338.8351601764574,-0.7776615870878045,4727029947328.75,-41460.60524098141,1.3700131809188631
0,-1571668691853872.2,-3678061178550.2744,-286.5858420071179,-0.6550425778028564,5815517322893.456,-41460.39314474666,1.3929840821661574
0,-1919780772816204.0,-4471924792362.069,-235.03672172823576,-0.534694486528102,7154649348474.241,-41460.31100046824,1.4208434704143753
0,-2263766664575239.0,-5252255223316.534,-185.18647568945585,-0.4188047737512284,8802141659541.008,-41459.91458098404,1.4556142062191937
