particle_id,x,y,vx,vy,time,energy,faug
0,-1311468888409987.8,0.0,435.5514388483617,0.032433591086784,7154649348474.241,163.8101053069695,1.4208434714086733
0,-495372622360160.06,50864152113.743324,595.7620812614285,0.0246939616213861,8802141659541.008,-2268.9642947168613,1.4556142070527724
1,-1613459217302835.2,0.0,402.33127333486266,0.0314305049886799,8802141659541.008,172.25306843694125,1.4556142070527724
