particle_id,x,y,vx,vy,time,energy,faug
0,-1311468888409987.8,0.0,435.5464828980288,0.4396797285817299,7154649348474.241,161.74767945225176,1.4208436931755708
1,-1311468888409987.8,0.0,435.5795710872152,0.423676275960966,7154649348474.241,176.1527629535267,1.4208436931755708
0,-495381434907082.5,689530742842.095,595.754885255983,0.3347621946070661,8802141659541.008,-2270.961172935844,1.4556143929729966
1,-495322779972957.5,664429077830.4103,595.8020586594957,0.3225574286818651,8802141659541.008,-2256.9780395787675,1.4556143929729966
2,-1613459217302835.2,0.0,402.33516848137833,0.4109535195216853,8802141659541.008,173.90416273976734,1.4556143929729966
