particle_id,x,y,vx,vy,time,energy,faug
0,-1613459217302835.2,0.0,402.28695915418655,3.998162167857529,8802141659541.008,162.41722599393688,1.455634032572315
