particle_id,x,y,vx,vy,time,energy,faug
0,-866478901838284.5,0.0,495.39601606665616,0.0001173591792806,4727029947328.75,168.0370459722035,1.370013180411509
0,-256371060838021.5,119841653.25172897,688.0485812982233,7.501772321950287e-05,5815517322893.456,-3179.4031009172904,1.392984081764566
1,-1066001933499448.0,0.0,466.43230710165926,9.992603518645372e-05,5815517322893.456,164.96640034133452,1.392984081764566
0,-665608797076846.9,-1918095888.630622,-447.5698192519624,-0.0011369930516577,7154649348474.241,-43669.90512818673,1.4208434700885224
1,-357911095753372.0,126542444.83828762,641.4133372788746,7.084255046960422e-05,7154649348474.241,-2698.3087705822254,1.4208434700885224
0,-1283645465344988.8,-3456312244.293338,-320.2508973778281,-0.0007830805874416,8802141659541.008,-44983.981747690785,1.455614205946012
1,-762139034276462.0,-1764189776.0015547,-428.5484611543719,-0.0008522322539097,8802141659541.008,-44180.36525757144,1.455614205946012
2,-1613459217302835.2,0.0,402.3199117187051,6.270277100954666e-05,8802141659541.008,167.68150554790918,1.455614205946012
3,-1613459217302835.2,0.0,402.30189483129425,5.724398833955703e-05,8802141659541.008,160.43311529913626,1.455614205946012
