particle_id,x,y,vx,vy,time,energy,faug
0,-1613459217302835.2,0.0,379.0953352849652,150.2567341336194,8802141659541.008,2382.205516533286,1.4824722585591037
