particle_id,x,y,vx,vy,time,energy,faug
0,-1066001933499448.0,0.0,471.4106993945927,0.00043323307642,5815517322893.456,2499.4415981914353,1.38884769848229
0,-350646396543596.2,547956215.1484969,649.1256830271763,0.0003026834033904,7154649348474.241,-440.91755165791255,1.4157752440554836
1,-1311468888409987.8,0.0,440.7581792065688,0.0004255877979168,7154649348474.241,2445.1679067344376,1.4157752440554836
0,-771788465027150.8,-7824209409.244914,-431.66639047568833,-0.0037777461947328,8802141659541.008,-41750.35433123386,1.4492029372560231
1,-486134977876896.1,666763243.1674206,603.2255848185963,0.0003207679267201,8802141659541.008,-54.94985815897235,1.4492029372560231
