particle_id,x,y,vx,vy,time,energy,faug
0,-866478901838284.5,0.0,499.6828997061539,19.321999591033567,4727029947328.75,2487.600642081088,1.3668882880571402
0,-251273260557331.6,19706157848433.605,694.8302244620124,12.136870031786575,5815517322893.456,-930.8708218364918,1.3891109555082368
0,-594418602000667.1,-304160367204571.2,-414.8976504252677,-184.13507980791937,7154649348474.241,-40543.47845107359,1.4159878176682137
0,-1171916801906170.0,-554877213003320.2,-301.62787415994876,-128.5281761862561,8802141659541.008,-41820.9673042198,1.4493800235809386
