particle_id,x,y,vx,vy,time,energy,faug
0,-866478901838284.5,0.0,499.93450022583687,0.0002628613755836,4727029947328.75,2426.6829366712045,1.3665543938528588
0,-250910213869469.16,268029858.77087373,695.7969020549635,0.000164479117944,5815517322893.456,-1005.239765193488,1.3888476984821376
0,-672951211406734.6,-4382863144.654236,-450.7373060713708,-0.0025971512659826,7154649348474.241,-41337.54764750638,1.4157752440553606
0,-1298023449369588.8,-7915541214.567539,-325.29141007045,-0.0018082059520927,8802141659541.008,-42589.82843862924,1.4492029372559203
1,-1613459217302835.2,0.0,407.8828829206872,0.0001426799412764,8802141659541.008,2421.2489127282897,1.4492029372559203
