particle_id,x,y,vx,vy,time,energy,faug
0,-1066001933499448.0,0.0,471.2636052788616,0.1559124789571674,5815517322893.456,2430.1228308139835,1.3888477218869577
0,-350861274462226.25,197206497817.9776,648.8961669302644,0.1089788650965008,7154649348474.241,-507.9244883005158,1.4157752629588762
0,-771494070760193.0,-2813874560115.7324,-431.5681644360183,-1.3586308885102654,8802141659541.008,-41824.149658787646,1.4492029530064243
1,-1613459217302835.2,0.0,407.7962716047083,0.1105114725144875,8802141659541.008,2385.9314966159145,1.4492029530064243
