particle_id,x,y,vx,vy,time,energy,faug
0,-866478901838284.5,0.0,500.2826057418189,0.002106360447023,4727029947328.75,2600.7734847384854,1.3665543938554363
0,-250490774238959.03,2147530033.435665,696.3969633529371,0.0013157510252407,5815517322893.456,-837.7368123229244,1.3888476984841704
1,-1066001933499448.0,0.0,471.2242339886183,0.0016074112317151,5815517322893.456,2411.5571966200077,1.3888476984841704
0,-673518909508656.4,-35174754547.3184,-450.98595290285334,-0.0208430722767314,7154649348474.241,-41155.762002710966,1.4157752440570026
1,-350918781669784.0,2033160403.8231783,648.8347826517987,0.0011236739462902,7154649348474.241,-525.8722348415467,1.4157752440570026
0,-1299139160164528.5,-63537387480.90496,-325.68274332239275,-0.0145233969922955,8802141659541.008,-42403.3519496782,1.4492029372572888
1,-771424734201746.0,-29005233919.28757,-431.54679879529914,-0.0140047523578818,8802141659541.008,-41842.6171798562,1.4492029372572888
