particle_id,x,y,vx,vy,time,energy,faug
0,-1613459217302835.2,0.0,407.8577104022871,0.0212175172541559,8802141659541.008,2410.9820152620814,1.4492029378578557
