particle_id,x,y,vx,vy,time,energy,faug
0,-704300493026514.9,0.0,527.0487955651848,0.0001166771931941,3842274192010.384,2423.6399331137654,1.3477024842303262
0,-177162380788834.6,95709886.0586706,745.4421807870748,6.112820598214732e-05,4727029947328.75,-1573.2433723512222,1.3665543938528015
0,-583310217450155.1,-1778424520.0808048,-470.71656562678766,-0.001294265135501,5815517322893.456,-40840.78752101552,1.3888476984820923
0,-1126228886552815.5,-3250680515.3520565,-355.52074568336906,-0.0009531886181596,7154649348474.241,-41763.56422297753,1.415775244055324
0,-1641358071151651.5,-4619215971.913225,-274.991447396371,-0.0007238329662141,8802141659541.008,-41800.785027023885,1.4492029372558903
