particle_id,x,y,vx,vy,time,energy,faug
0,-1613459217302835.2,0.0,408.3278010386877,0.0002520745724197,8802141659541.008,2602.822373449453,1.4492029372559725
