particle_id,x,y,vx,vy,time,energy,faug
0,-1311468888409987.8,0.0,441.05577886572394,0.0123897318481678,7154649348474.241,2576.3817500768637,1.415775244233651
0,-485606489795701.1,19409709644.914303,603.6547627803682,0.0093326268872241,8802141659541.008,72.35492287771194,1.4492029374044733
