particle_id,x,y,vx,vy,time,energy,faug
0,-1311468888409987.8,0.0,442.7129938372042,9.625316737999192e-05,7154649348474.241,3308.679094053776,1.4141323700855055
1,-1311468888409987.8,0.0,442.393094122413,9.233625282383312e-05,7154649348474.241,3167.106501504284,1.4141323700855055
0,-482662548840962.6,150740488.3397128,606.0499455164593,7.225911719922827e-05,8802141659541.008,782.7632208510186,1.4471331466375656
1,-483230963650673.9,144615463.85055208,605.5868936647076,6.936412573496357e-05,8802141659541.008,645.4319791423914,1.4471331466375656
