particle_id,x,y,vx,vy,time,energy,faug
0,-1066001933499448.0,0.0,473.1448079684571,0.5221886505465844,5815517322893.456,3318.558840495505,1.3875029965299794
0,-348112197243321.25,660177076684.3977,651.838549767727,0.3628865747268637,7154649348474.241,350.79664111175225,1.414132528094673
0,-775085296450997.5,-9504623746826.162,-432.73481366191066,-4.588304656479962,8802141659541.008,-40904.585322567014,1.4471332780314925
