particle_id,x,y,vx,vy,time,energy,faug
0,-1066001933499448.0,0.0,473.0530034599616,0.0002298216561646,5815517322893.456,3274.989887519682,1.3875028006052297
0,-348246368106884.1,290558865.53447473,651.6948393086295,0.0001597564877699,7154649348474.241,308.6811527631944,1.4141323700855304
0,-774974483720637.0,-4181580983.116131,-432.70305567445206,-0.0020186374802978,8802141659541.008,-40947.612844879026,1.447133146637586
1,-1613459217302835.2,0.0,409.815276842417,0.000149301683032,8802141659541.008,3211.3063895972155,1.447133146637586
