particle_id,x,y,vx,vy,time,energy,faug
0,-866478901838284.5,0.0,501.92542627122015,0.0139119566152107,4727029947328.75,3423.9975441522984,1.36542715308257
0,-248510148322281.2,14176112817.762,699.2402785904741,0.0086189953561577,5815517322893.456,-45.81367281253915,1.3875028007178003
0,-676189415307962.0,-234001890456.67,-452.14979449125616,-0.1386438291813279,7154649348474.241,-40303.651794715886,1.4141323701763164
0,-1304372931347197.8,-423023908052.89624,-327.51229564371397,-0.0969746544936084,8802141659541.008,-41529.38770095772,1.44713314671308
1,-1613459217302835.2,0.0,409.94151092071434,0.0074841995542381,8802141659541.008,3263.0470388583053,1.44713314671308
