particle_id,x,y,vx,vy,time,energy,faug
0,-465326721171138.2,0.0,578.8019600714421,7.375718899269513,2538565384109.942,3214.4371100747085,1.3166416427822405
0,-82078961864322.5,3868926942571.3574,867.1051557937609,0.9424167975214884,3123117714735.799,-2273.137425544497,1.330672109104184
0,-423037714885557.8,-90995732056921.56,-503.1927383629777,-100.1241048043376,3842274192010.384,-38896.20559493455,1.3467533433428795
0,-819712155347945.4,-169308698704935.34,-405.78039620867986,-79.62555065769672,4727029947328.75,-39366.9243434205,1.365437526757648
0,-1221209462689055.0,-247735122158834.62,-336.5006300233089,-65.45224880395824,5815517322893.456,-39367.121255230995,1.3875109731246815
0,-1629173835694653.2,-326767125611093.2,-275.6984120301586,-53.19079931455657,7154649348474.241,-39366.97466856536,1.414138960998672
0,-2033803901594030.5,-404483993637636.06,-217.928313848046,-41.65416122660534,8802141659541.008,-39366.93375666086,1.447138627340608
