particle_id,x,y,vx,vy,time,energy,faug
0,-378231758954484.3,0.0,602.4328386822272,0.0007841657006956,2063423411482.4,3218.011204594077,1.304230030808125
0,-53005550846292.58,325401498.3559582,948.4842124201048,-0.0002271801992492,2538565384109.942,-3266.7712350845686,1.3166182450570012
0,-370379632261162.1,-8733112195.238613,-533.0146719175226,-0.0117670632498631,3123117714735.799,-38534.777531601954,1.3306545024961811
0,-715879318302291.6,-16315634368.663174,-439.3323587203013,-0.0095985309021252,3842274192010.384,-38864.32240216096,1.3467399294616609
0,-1072950643375236.8,-24091145744.98137,-372.3280745901947,-0.008083515855241,4727029947328.75,-38864.07035816164,1.36542715293971
0,-1444936470673486.0,-32145037087.28492,-314.04543515540854,-0.0067812017945053,5815517322893.456,-38863.81039053948,1.3875028006052537
0,-1827188265466416.0,-40376047825.39448,-258.99762098171567,-0.0055608412943378,7154649348474.241,-38863.69395496299,1.4141323700855497
0,-2207981241441508.5,-48525069600.01906,-206.0301360809831,-0.0043936198997831,8802141659541.008,-38863.69781266127,1.4471331466376025
