particle_id,x,y,vx,vy,time,energy,faug
0,-378231758954484.3,0.0,602.582403833002,0.0008943074746252,2063423411482.4,3308.125347902882,1.3042300308082728
0,-52916621815299.8,371026422.5299519,949.092234926104,-0.0002623524882294,2538565384109.942,-3183.9292233573506,1.3166182450571111
0,-370497331026831.2,-9965567943.063389,-533.1464070663056,-0.0134274955240783,3123117714735.799,-38441.14942573526,1.330654502496264
0,-716106448320764.2,-18618731201.75829,-439.4986596955584,-0.0109545891363306,3842274192010.384,-38769.92985178903,1.3467399294617235
0,-1073335315803699.8,-27493358101.274902,-372.51685284947354,-0.0092268311674448,4727029947328.75,-38769.67751589326,1.3654271529397588
0,-1445539160798781.2,-36687156762.6307,-314.25670200353545,-0.0077416992250514,5815517322893.456,-38769.41766060686,1.387502800605292
0,-1828090761473680.0,-46085136148.14858,-259.2338457290691,-0.0063501068054742,7154649348474.241,-38769.30143332939,1.4141323700855808
0,-2209307171247971.2,-55392741535.928474,-206.3135307039945,-0.0050196807111313,8802141659541.008,-38769.20767567635,1.447133146637628
