particle_id,x,y,vx,vy,time,energy,faug
0,-465326721171138.2,0.0,578.9575917633941,0.0064715359819586,2538565384109.942,3277.3285553374444,1.3166182450764574
0,-81958245178068.53,3393885881.313825,867.8694781352798,0.000804417549645,3123117714735.799,-2219.4979995907634,1.3306545025108223
0,-433236893056512.5,-80800890212.85635,-512.7620218453344,-0.0886818501119885,3842274192010.384,-38956.65426688737,1.3467399294728155
0,-837359758076122.8,-150164057643.39667,-413.3122526460684,-0.0705231720799652,4727029947328.75,-39424.66956768189,1.3654271529483368
0,-1246230686663944.5,-219620636877.78055,-342.61549355369687,-0.0579620250504316,5815517322893.456,-39424.85374249353,1.38750280061205
0,-1661524260318515.0,-289601779672.06696,-280.5908517939496,-0.0470942455000945,7154649348474.241,-39424.70714963571,1.4141323700910309
0,-2073227079095967.2,-358400980213.4482,-221.66998097113543,-0.036867818588331,8802141659541.008,-39424.66612719878,1.4471331466421602
1,-1613459217302835.2,0.0,409.7691183152968,0.0017382666970718,8802141659541.008,3192.3909868312476,1.4471331466421602
