particle_id,x,y,vx,vy,time,energy,faug
0,-1613459217302835.2,0.0,408.7040292725789,35.50879660930388,8802141659541.008,3386.954913013571,1.448616913281324
