particle_id,x,y,vx,vy,time,energy,faug
0,-866478901838284.5,0.0,501.2924707330769,14.648396669436574,4727029947328.75,3213.7890479369817,1.3655975309936486
0,-249308502476956.12,14930864140143.232,697.8286071521113,9.118592068642164,5815517322893.456,-238.82917209842708,1.387637002196053
1,-1066001933499448.0,0.0,472.91635007596864,13.881634761531515,5815517322893.456,3306.7048226623883,1.387637002196053
0,-628933736206046.4,-237720516350918.5,-430.6495533020968,-142.59325323909965,7154649348474.241,-40096.26940243863,1.414240587037763
1,-348476192438536.25,17551729452684.207,651.2829445921311,9.66122658692374,7154649348474.241,346.0124441094522,1.414240587037763
0,-1228213235677954.2,-432128948484770.3,-312.94106765549355,-99.76962003361378,8802141659541.008,-41342.871838557265,1.4472231273113174
1,-731376759427757.9,-245752240975939.7,-417.5660692620567,-120.0748405643228,8802141659541.008,-40554.029183376435,1.4472231273113174
