particle_id,x,y,vx,vy,time,energy,faug
0,-1311468888409987.8,0.0,442.3103515842269,0.0012358094341365,7154649348474.241,3130.505197943741,1.414132370086863
0,-483377974710755.8,1935535419.4263933,605.4671794667121,0.0009285124213286,8802141659541.008,609.9265795217652,1.4471331466386943
