particle_id,x,y,vx,vy,time,energy,faug
0,-704300493026514.9,0.0,530.1955334199495,0.8525628007164279,3842274192010.384,4087.438740647922,1.3454916997238309
0,-174020211502144.3,698366750989.0349,751.6508912206457,0.4340438932286949,4727029947328.75,17.380744790658355,1.3639667410210796
0,-587441738753866.1,-13168764215164.775,-473.0500881354805,-9.58226884538236,5815517322893.456,-39111.99787774971,1.3857625714691604
0,-1134366908861007.2,-24100668421267.742,-358.9721557258645,-7.097358388936031,7154649348474.241,-40000.85820430423,1.4120100748249205
0,-1655793773575698.8,-34320394221069.246,-279.14497889341425,-5.423323521854544,8802141659541.008,-40032.40154722506,1.4444652984151414
