particle_id,x,y,vx,vy,time,energy,faug
0,-1066001933499448.0,0.0,474.9818446423082,0.262540303878012,5815517322893.456,4189.328679858561,1.3857623807977884
0,-345425333071095.75,331759321292.902,654.728571099805,0.1813884483204789,7154649348474.241,1192.2054930722516,1.412009921345972
0,-778701899126706.5,-4818622218388.871,-433.9197735882792,-2.3256999790115778,8802141659541.008,-40004.04879776749,1.4444651711120529
1,-1613459217302835.2,0.0,412.2687603425639,0.1717911672643799,8802141659541.008,4219.805956172393,1.4444651711120529
