particle_id,x,y,vx,vy,time,energy,faug
0,-704300493026514.9,0.0,530.5223015513999,1.134361770882974,3842274192010.384,4261.023089761788,1.3454919472669724
0,-173693551872429.25,929060163171.9677,752.3008508342217,0.5757197212841966,4727029947328.75,183.279720001854,1.3639669322365469
1,-866478901838284.5,0.0,503.4525062035844,0.9100560996787952,4727029947328.75,4192.057780995383,1.3639669322365469
0,-587767124704502.2,-17544039552141.377,-473.2320276583935,-12.76605910861032,5815517322893.456,-38930.94742206027,1.3857627218865665
1,-246667466281316.7,926857155601.0476,701.8992512412975,0.5593930501541464,5815517322893.456,692.8532825043367,1.3857627218865665
0,-1135039747667168.0,-32112525957234.883,-359.2863030915505,-9.461042401091316,7154649348474.241,-39816.36237561228,1.412010195901816
1,-678491109769021.9,-15408051834965.293,-453.1541438738331,-9.128606165945095,7154649348474.241,-39506.35549249011,1.412010195901816
0,-1657057257414054.2,-45739864789016.78,-279.5429341886911,-7.234103954089938,8802141659541.008,-39847.35850251641,1.4444653988423293
1,-1308951250746448.0,-27875472430661.125,-329.1585993082326,-6.40734866610808,8802141659541.008,-40712.04778946138,1.4444653988423293
