particle_id,x,y,vx,vy,time,energy,faug
0,-866478901838284.5,0.0,503.40363622900185,1.4885795044717351,4727029947328.75,4168.149097369183,1.363967723011709
0,-246726698207800.16,1516087057421.409,701.8117630124865,0.9152434873267232,5815517322893.456,669.9244072666916,1.3857633439399302
0,-678100256941840.0,-25191861595190.227,-452.9779649720275,-14.926311207371672,7154649348474.241,-39528.32288990424,1.4120106966167012
0,-1308296027152993.5,-45576474480519.695,-329.0105466255234,-10.4757010365542,8802141659541.008,-40734.73471080843,1.4444658141598956
1,-1613459217302835.2,0.0,412.68436208535394,0.7440690673416586,8802141659541.008,4391.493997158861,1.4444658141598956
