particle_id,x,y,vx,vy,time,energy,faug
0,-572476933281371.9,0.0,548.5304378082574,93.11499630911734,3123117714735.799,4385.428936064622,1.3334984562745449
0,-127847081710726.95,61785472027598.54,767.9383298829803,45.82627347646818,3842274192010.384,176.5425829232554,1.3484658803959464
0,196532909038009.0,-410976784697039.5,119.02354577978262,-520.1271490750497,4727029947328.75,-26427.404520818265,1.3662562507864775
0,298494847989719.0,-910721190199130.2,76.97344328847534,-413.4327082898455,5815517322893.456,-27353.435818191618,1.3875592094184035
0,385817075631886.2,-1412997434995391.0,55.55613285183882,-341.6304489156931,7154649348474.241,-27363.014927984863,1.4134537717908713
0,463249822127151.5,-1921875743381753.5,39.55281476832683,-279.1620776484028,8802141659541.008,-27363.050723918648,1.4456613180903823
1,-1613459217302835.2,0.0,411.460511259345,33.339054205048726,8802141659541.008,4442.648253416992,1.4456613180903823
2,-1613459217302835.2,0.0,411.69921395960495,27.67958261945185,8802141659541.008,4368.226857344431,1.4456613180903823
