particle_id,x,y,vx,vy,time,energy,faug
0,-1066001933499448.0,0.0,475.2336120551821,12.741687915641656,5815517322893.456,4390.086165225512,1.3858710833469128
0,-345082737244339.8,16100664719618.076,654.954806838913,8.80210997212038,7154649348474.241,1391.881372482283,1.4120974112438471
1,-1311468888409987.8,0.0,444.64634291494536,8.832286122527176,7154649348474.241,4205.471410791637,1.4120974112438471
0,-742072482681810.5,-228847868939807.25,-421.13124263892394,-111.56905208041542,8802141659541.008,-39488.52872924959,1.4445377342607295
1,-479237882730057.25,13826932652216.943,608.796996428456,6.605223645319554,8802141659541.008,1654.8399395272718,1.4445377342607295
2,-1613459217302835.2,0.0,412.0810264668788,7.221524389639223,8802141659541.008,4168.487217125934,1.4445377342607295
