particle_id,x,y,vx,vy,time,energy,faug
0,-1066001933499448.0,0.0,474.8414066494621,0.1055809279013009,5815517322893.456,4122.604154334156,1.385762327984868
0,-345630806845476.8,133422315382.42056,654.5071351686728,0.0729784943221518,7154649348474.241,1127.7360692955845,1.4120098788347484
1,-1311468888409987.8,0.0,444.4762137109108,0.090295061025509,7154649348474.241,4090.837991891589,1.4120098788347484
2,-1311468888409987.8,0.0,444.55118017157224,0.0889166966413736,7154649348474.241,4124.161486957266,1.4120098788347484
3,-1311468888409987.8,0.0,444.6522899159905,0.0822476197591746,7154649348474.241,4169.114484001446,1.4120098788347484
0,1.0412329065785048e+16,347001642860758.0,8332.85927172671,277.5682719448266,8802141659541.008,34744059.052872516,1.4444651358511194
1,-479528418499665.1,141359667434.0252,608.6082622341,0.0675382323874633,8802141659541.008,1541.4059951791423,1.4444651358511194
2,-479395121860370.94,139199690896.50525,608.7172640204053,0.0664967682329212,8802141659541.008,1573.7244031769517,1.4444651358511194
3,-479215334518777.25,128756577780.6574,608.8643088663539,0.0614961742555858,8802141659541.008,1617.3211138133483,1.4444651358511194
