particle_id,x,y,vx,vy,time,energy,faug
0,-866478901838284.5,0.0,503.38926344066374,0.2064648658325728,4727029947328.75,4159.827266145425,1.3639664504543252
0,-246743687607228.97,210281001473.6108,701.7899324100465,0.126951010205282,5815517322893.456,661.8279398143059,1.3857623428981118
0,-678564315372359.8,-3495118163178.114,-453.1889809812426,-2.0706240465856327,7154649348474.241,-39541.32932755284,1.412009890839013
0,-1309031903572535.0,-6322868362201.035,-329.1411344940632,-1.45314916358054,8802141659541.008,-40747.80398884282,1.4444651458080566
