particle_id,x,y,vx,vy,time,energy,faug
0,-1311468888409987.8,0.0,447.9345033499858,11.057674105394463,7154649348474.241,5695.077361908727,1.409391171758359
0,-473394790963197.8,17299286149016.738,613.561420376732,8.212217499050547,8802141659541.008,3100.572787246172,1.4411349245836154
