particle_id,x,y,vx,vy,time,energy,faug
0,-1066001933499448.0,0.0,352.42082158078426,323.6668735496822,5815517322893.456,5865.758104798515,1.5421210459160142
1,-1066001933499448.0,0.0,333.3875062433752,341.9713661200798,5815517322893.456,5431.240128853155,1.5421210459160142
0,-526756628248441.1,420000139323857.4,461.34812181354016,287.15962830533886,7154649348474.241,4823.739897409017,1.5180585078537416
1,-553583086402472.6,444509967948115.1,438.4955341018772,306.41561464381846,7154649348474.241,4523.292045834911,1.5180585078537416
0,308440448900711.3,731844732613869.5,507.98731253178886,86.6887789608698,8802141659541.008,309.49774089601124,1.5228206426056985
1,241499170640456.8,807207010203243.4,490.1076146687381,128.6802134628805,8802141659541.008,830.4605257165385,1.5228206426056985
