particle_id,x,y,vx,vy,time,energy,faug
0,-1613459217302835.2,0.0,415.6028023981267,0.0700800798980769,8802141659541.008,5599.8729590695875,1.4410420130849375
1,-1613459217302835.2,0.0,415.96029863002815,0.0623809379875974,8802141659541.008,5748.512786754436,1.4410420130849375
