particle_id,x,y,vx,vy,time,energy,faug
0,-1613459217302835.2,0.0,415.08456868117514,0.0264139691367932,8802141659541.008,5384.625750340114,1.4410420087023297
