particle_id,x,y,vx,vy,time,energy,faug
0,-1066001933499448.0,0.0,178.4114376534634,443.07597593484826,5815517322893.456,5458.898614345002,1.8498084758542144
0,-768501795664123.1,580859643643737.0,265.03027345004824,414.27939223951125,7154649348474.241,5183.079719273781,1.6464669742952944
0,-273885852627245.38,1190611121901955.0,322.3778441435765,323.102487743403,8802141659541.008,4466.102619110665,1.6000194403776629
