particle_id,x,y,vx,vy,time,energy,faug
0,-1066001933499448.0,0.0,478.48893543376687,0.5556648799098143,5815517322893.456,5861.402894247221,1.3835180962131233
0,-340289594830299.4,701516145218.0667,660.2912978087479,0.3794850984678863,7154649348474.241,2807.295701316325,1.40927893927382
0,-785479318768929.2,-10360707100834.96,-436.1589786050661,-4.998954773906586,8802141659541.008,-38273.320936219854,1.4410421435787366
