particle_id,x,y,vx,vy,time,energy,faug
0,-866478901838284.5,0.0,505.7385223804906,0.211097605154064,4727029947328.75,5345.179469508483,1.362079573964866
0,-243905476656641.38,214825201691.8293,705.9146363697188,0.1281782081640466,5815517322893.456,1801.3409073571092,1.3835179234816095
0,-682398270853337.5,-3610467361598.6367,-454.87398046702134,-2.138627985087183,7154649348474.241,-38313.36739346664,1.4092788005751615
0,-1316547865784701.2,-6538829618643.706,-331.75992181158034,-1.50880194602111,8802141659541.008,-39489.354487031625,1.4410420289075276
