particle_id,x,y,vx,vy,time,energy,faug
0,-1066001933499448.0,0.0,478.23196423945126,0.0046291245703974,5815517322893.456,5738.323667124336,1.3835178918548836
0,-340666139559645.6,5844582254.818876,659.881927587948,0.0031641581390819,7154649348474.241,2688.4289785590954,1.4092787751797644
0,-785051128890211.2,-86217172733.99646,-436.0179490464917,-0.0415993021139619,8802141659541.008,-38401.24496612529,1.4410420079114972
1,-1613459217302835.2,0.0,415.2790553787916,0.003087102513774,8802141659541.008,5465.372745788452,1.4410420079114972
