particle_id,x,y,vx,vy,time,energy,faug
0,-1066001933499448.0,0.0,477.4426496652222,0.0009556817109258,5815517322893.456,5361.159706378778,1.3835178918373905
0,-341822606206865.7,1206866844.0078442,658.6255591853842,0.0006549748249374,7154649348474.241,2324.179560487246,1.409278775165718
0,-783512254771018.9,-17736418793.187572,-435.5081181820821,-0.0085583802670874,8802141659541.008,-38790.90656904603,1.4410420078998838
