particle_id,x,y,vx,vy,time,energy,faug
0,-572476933281371.9,0.0,558.2429841825107,15.138233171834807,3123117714735.799,5539.604812461737,1.3282879660004223
0,-118407751164817.5,9927411651852.47,812.0274870142506,5.109109491138833,3842274192010.384,737.7044277337263,1.3439671123738168
0,-464081540447260.94,-204684522032740.56,-461.6519280229215,-184.9388683907543,4727029947328.75,-36605.84070960985,1.3621496778063116
0,-907051522814500.0,-380251872870549.2,-364.7430740696178,-143.3523283512696,5815517322893.456,-37237.74135629693,1.3835729603986926
0,-1346582275114300.5,-551889573443679.75,-296.13743061770083,-114.93458203262244,7154649348474.241,-37242.534982016834,1.4093229913593868
0,-1782090148139009.5,-719889809784233.6,-235.34255381897776,-90.20554721613888,8802141659541.008,-37242.51892237902,1.441078562932171
