particle_id,x,y,vx,vy,time,energy,faug
0,-1066001933499448.0,0.0,478.00397988360504,54.28541775728622,5815517322893.456,7102.773529072554,1.3836117094795923
0,-341472185875994.7,68595975919043.68,656.3989944044338,37.60783808408024,7154649348474.241,4110.968151825509,1.408157082635653
0,-261748557323536.75,-695581749556755.0,-232.7899734834833,-397.5421977825842,8802141659541.008,-32095.914020810436,1.4386271181437853
1,-1613459217302835.2,0.0,418.42966737315504,35.76292810291956,8802141659541.008,7418.2126051244995,1.4386271181437853
2,-1613459217302835.2,0.0,417.9536603307898,38.23943363547238,8802141659541.008,7310.784057206052,1.4386271181437853
