particle_id,x,y,vx,vy,time,energy,faug
0,-378231758954484.3,0.0,608.2864713085227,26.47751344397783,2063423411482.4,7112.093590498553,1.3011502340371908
0,-49709956799060.78,10913288862241.736,965.0124403899972,-10.396770954061616,2538565384109.942,410.7274796202546,1.3130453086491778
0,-265657579426495.1,-259425973463760.0,-406.9398654729258,-359.69662324393806,3123117714735.799,-32910.289839690755,1.3265119506640484
0,-531169100636778.06,-492152420191806.7,-339.5381972107404,-295.7436884672866,3842274192010.384,-33226.081620021345,1.341911682562397
0,-808593602658456.5,-732696829782045.0,-290.8146267426977,-251.13272961638725,4727029947328.75,-33225.819450099574,1.3597421427484004
0,-1100871225776382.6,-984167981308032.4,-248.3134567151493,-212.89276298326809,5815517322893.456,-33225.5657414863,1.3807072889877987
0,-1405463079380416.5,-1244374810141222.5,-208.16927939921695,-177.1842851658255,7154649348474.241,-33225.46105859688,1.4058391108326498
0,-1715474993496156.0,-1507193097385053.0,-170.42282841392216,-143.89336777015345,8802141659541.008,-33225.45771911857,1.4367225841724642
