particle_id,x,y,vx,vy,time,energy,faug
0,-1613459217302835.2,0.0,380.3985387828455,179.13233862505777,8802141659541.008,7632.747347575831,1.4724441585775234
