particle_id,x,y,vx,vy,time,energy,faug
0,-1613459217302835.2,0.0,420.2657864892127,0.0784184176510339,8802141659541.008,7548.69454429498,1.4366761209117969
1,-1613459217302835.2,0.0,420.40317339358654,0.0763534107387852,8802141659541.008,7606.44283749329,1.4366761209117969
2,-1613459217302835.2,0.0,420.46167320748896,0.0771587093788287,8802141659541.008,7631.038117826451,1.4366761209117969
