particle_id,x,y,vx,vy,time,energy,faug
0,-465326721171138.2,0.0,586.4909335906342,0.4160628476385737,2538565384109.942,7667.276150316058,1.3128397854768092
0,-76666038947341.56,216598643769.92557,891.0404802442389,0.0079174708399369,3123117714735.799,1882.896775800793,1.3263578314740456
0,-440348776661989.7,-5353354214354.815,-519.157846064364,-5.87177896132994,3842274192010.384,-34412.7147580873,1.3417947363908342
0,-851143517532209.2,-9967096777419.771,-421.6463792262164,-4.710116477802866,4727029947328.75,-34832.089975507115,1.3596521353960531
0,-1269785322294624.8,-14624839435984.469,-352.1797015624008,-3.90378305705451,5815517322893.456,-34831.952191130535,1.3806368002074303
0,-1698744726768409.2,-19363089406381.695,-291.4113214871934,-3.2076734222813266,7154649348474.241,-34831.80674567676,1.4057826901715365
0,-2129581160822087.2,-24087739030801.426,-234.35559296693836,-2.5598889130851896,8802141659541.008,-34831.4964837969,1.4366761310719451
