particle_id,x,y,vx,vy,time,energy,faug
0,-378231758954484.3,0.0,609.4390228906162,0.0254801339112578,2063423411482.4,7463.3102784766525,1.3008733017858105
0,-48802351519637.39,10458254312.960732,978.758199132405,-0.0122679803560361,2538565384109.942,620.9480467581307,1.3128397115947472
0,-375894327751025.2,-291596346737.6332,-539.1771954498013,-0.3926228561435148,3123117714735.799,-34145.546031065576,1.3263577760554863
0,-726499569169894.9,-545507451824.9902,-447.0799319978116,-0.3224338300244543,3842274192010.384,-34440.88134715795,1.3417946943308354
0,-1090904685483056.0,-807517597493.7625,-381.1098119162025,-0.2732736304090711,4727029947328.75,-34440.617600186844,1.3596521030202091
0,-1473024189748301.2,-1080834646043.9803,-323.85783603680244,-0.2310887873280076,5815517322893.456,-34440.363356967755,1.3806367748499846
0,-1869187399593270.8,-1362821719001.9224,-269.9487486936553,-0.1916632981515976,7154649348474.241,-34440.25696196635,1.4057826698735134
0,-2269634457723934.5,-1646349877854.8096,-219.16008182647155,-0.1547283426557519,8802141659541.008,-34440.05742994758,1.4366761143590547
