particle_id,x,y,vx,vy,time,energy,faug
0,-704300493026514.9,0.0,536.746370243866,0.8958233983736209,3842274192010.384,7582.157714514062,1.3417951282835987
0,-167452587737252.38,731518387309.9221,764.9468614637549,0.4261275840982579,4727029947328.75,3353.8091884480673,1.3596524370568424
0,-596379448005151.6,-14226089880036.84,-478.1306158336843,-10.347439494686988,5815517322893.456,-35490.79523903185,1.3806370364744551
0,-1151854205377137.2,-26099967764404.08,-366.2644576335653,-7.751468575331027,7154649348474.241,-36311.83203302778,1.4057828792975384
0,-1686496691156191.2,-37325678091084.22,-287.8182809324812,-5.995910750790378,8802141659541.008,-36333.74433046996,1.4366762867935892
1,-1613459217302835.2,0.0,420.0529468151888,0.392407864963526,8802141659541.008,7459.341878900785,1.4366762867935892
