particle_id,x,y,vx,vy,time,energy,faug
0,-572476933281371.9,0.0,561.834370971189,0.0010797380648822,3123117714735.799,7436.337269060576,1.3263577759266196
0,-115355798849182.95,706203571.4918259,821.6575701751112,0.0003282680706804,3842274192010.384,2514.6449434998212,1.341794694233032
0,-513247278763086.75,-15472614546.491564,-498.4326065175881,-0.0138216621021643,4727029947328.75,-35142.580590494574,1.359652102944925
0,-991808968387322.8,-28621525223.552967,-394.2835732313857,-0.0107549663698726,5815517322893.456,-35736.82723032667,1.3806367747910202
0,-1467283509339441.8,-41519253807.19516,-320.6379925649353,-0.0086517193007349,7154649348474.241,-35740.257458653476,1.4057826698263136
0,-1939444443501662.0,-54193040916.24048,-255.56497771856053,-0.0068224270112317,8802141659541.008,-35740.238031615176,1.4366761143201918
1,-1613459217302835.2,0.0,419.6689971076333,0.0003453248236099,8802141659541.008,7298.059389595583,1.4366761143201918
