particle_id,x,y,vx,vy,time,energy,faug
0,-1613459217302835.2,0.0,201.83544538719707,367.4563877163546,8802141659541.008,7117.897766972674,2.7962021603584883
