particle_id,x,y,vx,vy,time,energy,faug
0,-866478901838284.5,0.0,371.4106405602829,354.9546939487499,4727029947328.75,9428.780017433191,1.476905289977381
0,-407548314853719.1,374248710579373.6,479.0145965469704,314.785152171962,5815517322893.456,8373.220844763186,1.4590689573309477
0,283094584641065.56,673018258588558.8,513.720148090246,134.87466071775225,7154649348474.241,4719.246766131546,1.4615627355283087
0,1066594165223068.4,804230304568331.0,438.7783172895416,42.4885751434922,8802141659541.008,3637.4886519997817,1.4778777044135285
