particle_id,x,y,vx,vy,time,energy,faug
0,-378231758954484.3,0.0,612.217069969365,0.000581804793054,2063423411482.4,9160.21902402988,1.299047416969911
0,-47112746812216.73,237638933.75362992,991.9103619902376,-0.0003323828818548,2538565384109.942,2165.6096218900057,1.3107887000495912
0,-378091283755536.1,-6730042010.884078,-541.6368161913203,-0.0090591389553923,3123117714735.799,-32390.217508858448,1.3240312479393237
0,-730725772692511.5,-12596700217.203789,-450.1524431374237,-0.0074588560191546,3842274192010.384,-32672.794119581173,1.3391249234705378
0,-1098035793844260.8,-18664991456.179028,-384.5845871619618,-0.0063369618935191,4727029947328.75,-32672.526729581703,1.3565455262475168
0,-1484160237139278.0,-25012134090.022507,-327.7315118374019,-0.0053748963688273,5815517322893.456,-32672.275011367623,1.376959777639721
0,-1885807855435526.5,-31583836204.34908,-274.2604850021557,-0.0044766709190734,7154649348474.241,-32672.172783802336,1.4013364963025905
0,-2294015633363302.0,-38229581502.799515,-224.33139407497796,-0.0036425376277536,8802141659541.008,-32672.091988157754,1.4311494651209264
