particle_id,x,y,vx,vy,time,energy,faug
0,-1613459217302835.2,0.0,425.31017245471674,0.7304536627278998,8802141659541.008,9681.664000879784,1.4311500176586305
