particle_id,x,y,vx,vy,time,energy,faug
0,-1066001933499448.0,0.0,485.9935527865929,0.0015872654725042,5815517322893.456,9480.28452257518,1.376959777641483
0,-329270668268848.44,1999717786.0218904,672.4105725008832,0.001055048975828,7154649348474.241,6299.894928606023,1.4013364963039951
1,-1311468888409987.8,0.0,456.1095687549312,0.0013450814388087,7154649348474.241,9329.250993708209,1.4013364963039951
0,-800266314348220.1,-30609423844.384712,-441.1390468139107,-0.0147588168885853,8802141659541.008,-34527.13933331588,1.431149465122077
1,-458799405984634.9,2100596075.856172,625.7595663967379,0.0009798712986739,8802141659541.008,6618.537604489917,1.431149465122077
2,-1613459217302835.2,0.0,424.12392902395743,0.0009438350480833,8802141659541.008,9177.57940867747,1.431149465122077
