particle_id,x,y,vx,vy,time,energy,faug
0,-1311468888409987.8,0.0,457.7649339139369,0.6490408664072049,7154649348474.241,10085.859625537574,1.4013369194313272
0,-455842385220682.1,1013224781718.6548,628.240461399411,0.4708822746431357,8802141659541.008,7351.30132623727,1.431149811722036
