particle_id,x,y,vx,vy,time,energy,faug
0,-866478901838284.5,0.0,513.5375994000449,0.1270304917676719,4727029947328.75,9319.871745761426,1.3565455364687602
0,-234453004015648.9,128907351880.39014,719.9153458220877,0.0736474257233081,5815517322893.456,5618.3234169763455,1.3769597856204727
0,-695203795511378.8,-2247652579456.459,-460.562141053256,-1.3307097131870722,7154649348474.241,-34195.48902488424,1.4013365026659244
1,-1311468888409987.8,0.0,456.5099613180699,0.0839327228415644,7154649348474.241,9511.957551562766,1.4013365026659244
0,-1341645732331102.8,-4085177300186.762,-340.4583366330036,-0.9546211765160538,8802141659541.008,-35273.9960659743,1.4311494703333814
1,-458084334906858.5,131064997271.90204,626.3587417002276,0.0610836167531621,8802141659541.008,6795.496493161452,1.4311494703333814
