particle_id,x,y,vx,vy,time,energy,faug
0,-704300493026514.9,0.0,539.6585669721779,0.0044778239520001,3842274192010.384,9149.10794300874,1.339124923482663
0,-164520836249520.16,3651166920.270985,771.0321230453118,0.0020578951740605,4727029947328.75,4847.649865818559,1.356545526256827
0,-600560621079534.4,-71998562331.72134,-480.5259558187193,-0.0523568200466147,5815517322893.456,-33868.929536531316,1.3769597776469906
0,-1159975893909344.2,-132228993107.13026,-369.58679808956776,-0.0394114712211123,7154649348474.241,-34660.95902106713,1.4013364963083863
1,-1311468888409987.8,0.0,457.701093615054,0.0022892039325812,7154649348474.241,10056.427188727394,1.4013364963083863
0,-1700591879150448.8,-189442751970.84576,-291.716156961884,-0.0306421420630156,8802141659541.008,-34679.402485293474,1.4311494651256744
1,-455956391958010.06,3573752122.951494,628.1449362624065,0.0016610918295598,8802141659541.008,7322.786455210589,1.4311494651256744
