particle_id,x,y,vx,vy,time,energy,faug
0,-1066001933499448.0,0.0,485.6363131798046,0.3081588076460996,5815517322893.456,9306.779666610062,1.376959859808016
0,-329796143766484.06,388273975449.6694,671.8265965856332,0.2051118625401471,7154649348474.241,6132.541570144414,1.4013365618182572
1,-1311468888409987.8,0.0,456.0755812480041,0.2483456774953654,7154649348474.241,9313.780381039103,1.4013365618182572
0,-799538210992325.1,-5933069595363.745,-440.88985249179166,-2.860816734586041,8802141659541.008,-34707.39994585361,1.4311495187873595
1,-458860110403339.1,387841116464.74,625.7086806617874,0.1809311257057156,8802141659541.008,6603.555217211455,1.4311495187873595
