particle_id,x,y,vx,vy,time,energy,faug
0,-1311468888409987.8,0.0,456.22665168491494,0.0029035910846524,7154649348474.241,9382.660495928709,1.4013364963118509
0,-458590315893951.3,4534382596.364754,625.9347152380176,0.0021146148519516,8802141659541.008,6670.267743445671,1.4311494651285122
