particle_id,x,y,vx,vy,time,energy,faug
0,-1066001933499448.0,0.0,492.9845055973196,21.36426695260199,5815517322893.456,13130.495176975892,1.3725892660243095
0,-319052795254030.7,26863870845494.695,683.3893616454702,13.840550518691373,7154649348474.241,9836.75878347014,1.395956839132003
0,-702117058446081.8,-397494964255932.2,-404.7761460144065,-196.7223672332771,8802141659541.008,-29870.39688832045,1.4244046533831791
