particle_id,x,y,vx,vy,time,energy,faug
0,-1613459217302835.2,0.0,430.9459296881389,0.0005567795493783,8802141659541.008,12094.222980414808,1.4242188375309763
