particle_id,x,y,vx,vy,time,energy,faug
0,-1311468888409987.8,0.0,463.59078159462007,2.945241756076485,7154649348474.241,12773.825252155191,1.3957372120151086
0,-445421121947047.5,4591701869456.458,637.0523409051007,2.104611705809922,8802141659541.008,9953.572786093137,1.4242259347277884
