particle_id,x,y,vx,vy,time,energy,faug
0,-378231758954484.3,0.0,618.2915112638404,0.0006681981070388,2063423411482.4,12897.545093608584,1.2967055866148198
0,-43365932326867.68,269681238.5669068,1023.486341174431,-0.0005368573333873,2538565384109.942,5545.900350401935,1.30816252438333
0,-382911590805029.6,-7911835456.103696,-547.0381230975784,-0.0106430360706514,3123117714735.799,-28526.83978704267,1.321058135296817
0,-739986560923584.1,-14824341445.477476,-456.8633524590777,-0.0088109229676899,3842274192010.384,-28783.052787839057,1.3357211379515568
0,-1113634817447111.0,-22010668145.112724,-392.15934440006663,-0.0075239704371378,4727029947328.75,-28782.779026107903,1.3525960273981317
0,-1508480764488377.0,-29569567745.27913,-336.1591073383495,-0.0064219219630315,5815517322893.456,-28782.533259393364,1.3723013836377589
0,-1922046373747707.2,-37453539264.44737,-283.6197074317867,-0.0053952018248615,7154649348474.241,-28782.440433108073,1.3957284920963748
0,-2347143816020641.0,-45521811004.96809,-235.5545044569936,-0.0044607977646874,8802141659541.008,-28782.321358101653,1.4242188375306353
1,-1613459217302835.2,0.0,431.1399796565068,0.0001361313614717,8802141659541.008,12177.866851988423,1.4242188375306353
