particle_id,x,y,vx,vy,time,energy,faug
0,-866478901838284.5,0.0,142.18491917184022,499.8611558135437,4727029947328.75,12498.293844185277,2.11827241893952
0,-665620621125833.6,533553578307342.2,224.2137848949175,470.9726053771925,5815517322893.456,12330.693120050795,1.6416832590465624
0,-324645135558749.9,1112947092854916.0,274.37979198678624,393.50336579426835,7154649348474.241,12068.702634565314,1.556966823202394
0,137465982761296.62,1693108813069039.0,281.42341072166244,315.43303052039073,8802141659541.008,12044.421460005353,1.5370143996872954
