particle_id,x,y,vx,vy,time,energy,faug
0,-866478901838284.5,0.0,520.3554468629098,0.0058233839729834,4727029947328.75,12844.326235513232,1.3525960274169988
0,-226149300718313.03,5893590631.256213,732.5782984447594,0.0032205394896396,5815517322893.456,8997.47932521315,1.372301383652433
0,-706483825573910.6,-106115332791.72765,-465.6427332731845,-0.0627983156123916,7154649348474.241,-30543.784255640057,1.395728492108018
0,-1363746076695741.8,-193434726409.2986,-348.06309140148323,-0.0456695352403368,8802141659541.008,-31541.690285907574,1.4242188375401117
