particle_id,x,y,vx,vy,time,energy,faug
0,-866478901838284.5,0.0,528.1550200731659,0.0003545320648898,4727029947328.75,16933.293292913964,1.3476165218794602
0,-216599408906794.3,357612866.9827145,747.6130001814331,0.0001839272141361,5815517322893.456,12910.938436137105,1.3664536522749189
0,-719485380418113.0,-6679759729.102617,-471.57216891754666,-0.0039511493998624,7154649348474.241,-26305.851065596144,1.3887272259999548
0,-1389206933398124.5,-12214973414.984257,-356.76374416251736,-0.0029158111716408,8802141659541.008,-27216.68077425711,1.415627724598226
