particle_id,x,y,vx,vy,time,energy,faug
0,-866478901838284.5,0.0,522.9508779196485,72.8904310320111,4727029947328.75,16854.748505089752,1.350652413963714
0,-224008486243971.56,73875878404329.55,727.7177184851944,41.95035245858119,5815517322893.456,13103.50922285614,1.3687953405825546
0,49177213819357.17,-659043695345807.2,-58.58440467618624,-499.1811487710896,7154649348474.241,-18117.142815652027,1.3905694319070232
0,-50794751161756.26,-1365120016388799.8,-60.276446768879765,-376.5460589608342,8802141659541.008,-19289.80087116263,1.4171128426828
