particle_id,x,y,vx,vy,time,energy,faug
0,-465326721171138.2,0.0,602.425441822314,0.5107821323374699,2538565384109.942,17139.718930761068,1.3048217290193858
0,-65216571047992.25,260766827385.33865,948.4514428845648,-0.1478780417566016,3123117714735.799,10655.53959926532,1.3172853251908774
0,-455603365728460.1,-6997727710165.918,-532.9542700681158,-7.664096781749007,3842274192010.384,-24613.092625487217,1.3314144730545516
0,-880611635286617.0,-13073547829488.982,-439.2805412154171,-6.251648707183315,4727029947328.75,-24942.704647166247,1.3476165631714163
0,-1319852492134015.0,-19303968799693.203,-372.2823432817027,-5.2648657375931185,5815517322893.456,-24942.47424018968,1.3664536842359931
0,-1777437377414625.8,-25757405976094.156,-314.00475899520586,-4.416621131491193,7154649348474.241,-24942.337271701326,1.3887272512056723
0,-2248350164859481.5,-32362845588437.273,-260.97483103654935,-3.65076922301556,8802141659541.008,-24942.326091955743,1.4156277449535355
