particle_id,x,y,vx,vy,time,energy,faug
0,-1613459217302835.2,0.0,442.39311529745623,0.000682961586461,8802141659541.008,17092.860054400036,1.4156277245986295
