particle_id,x,y,vx,vy,time,energy,faug
0,-572476933281371.9,0.0,576.9667176093888,1.1607062501930223,3123117714735.799,16053.37730015756,1.3172859938443549
0,-102538273965919.58,750220586496.3287,862.0671070357754,0.172979934471539,3842274192010.384,10628.90930769412,1.331414976514791
0,-530378682214093.6,-17681981321658.617,-510.8424860325744,-15.777839536938018,4727029947328.75,-26217.910024916564,1.3476169470128747
0,-1025164022024945.8,-32845431548501.61,-410.9206005556959,-12.51739880367944,5815517322893.456,-26699.542475730268,1.366453981339366
0,-1524776780097991.5,-47995405547744.4,-339.92900026649005,-10.264159892094291,7154649348474.241,-26700.01023379565,1.3887274855126013
0,-2031022170367410.5,-63219419144043.414,-277.6943245283343,-8.316598699989648,8802141659541.008,-26699.976311283557,1.4156279341720663
