particle_id,x,y,vx,vy,time,energy,faug
0,-1613459217302835.2,0.0,441.5134584932815,0.0078612253705622,8802141659541.008,16704.092869121363,1.415627724673744
