particle_id,x,y,vx,vy,time,energy,faug
0,-1613459217302835.2,0.0,441.79646949079466,16.242174302451854,8802141659541.008,16960.99016317357,1.415856637458674
