particle_id,x,y,vx,vy,time,energy,faug
0,-704300493026514.9,0.0,553.4132219510097,0.7825570031742202,3842274192010.384,16666.826792581356,1.3314147686837807
0,-150564548904770.16,633170659853.4495,801.4293026503436,0.290332372991703,4727029947328.75,11995.1153243921,1.3476167885611785
0,-619477859801887.1,-13324320628425.336,-491.44856794232015,-9.680835099425328,5815517322893.456,-26079.4336174622,1.366453858693622
0,-1196941884585710.2,-24584651237091.707,-384.8421014088159,-7.4440151824181875,7154649348474.241,-26744.21143144896,1.3887273887895584
0,-1765027771867186.8,-35504789638172.91,-309.66715289208406,-5.916910773069842,8802141659541.008,-26751.460971972803,1.415627856061744
1,-1613459217302835.2,0.0,442.8236989420066,0.3960389787654509,8802141659541.008,17283.51841864943,1.415627856061744
