particle_id,x,y,vx,vy,time,energy,faug
0,-704300493026514.9,0.0,552.9146594760251,0.0311738307981572,3842274192010.384,16390.734297399205,1.331414419405393
0,-151073702986646.66,25230605809.812355,800.2759356414231,0.0116783907095715,4727029947328.75,11733.19919489196,1.3476165222689105
0,-618931645674319.5,-529755358587.0415,-491.1341035425043,-0.3848973960222593,5815517322893.456,-26366.78016975237,1.3664536525763633
0,-1195838401593292.8,-977280875027.1326,-384.354445686788,-0.2957477399366608,7154649348474.241,-27035.877575249368,1.3887272262376853
0,-1763026186362612.2,-1410979177774.264,-309.0702894620525,-0.2349006507687659,8802141659541.008,-27043.408877990587,1.4156277247902096
