particle_id,x,y,vx,vy,time,energy,faug
0,-1613459217302835.2,0.0,435.840634088596,55.27440555794281,8802141659541.008,15743.18493913929,1.4194334256638848
