particle_id,x,y,vx,vy,time,energy,faug
0,-1311468888409987.8,0.0,471.4869848376651,0.0265833103512917,7154649348474.241,16461.27042689144,1.3887272266041928
0,-431252206743376.6,41364231415.511635,649.2447401097577,0.0185684262625179,8802141659541.008,13519.630522805848,1.4156277250861888
