particle_id,x,y,vx,vy,time,energy,faug
0,-1311468888409987.8,0.0,472.0413253497432,0.0044293923801682,7154649348474.241,16722.788066679757,1.3887272260143884
0,-430255773184755.5,6891268716.207944,650.1107098069264,0.0030886807043865,8802141659541.008,13772.414601365015,1.415627724609882
