particle_id,x,y,vx,vy,time,energy,faug
0,-1066001933499448.0,0.0,499.64107628121013,0.0570933117279979,5815517322893.456,16206.0220297942,1.3664536542221484
1,-1066001933499448.0,0.0,499.0704580007462,0.0538185648721547,5815517322893.456,15921.080319004324,1.3664536542221484
0,-309121867489856.9,71628100875.41086,695.2916816703911,0.0357760454475199,7154649348474.241,12779.518524703131,1.388727227535614
1,-309967369126003.44,67532279859.62103,694.3110168446522,0.0338173929176249,7154649348474.241,12505.321734451429,1.388727227535614
0,2.040340130196683e+16,-24932447368586.75,15641.33170321315,-19.106314822163792,8802141659541.008,122319308.76266126,1.415627725838374
1,2800638385813064.0,2977400363547.048,2138.9215284821134,2.252214205793398,8802141659541.008,2240122.8126033894,1.415627725838374
