particle_id,x,y,vx,vy,time,energy,faug
0,-1311468888409987.8,0.0,472.65316885300575,0.0035318525621836,7154649348474.241,17011.790657529913,1.388727226008989
0,-429155690065659.3,5494017911.176022,651.068182739998,0.0024581626687117,8802141659541.008,14051.742970920634,1.4156277246055216
