particle_id,x,y,vx,vy,time,energy,faug
0,-572476933281371.9,0.0,576.7762237744595,0.1326224389089579,3123117714735.799,15942.822016300195,1.3172852602465277
0,-102700998961794.0,85734522969.98,861.5263995887422,0.0200653570748395,3842274192010.384,10525.091349384633,1.3314144241548889
0,-530459783035025.25,-2019369486760.1785,-510.91127199919833,-1.801824335367202,4727029947328.75,-26335.43010673896,1.3476165258899604
0,-1025256115297255.2,-3750817067246.813,-410.8878416911769,-1.4291471373509,5815517322893.456,-26818.33255605695,1.3664536553791529
0,-1524777364883002.8,-5480339537480.711,-339.8289552563865,-1.171616796986305,7154649348474.241,-26818.817482486753,1.3887272284480718
0,-2030803561570416.5,-7217847212144.32,-277.5271363048171,-0.9489963561374224,8802141659541.008,-26818.763694155285,1.415627726575245
