particle_id,x,y,vx,vy,time,energy,faug
0,-704300493026514.9,0.0,562.844415949877,0.6606408563155386,3842274192010.384,21930.559985900472,1.3260170611610875
0,-140875994082191.88,531214523390.2733,824.1787335819773,0.1950223517309442,4727029947328.75,16977.70575550676,1.3414032502987645
0,-632740695061061.9,-11694111064258.234,-499.19649033959973,-8.490633781006048,5815517322893.456,-20627.92566548592,1.3591960178324836
0,-1222764437220497.0,-21638563049804.387,-395.35334612520165,-6.615819351643485,7154649348474.241,-21214.262400943568,1.380095964808543
0,-1809654163058000.0,-31405818047613.9,-321.8997262110579,-5.329324656070002,8802141659541.008,-21217.490426970944,1.4051273434493994
1,-1613459217302835.2,0.0,450.70305832372367,0.3176437247830074,8802141659541.008,20803.699662819476,1.4051273434493994
