particle_id,x,y,vx,vy,time,energy,faug
0,-704300493026514.9,0.0,563.8195421712088,1.0688617322225242,3842274192010.384,22480.232779527985,1.3260174828104911
0,-139868239549518.94,858865944673.231,826.6327949821134,0.3062388484996103,4727029947328.75,17496.91784588271,1.3414035702127511
0,-633931286494689.8,-18992985097122.098,-499.89069908258625,-13.789533564782076,5815517322893.456,-20057.082653172576,1.3591962639965454
0,-1225124778193447.8,-35154761796501.07,-396.3523627653289,-10.758800483123322,7154649348474.241,-20635.73275104513,1.380096157520992
1,-1311468888409987.8,0.0,483.6994172207873,0.6814362022159388,7154649348474.241,22294.07692541245,1.380096157520992
0,-1813826395494154.5,-51048489109232.83,-323.0908532862879,-8.678063181458997,8802141659541.008,-20638.66806229177,1.4051274976210706
1,-409240925694745.6,1056885397456.2942,668.6729758478349,0.4568743325898491,8802141659541.008,19152.865546319255,1.4051274976210706
