particle_id,x,y,vx,vy,time,energy,faug
0,-704300493026514.9,0.0,559.3594529520975,65.88515420466261,3842274192010.384,22145.349055471917,1.3279622617198594
0,-145512402774170.88,53311260713476.984,800.9008279657606,25.46802659771218,4727029947328.75,17497.24563813355,1.3428754784480723
0,6306556998626.156,-594661296791881.8,-72.53543321886752,-518.3385813988924,5815517322893.456,-13126.183164396323,1.3603268853776918
0,-88895997409843.53,-1205731589671341.0,-68.69370500173372,-409.7284985144846,7154649348474.241,-13863.392670869916,1.3809801906295496
0,-196474068543913.25,-1816288610821880.0,-61.95229568117068,-336.53450025507925,8802141659541.008,-13867.959814033078,1.4058341165378074
1,-1613459217302835.2,0.0,450.8038353342553,27.319459633239763,8802141659541.008,21222.251236235912,1.4058341165378074
