particle_id,x,y,vx,vy,time,energy,faug
0,-866478901838284.5,0.0,537.5374701188471,0.002496769979211,4727029947328.75,21932.696572610177,1.3414030427484591
0,-205032672339042.4,2507322184.627261,766.590403417893,0.0011769313737399,5815517322893.456,17684.702957958216,1.3591958581287502
0,-735263421254067.6,-48950463527.94982,-478.85730922105427,-0.0289377767550272,7154649348474.241,-21126.22758161406,1.3800958397825305
0,-1420070686650935.8,-89831436057.35986,-367.2235843527464,-0.0217065415944224,8802141659541.008,-21939.40914271942,1.4051272434274475
1,-1613459217302835.2,0.0,450.12913494543704,0.0015749537916369,8802141659541.008,20545.144887476607,1.4051272434274475
