particle_id,x,y,vx,vy,time,energy,faug
0,-866478901838284.5,0.0,536.510220060931,0.0190210982791093,4727029947328.75,21381.038974423427,1.3414030429340769
0,-206303556336314.0,19111243246.58095,764.4603989788458,0.0090720283480068,5815517322893.456,17158.577535347315,1.3591958582715775
1,-1066001933499448.0,0.0,508.29650056682647,0.0140782245423771,5815517322893.456,20568.084189587185,1.3591958582715775
0,-733527411534008.2,-371304981482.4042,-478.0506558622314,-0.2195162812487081,7154649348474.241,-21698.363829178837,1.380095839894344
1,-296261522067028.06,17609893896.16115,710.4533009047901,0.0084263637001695,7154649348474.241,16973.408153214055,1.380095839894344
0,-1416675756297897.0,-681144331740.5819,-366.0772537130904,-0.1643778154330341,8802141659541.008,-22521.87420807437,1.4051272435168998
1,-844695848162647.8,-299557001209.72705,-456.72814523093376,-0.1442042117716095,8802141659541.008,-23044.107604778605,1.4051272435168998
2,-1613459217302835.2,0.0,453.7764792121001,0.0090589588008868,8802141659541.008,22193.572406969743,1.4051272435168998
