particle_id,x,y,vx,vy,time,energy,faug
0,-1613459217302835.2,0.0,450.34816108697464,0.0026110948142756,8802141659541.008,20643.75892349136,1.405127243434152
