particle_id,x,y,vx,vy,time,energy,faug
0,-866478901838284.5,0.0,538.7244544227057,0.0400433543089684,4727029947328.75,22571.450376864028,1.341403043514365
0,-203562733364077.8,40188545329.06464,769.0686793486435,0.0186132801607295,5815517322893.456,18293.688905100687,1.3591958587180917
1,-1066001933499448.0,0.0,508.42492633960103,0.029675183589052,5815517322893.456,20633.3711482707,1.3591958587180917
0,-737269196894477.9,-789005029567.648,-479.7894079855223,-0.4663961763419774,7154649348474.241,-20464.965879631476,1.3800958402439034
1,-296070188374799.56,37117802315.33871,710.6825021293795,0.0177485970090979,7154649348474.241,17036.12205051165,1.3800958402439034
2,-1311468888409987.8,0.0,481.4387955036307,0.0260509898582928,7154649348474.241,21202.93888521932,1.3800958402439034
0,-1423990643777864.5,-1448562637183.1804,-368.5453359909146,-0.3505390181727004,8802141659541.008,-21266.338625407385,1.4051272437965503
1,-844954601265496.0,-631783095113.3953,-456.82133346801623,-0.3041325445230934,8802141659541.008,-22976.464006405688,1.4051272437965503
2,-413324983335595.8,40429688504.23139,665.0192827700264,0.0176097273409332,8802141659541.008,18099.830558101705,1.4051272437965503
