particle_id,x,y,vx,vy,time,energy,faug
0,-465326721171138.2,0.0,621.1330507572704,0.0157551412131582,2538565384109.942,28584.51549979177,1.2953406185030567
0,-51161510357814.984,7773620132.847068,1039.8342647299532,-0.0146983223826375,3123117714735.799,21053.297069772147,1.30663407393265
0,-473866923420438.3,-232009135611.91263,-549.5738342348416,-0.253604664292675,3842274192010.384,-12782.719995498832,1.3193307487604082
0,-915721007216460.8,-434917817379.9448,-459.9974920269374,-0.2104678341017232,4727029947328.75,-13027.315038317029,1.3337475791105269
0,-1379046768141770.0,-646346645344.3434,-395.69013280894336,-0.1801401572981842,5815517322893.456,-13027.060396366316,1.3503117045973034
0,-1869809783535122.8,-869298013806.1174,-340.0797719288876,-0.1541864764051261,7154649348474.241,-13026.940421121437,1.3696150767562012
0,-2387212436523088.5,-1103425684353.8064,-291.71809503990784,-0.131767891974305,8802141659541.008,-13026.786199935712,1.3925067966651137
