particle_id,x,y,vx,vy,time,energy,faug
0,-1613459217302835.2,0.0,470.05720093830274,0.0003824013939011,8802141659541.008,29713.911899921688,1.3925067966483116
