particle_id,x,y,vx,vy,time,energy,faug
0,-1613459217302835.2,0.0,404.07888103689567,228.43768237595677,8802141659541.008,26968.784237536733,1.4640321825844749
