particle_id,x,y,vx,vy,time,energy,faug
0,-866478901838284.5,0.0,495.5035254577113,0.0020023959704706,4727029947328.75,221.30255112313895,1.3699347619295508
0,-256241864127711.3,2044683020.460875,688.2305513192578,0.0012793402834851,5815517322893.456,-3128.109191789059,1.392890136681078
0,-665774187371098.0,-32741612883.27095,-447.6345604009129,-0.0194078470949772,7154649348474.241,-43620.261216062805,1.4207281013614463
0,-1283958549568169.2,-59001272422.84347,-320.35773201840595,-0.0133699642903713,8802141659541.008,-44932.94398416999,1.4554678240494283
1,-1613459217302835.2,0.0,402.46699746162386,0.0010720752250759,8802141659541.008,226.86784633465868,1.4554678240494283
2,-1613459217302835.2,0.0,402.42944137224174,0.0010435881303089,8802141659541.008,211.75346500442535,1.4554678240494283
