particle_id,x,y,vx,vy,time,energy,faug
0,-1613459217302835.2,0.0,402.446522056264,0.0004940821912637,8802141659541.008,218.6273805861856,1.455467824048429
