particle_id,x,y,vx,vy,time,energy,faug
0,-1066001933499448.0,0.0,466.52863473688706,2.8639886328223673e-05,5815517322893.456,209.90136098038056,1.3928901366791275
0,-357770678526378.5,36267594.51778035,641.5615147185499,2.029870462548277e-05,7154649348474.241,-2654.843246397795,1.420728101359864
0,-763024423209686.8,-506680461.31405616,-429.3349544022296,-0.0002450844990872,8802141659541.008,-43742.15391649875,1.4554678240481018
