particle_id,x,y,vx,vy,time,energy,faug
0,-1311468888409987.8,0.0,435.66899443099487,0.0029534195703392,7154649348474.241,215.0179965174175,1.4207281013700868
0,-495164236965987.94,4631613429.600176,595.9296627925044,0.0022481471167124,8802141659541.008,-2219.2552856782568,1.455467824056671
