particle_id,x,y,vx,vy,time,energy,faug
0,-1613459217302835.2,0.0,402.47028473252544,0.0053746862756083,8802141659541.008,228.19088365627977,1.4554678240828194
1,-1613459217302835.2,0.0,402.44999049594907,0.0044605333877961,8802141659541.008,220.02325791554176,1.4554678240828194
