particle_id,x,y,vx,vy,time,energy,faug
0,-1066001933499448.0,0.0,466.5496029877221,0.1241830400212628,5815517322893.456,219.69158096234605,1.3928901504313995
0,-357740114532948.56,157256117832.99426,641.5937601009156,0.088010305671947,7154649348474.241,-2645.372741757892,1.4207281125173314
0,-762385698100200.8,-2193734865506.536,-428.6441123384836,-1.059768271327588,8802141659541.008,-44110.332507260726,1.455467833400741
