particle_id,x,y,vx,vy,time,energy,faug
0,-866478901838284.5,0.0,495.5142737804769,0.5316535150729549,4727029947328.75,226.7697664347652,1.369934940820785
0,-256228990940474.88,542879307429.53674,688.248363917466,0.3396600768570731,5815517322893.456,-3122.832840387069,1.3928902782692354
0,-665729969251523.5,-8693170186484.612,-447.6137006880916,-5.153013507626518,7154649348474.241,-43614.7558117398,1.420728216234471
0,-1283893020018378.8,-15665509237780.207,-320.35058414915613,-3.5499752785888425,8802141659541.008,-44927.31949833158,1.4554679203406198
