particle_id,x,y,vx,vy,time,energy,faug
0,-1066001933499448.0,0.0,466.54232461302786,2.837686721614778,5815517322893.456,220.31440687700524,1.392896042708969
0,-357751914985026.5,3593447336652.2217,641.5748897063801,2.011209229331012,7154649348474.241,-2644.503229168593,1.4207328930027852
0,-760595675776976.8,-50069928736472.61,-428.03772205414595,-24.200556608559236,8802141659541.008,-44094.5460310202,1.4554718405808953
