particle_id,x,y,vx,vy,time,energy,faug
0,-465326721171138.2,0.0,555.0059380185437,145.04867338226418,2538565384109.942,216.73644706176128,1.3316022292865983
0,-101074437082515.06,78548136040185.6,755.9451331897678,80.30658066252433,3123117714735.799,-3743.5288496538415,1.3429424246848545
0,324596502605198.2,-169484317331742.5,390.7735194115569,-411.97303634115303,3842274192010.384,-22401.828099666105,1.3573559283737529
0,620972359272951.4,-502862916075177.8,296.31712301870124,-348.64984395258597,4727029947328.75,-23310.58018216348,1.3751515438217676
0,911468718530118.6,-854903573708075.2,242.05091590859976,-301.08023571814874,5815517322893.456,-23314.22594737426,1.3969968742787595
0,1204773820630589.0,-1228265499801731.5,198.6032603720147,-258.498774728747,7154649348474.241,-23314.08151735977,1.4240473204308
0,1498708104382987.0,-1619516021994284.5,160.6700638700692,-218.65683206038884,8802141659541.008,-23313.453543588883,1.4582426988010329
