particle_id,x,y,vx,vy,time,energy,faug
0,-1311468888409987.8,0.0,299.43452340210564,316.4591502866751,7154649348474.241,214.9954405042372,1.7115992875907184
1,-1311468888409987.8,0.0,296.5613943225671,319.19570809115737,7154649348474.241,228.5619710791943,1.7115992875907184
0,-737969907918423.2,506785080149132.56,403.3719690766805,285.38214379125736,8802141659541.008,-596.4854018540063,1.6464816405590206
1,-742926925306442.8,511278466935694.0,399.98552138480466,288.1996183098836,8802141659541.008,-565.7294541895244,1.6464816405590206
