particle_id,x,y,vx,vy,time,energy,faug
0,-1066001933499448.0,0.0,542.0545199490961,0.0009860055598246,5815517322893.456,38296.969145356634,1.3396149632928158
0,-245353009577099.1,1215349956.0760725,776.1226551116362,0.000439461486943,7154649348474.241,33934.091319729225,1.3571149666212143
0,-913985302313817.6,-24238636229.020996,-482.422926544513,-0.0116437211461677,8802141659541.008,-4673.770581174933,1.3776325368097275
