particle_id,x,y,vx,vy,time,energy,faug
0,-1613459217302835.2,0.0,484.4485420059465,37.61421221105884,8802141659541.008,37289.63522884557,1.378615809945124
1,-1613459217302835.2,0.0,482.61228609670536,36.26059002884232,8802141659541.008,36351.7503632366,1.378615809945124
