particle_id,x,y,vx,vy,time,energy,faug
0,-704300493026514.9,0.0,453.25306078077983,377.6603258490952,3842274192010.384,37566.25289354595,1.4330207102249584
0,-256908394317049.6,321916406801334.06,566.1864005365254,325.881379914166,4727029947328.75,36141.07920543177,1.4016421282989169
0,380116906319313.2,568856283368824.1,567.3822676424527,149.35566765004089,5815517322893.456,32713.90126591091,1.3925401700980051
0,1090580382213240.0,715806874396448.1,497.8451555514399,82.86838137800547,7154649348474.241,32312.21331218863,1.3952634132539323
0,1859183877990241.5,822932744801932.4,438.7680565955841,51.14623065488991,8802141659541.008,32312.45049741414,1.406203489389167
