particle_id,x,y,vx,vy,time,energy,faug
0,-572476933281371.9,0.0,610.5840629049195,0.2948397615841848,3123117714735.799,36013.899468163785,1.2993833653051003
0,-72813892189586.17,182805260813.53656,984.0903339937342,-0.1525523126789888,3842274192010.384,29110.04743976507,1.3111658155703323
0,-570284515836335.1,-5129551566753.35,-540.1708147158186,-4.562713898347525,4727029947328.75,-5571.12772397371,1.324458692795553
0,-1102193791125301.2,-9598209325098.658,-448.33062717866665,-3.751048388479329,5815517322893.456,-5861.2038448769745,1.3396149773995487
0,-1655536504665476.0,-14213982373407.086,-382.5292227663196,-3.1823367544873453,7154649348474.241,-5861.084320041773,1.357114977457742
0,-2236787831904007.2,-19037803611914.37,-326.95126117975633,-2.707295190054789,8802141659541.008,-5859.684458483396,1.3776325452756484
