particle_id,x,y,vx,vy,time,energy,faug
0,-866478901838284.5,0.0,565.9972155039671,4.4755502183014695,4727029947328.75,37645.86993260836,1.3244666704342671
0,-169307192699131.72,4417443466230.567,832.1169330962881,1.1939264115562422,5815517322893.456,32594.5149896543,1.3396210217857236
0,-777599565142912.0,-98340341041867.78,-498.6681512562278,-58.077741098889625,7154649348474.241,-4804.756828126585,1.3571196206083358
0,-1504175646446977.5,-182213594858751.53,-396.45778187879944,-45.44816821696672,8802141659541.008,-5367.225920632205,1.3776361726686406
