particle_id,x,y,vx,vy,time,energy,faug
0,-572476933281371.9,0.0,610.8122898680675,14.556704786991125,3123117714735.799,36259.18262024576,1.2994763149537365
0,-72706983235995.62,9028633197453.518,982.3026571541172,-7.364803783034944,3842274192010.384,29368.745560289884,1.3112347573502416
0,-514982211786077.0,-241552756786482.2,-496.7011468228381,-216.7961359513958,4727029947328.75,-4808.8598318167205,1.324510327826614
0,-1004647771016692.8,-453970073258827.4,-413.13724057633374,-178.38945232903046,5815517322893.456,-5102.4799604725995,1.339654097330229
0,-1515017054895988.2,-673600845195441.5,-353.1359067302775,-151.50936207975118,7154649348474.241,-5102.360134834133,1.3571450272550143
0,-2052135505791191.2,-903421433986044.8,-302.45047976750175,-129.0883899618759,8802141659541.008,-5101.016636427681,1.3776560205826431
