particle_id,x,y,vx,vy,time,energy,faug
0,-866478901838284.5,0.0,563.8541346322597,0.0127077013525317,4727029947328.75,36425.1733302981,1.324458674245539
0,-172031129094103.16,12562022652.472809,826.7250125467367,0.0036366486760103,5815517322893.456,31440.80282395135,1.3396149633446892
0,-780330615716683.2,-277908228103.2842,-500.1002255008449,-0.1639958882205703,7154649348474.241,-6114.1792315492785,1.357114966661063
0,-1507972090132468.8,-514381487655.5114,-396.52866965189367,-0.1279573097827168,8802141659541.008,-6692.64410801341,1.3776325368408586
1,-1613459217302835.2,0.0,484.25826505070705,0.0057361917106635,8802141659541.008,36490.05947428498,1.3776325368408586
