particle_id,x,y,vx,vy,time,energy,faug
0,-866478901838284.5,0.0,563.9493315762575,3.066439986648083,4727029947328.75,36483.55649835768,1.3244636900797824
0,-171913114992200.84,3031110186158.979,826.9275846614481,0.8754243508850716,5815517322893.456,31496.679237843084,1.339618763686659
0,-777495825714868.1,-66960292483152.65,-498.6906904180841,-39.53136199615823,7154649348474.241,-6032.507869314417,1.3571178859993185
0,-1503171800091187.2,-123967276316560.4,-395.500251086939,-30.849489961670827,8802141659541.008,-6610.553184764678,1.3776348175352269
