particle_id,x,y,vx,vy,time,energy,faug
0,-1613459217302835.2,0.0,486.9563645690966,0.0004855262163947,8802141659541.008,37800.27632016594,1.377632536809617
