particle_id,x,y,vx,vy,time,energy,faug
0,-1311468888409987.8,0.0,538.2020848019703,0.0002966966782799,7154649348474.241,50142.02368053656,1.3425119402085448
0,-309084065632836.1,450815994.5433344,767.9757600949904,0.0001387735944863,8802141659541.008,45877.2991288371,1.3604876600440157
