particle_id,x,y,vx,vy,time,energy,faug
0,-866478901838284.5,0.0,581.5131240567325,0.001504363915749,4727029947328.75,46538.187404849945,1.3133895735053471
0,-149284424320412.56,1465571441.25779,875.5003382219718,0.0001365936283476,5815517322893.456,40946.88788229908,1.3269821484422932
0,-811229623154952.6,-35335546131.679726,-514.9359695496374,-0.0208227653811558,7154649348474.241,4356.940449336849,1.3425119402092012
0,-1567969887252091.2,-65710829084.177475,-416.1506397969968,-0.0166088036403094,8802141659541.008,3905.604375589217,1.3604876600445213
