particle_id,x,y,vx,vy,time,energy,faug
0,-704300493026514.9,0.0,605.9252045153913,1.4226712021382215,3842274192010.384,47107.112209935,1.3013631465464288
0,-94818974916265.44,1093568051473.0016,963.07417639277,-0.539967042107842,4727029947328.75,40449.40158793639,1.3133901484511896
0,-694125269624843.2,-29892576311165.3,-535.6587964400602,-21.62467507970647,5815517322893.456,5430.70317299341,1.3269825799068258
0,-1341709000564341.0,-55887235337396.3,-442.8550073825264,-17.699779891811374,7154649348474.241,5118.356834200618,1.342512267851439
1,-1311468888409987.8,0.0,531.1682354446426,0.7141419016943936,7154649348474.241,46381.38380991445,1.342512267851439
0,-2012909605485260.5,-82628300200264.58,-376.4627529570485,-14.95570851986424,8802141659541.008,5118.357713944992,1.360487912418037
1,-322229038349654.8,1088797795726.4847,753.593478902955,0.3601908998431357,8802141659541.008,42288.28115164282,1.360487912418037
