particle_id,x,y,vx,vy,time,energy,faug
0,-704300493026514.9,0.0,605.2766315431428,0.0005959579667082,3842274192010.384,46713.32382603525,1.301362372723308
0,-95541663092645.28,458553637.4027464,960.3159486331642,-0.0002158522351229,4727029947328.75,40088.30301546032,1.3133895735042396
0,-693840487301429.1,-12496465869.01392,-535.5107141156005,-0.0090399133323222,5815517322893.456,5019.375967457803,1.3269821484414623
0,-1341048492574290.2,-23359544636.70381,-442.4789261031055,-0.0073944922873706,7154649348474.241,4703.901165533156,1.34251194020857
1,-1311468888409987.8,0.0,532.3885887886956,0.0003430665899382,7154649348474.241,47030.08637416722,1.34251194020857
0,-2011496493287284.0,-34527964617.61556,-375.9288219590346,-0.0062442681931008,8802141659541.008,4703.893711204175,1.3604876600440352
1,-319953878619333.8,522749826.06395966,756.0466818618743,0.0001709555394465,8802141659541.008,42907.876403629954,1.3604876600440352
