particle_id,x,y,vx,vy,time,energy,faug
0,-866478901838284.5,0.0,583.8762441446358,0.9830986300540576,4727029947328.75,47915.648158289434,1.3133899341622894
0,-146193944142030.62,955546403482.0792,882.7552885288376,0.056914671180649,5815517322893.456,42234.296898586384,1.3269824190951311
0,-815056309382970.6,-23305823271028.72,-516.775924972901,-13.7316330515197,7154649348474.241,5783.976083648115,1.3425121457355256
1,-1311468888409987.8,0.0,539.0418068317956,0.642340885445783,7154649348474.241,50594.52269504893,1.3425121457355256
0,-1575452445086669.5,-43365715618213.555,-418.6338335479864,-10.982573042047427,8802141659541.008,5347.868821979282,1.3604878183556377
1,-307509582080042.75,975590161024.9164,769.7333596314807,0.2974404704011282,8802141659541.008,46308.67123019858,1.3604878183556377
