particle_id,x,y,vx,vy,time,energy,faug
0,-1613459217302835.2,0.0,504.73682462445424,0.0032210565318892,8802141659541.008,46616.656894048734,1.3604876600528208
1,-1613459217302835.2,0.0,507.9927109509275,0.003714998071074,8802141659541.008,48265.32301940954,1.3604876600528208
2,-1613459217302835.2,0.0,506.8937173615413,0.0032689294850864,8802141659541.008,47707.64617851663,1.3604876600528208
