particle_id,x,y,vx,vy,time,energy,faug
0,-866478901838284.5,0.0,451.5908495573398,367.1605776188422,4727029947328.75,46830.0232592689,1.4131012948626989
0,-317589504391078.94,384893841310050.4,565.9172855496682,315.87572891257673,5815517322893.456,45372.663819792826,1.3923094683616744
0,467349169131739.5,669927282358441.4,566.8557207296219,131.83979442761793,7154649348474.241,41647.14284508774,1.388150143315925
0,1336779987536505.2,821070465795206.4,493.35117895048467,65.03627299823702,8802141659541.008,41163.11450674638,1.393789855552119
1,-1613459217302835.2,0.0,461.4286323872188,218.36113570647584,8802141659541.008,49536.01000975314,1.393789855552119
