particle_id,x,y,vx,vy,time,energy,faug
0,-1613459217302835.2,0.0,510.63552430800144,0.0966696671260696,8802141659541.008,49611.34983803863,1.3604876660944805
