particle_id,x,y,vx,vy,time,energy,faug
0,-1613459217302835.2,0.0,536.3886432974833,0.1432675089016146,8802141659541.008,63093.42441491957,1.3412046064101673
