particle_id,x,y,vx,vy,time,energy,faug
0,-704300493026514.9,0.0,634.3282086511122,1.5291402148009698,3842274192010.384,64720.730759913626,1.289822646914625
0,-61497703478775.01,1099339390582.3387,1134.9587339113732,-2.776211566049174,4727029947328.75,56215.15674963861,1.3004716051764884
0,-736029822426854.0,-35804476614571.664,-560.87868371632,-25.820955793446014,5815517322893.456,23632.5466628258,1.3123879327607213
0,-1422123013912482.5,-67255719843777.336,-474.07212237716703,-21.662744600692147,7154649348474.241,23436.512125139387,1.3258446071950714
1,-1311468888409987.8,0.0,560.2887966088329,0.9386424505478752,7154649348474.241,62273.489965410976,1.3258446071950714
0,-2148272028334794.5,-100361419072281.22,-412.19254078682496,-18.755191887135055,8802141659541.008,23436.51385170756,1.3412048759759616
1,-267231884558005.84,1407904926386.454,817.8359288093046,0.2977381917565192,8802141659541.008,57399.29071933514,1.3412048759759616
