particle_id,x,y,vx,vy,time,energy,faug
0,-1066001933499448.0,0.0,590.8965141257472,0.0211677654619735,5815517322893.456,65964.7632732649,1.312387440190114
0,-168465726704792.75,25124051260.850925,905.6341363888156,-0.001117850850532,7154649348474.241,60000.88522784488,1.325844237862468
0,-1018483580386004.4,-634965265041.2218,-522.9807439983429,-0.3038927026165042,8802141659541.008,23974.09625245974,1.3412045957993208
