particle_id,x,y,vx,vy,time,energy,faug
0,-704300493026514.9,0.0,630.7058717259696,0.2431062409151614,3842274192010.384,62428.401344880695,1.289821767082949
0,-65974673678517.92,176918351289.51413,1104.9625817108597,-0.3678428631079613,4727029947328.75,54217.01634861622,1.300470957417389
0,-731474001126995.6,-5618597638581.261,-558.164578748456,-4.053298318454735,5815517322893.456,21259.37176511265,1.3123874518257477
0,-1413296606318647.2,-10548105298538.842,-470.5463858100803,-3.390762391002857,7154649348474.241,21050.824280642628,1.3258442465869462
0,-2133141736578504.0,-15723004085004.836,-408.0243386003208,-2.927207503461676,8802141659541.008,21051.86359739743,1.3412046024177349
