particle_id,x,y,vx,vy,time,energy,faug
0,-1066001933499448.0,0.0,521.6856027461183,277.4831698889775,5815517322893.456,65961.806688356,1.355753538309719
0,-288213605623338.2,352704188843268.2,663.6797076203941,214.1293175724386,7154649348474.241,63486.12828240727,1.3564964734486542
0,799761088926679.2,418740846955122.4,593.7296820622831,-58.991024118672975,8802141659541.008,55986.208832396165,1.3635649966633432
