particle_id,x,y,vx,vy,time,energy,faug
0,-704300493026514.9,0.0,635.4152081960143,4.674382102805428,3842274192010.384,65420.591807164514,1.2898310269118705
0,-60157779778921.77,3347780362980.948,1143.9994957392194,-8.937986565855306,4727029947328.75,56826.62156189268,1.3004777747021048
0,-730186197383915.0,-109351906516981.06,-557.0380509313444,-78.91275329318465,5815517322893.456,24405.132664058125,1.3123925133397911
0,-1411914816377649.0,-205517769739409.47,-471.2578134563461,-66.26439788644733,7154649348474.241,24212.422936466508,1.325848041719141
0,-2134064482542685.5,-306828770451308.6,-410.1221945535733,-57.42334408005122,8802141659541.008,24212.458316408138,1.3412074814019788
