particle_id,x,y,vx,vy,time,energy,faug
0,-866478901838284.5,0.0,607.3044813897361,0.0013843230942325,4727029947328.75,61868.79723759435,1.3004709415072693
0,-114752641090428.72,1306251309.782406,969.1233782235062,-0.0005789141498965,5815517322893.456,55140.02438889409,1.312387440013115
0,-857268283591239.1,-35993877679.910385,-537.2953873209124,-0.0211600709392142,7154649348474.241,20216.49802290197,1.3258442377297528
1,-1311468888409987.8,0.0,563.9276538764109,0.0009512272429471,7154649348474.241,64318.48104162792,1.3258442377297528
0,-1656894194977715.2,-67309156413.65364,-444.7215040731611,-0.0173422917472906,8802141659541.008,19910.75374504403,1.3412045956986427
1,-260238044643568.75,1423160786.4655151,826.9111748306889,0.0002715874119053,8802141659541.008,59331.744223560905,1.3412045956986427
