particle_id,x,y,vx,vy,time,energy,faug
0,-704300493026514.9,0.0,635.0549648829837,0.5908680469649635,3842274192010.384,65181.00225353919,1.289821885047301
0,-60585551573767.93,423655623366.3379,1141.535651651538,-1.1136209797833372,4727029947328.75,56612.83364105108,1.3004710442664669
0,-737881400510398.0,-13879881475175.607,-562.0278733795135,-10.008019725600269,5815517322893.456,24102.73769058069,1.3123875163077323
0,-1425562998086533.0,-26073844359290.69,-475.2802993639992,-8.401056924133208,7154649348474.241,23909.182387089633,1.3258442949359788
0,-2153738127233264.8,-38915980642752.77,-413.4584802957132,-7.277576303630768,8802141659541.008,23909.23839726393,1.3412046390954468
