particle_id,x,y,vx,vy,time,energy,faug
0,-572476933281371.9,0.0,652.8047303391443,0.0016814094006562,3123117714735.799,62684.41504417689,1.2802300654321084
0,-29801928030311.69,883476162.6351098,1392.0132309201729,-0.0089672859434026,3842274192010.384,52121.27831888001,1.2898217454722924
0,-621697017235526.9,-34290604907.737705,-578.3335424355128,-0.0303505379439869,4727029947328.75,21973.00106029623,1.3004709415069384
0,-1200527477215842.5,-64559768635.68376,-494.8951606332644,-0.0258117782060174,5815517322893.456,21832.358956424316,1.3123874400128692
0,-1820189768956756.0,-96818703195.79686,-434.7273898759738,-0.0225949924209162,7154649348474.241,21832.495934437655,1.3258442377295685
0,-2493662991834197.5,-131775816548.27731,-387.3940860526972,-0.0200855544964593,8802141659541.008,21833.03943109111,1.3412045956985028
