particle_id,x,y,vx,vy,time,energy,faug
0,-866478901838284.5,0.0,605.5064991726682,0.1113373980837729,4727029947328.75,60778.49714678631,1.3004709477672467
0,-117226511823050.44,105356621460.51653,961.2980794684742,-0.0410112982921387,5815517322893.456,54142.01553646516,1.3123874446608998
0,-854018307861922.5,-2874738264050.003,-535.708963453812,-1.6903051561319355,7154649348474.241,19088.3867440163,1.325844241214694
0,-1650635779759177.0,-5373960899715.297,-442.7296236908136,-1.3829460189988037,8802141659541.008,18773.911853859143,1.341204598342329
1,-1613459217302835.2,0.0,539.2563279291427,0.0676119338201628,8802141659541.008,64635.72171437094,1.341204598342329
