particle_id,x,y,vx,vy,time,energy,faug
0,-1613459217302835.2,0.0,563.3706058193724,55.55141730760886,8802141659541.008,79473.225555958,1.321425978025499
