particle_id,x,y,vx,vy,time,energy,faug
0,-465326721171138.2,0.0,638.2285616511487,283.1507479277595,2538565384109.942,79436.40348383441,1.2858581042574997
0,-53626493212179.84,153034450478058.12,799.2013272666758,176.26125865419328,3123117714735.799,75603.62060146173,1.2856453484091124
0,480797733557373.3,163392753841241.38,674.2653548656496,-44.89941293902421,3842274192010.384,69482.39401653435,1.2888352242233636
0,1038501993168042.0,114239901165343.98,595.7340279493603,-61.339326333199445,4727029947328.75,69363.84844988218,1.2945310176039897
0,1654862165318212.2,44970081645054.375,540.9111181368434,-64.91948044772062,5815517322893.456,69364.08027762326,1.3022959705461503
0,2347610509344240.5,-42301290754671.62,497.495265989431,-65.08843797464246,7154649348474.241,69364.14775091864,1.3119600860825718
0,3140560594561156.0,-148780158624566.4,467.9869355259521,-64.12383189832897,8802141659541.008,69364.14775091862,1.3235379572704171
