particle_id,x,y,vx,vy,time,energy,faug
0,-572476933281371.9,0.0,683.0250627335154,17.24644842993422,3123117714735.799,83017.74521896636,1.2682619616905768
0,-8447941627282.013,-14896570694832.348,-1321.9744279058434,-1162.3768307280786,3842274192010.384,57614.29486198863,1.2766050467710115
0,-549477017812972.4,-360329161471713.6,-516.8730817945633,-320.9802130490624,4727029947328.75,43725.48820524325,1.285791446297876
0,-1072156458801852.4,-683819059580378.1,-450.90736624734217,-278.3790134244938,5815517322893.456,43646.1843980305,1.295968057622011
0,-1641724168051412.8,-1034853827513598.4,-403.0727220141834,-248.0612536263673,7154649348474.241,43646.306709270575,1.3073224487347332
0,-2273545619400623.5,-1423261061659078.0,-367.7100880843693,-225.84735140608973,8802141659541.008,43646.29979963167,1.320097828217515
