particle_id,x,y,vx,vy,time,energy,faug
0,-1066001933499448.0,0.0,621.7762190434767,0.1646236782846686,5815517322893.456,84688.26468072653,1.2959315776470095
0,-116061017751962.52,185797636252.91156,1043.695388718073,-0.158769733348493,7154649348474.241,77115.96207769052,1.3072954635151852
0,-1086997651122885.0,-5567196979643.213,-550.1432524523957,-2.656184851080619,8802141659541.008,43333.99359407491,1.3200776813521162
1,-1613459217302835.2,0.0,576.5593779301637,0.103867869854252,8802141659541.008,85447.38935674849,1.3200776813521162
