particle_id,x,y,vx,vy,time,energy,faug
0,-1066001933499448.0,0.0,626.0053841304127,0.0944914708935339,5815517322893.456,87326.79279069988,1.2959315726427616
0,-108467879252723.72,105514597140.1594,1070.7764779309864,-0.1129777599484602,7154649348474.241,79465.87969309976,1.307295459813211
0,-1096533277701197.0,-3247260251277.108,-553.9413724522799,-1.548574716483143,8802141659541.008,46059.975911160785,1.3200776785881605
