particle_id,x,y,vx,vy,time,energy,faug
0,-378231758954484.3,0.0,715.5280014608298,57.96997055473462,2063423411482.4,79425.76782324651,1.2542236796396335
0,18161108048493.117,-3329678280741.09,609.9332802902107,-1319.1356750684715,2538565384109.942,59829.27137265529,1.261046090220182
0,51327635087435.055,-447913784572453.44,25.850354934353955,-652.7636463976996,3123117714735.799,46788.03811424784,1.268549940364834
0,66981069403797.86,-887563056573531.5,18.94883931587954,-578.4376692705188,3842274192010.384,46740.198011497225,1.276813522368521
0,82001525932773.34,-1374208814334050.2,15.39939952450518,-525.4545449167384,4727029947328.75,46740.435251989766,1.2859433183668267
0,97321301065768.78,-1920557240539629.5,12.951582155284168,-480.8848453701271,5815517322893.456,46740.543895343086,1.2960794778059266
0,113382320426862.9,-2538116598429410.5,11.228792820555585,-444.74367059863914,7154649348474.241,46741.375301690336,1.3074048514752412
0,130867048893581.77,-3247317554807612.5,10.10794255777752,-418.3618695706677,8802141659541.008,46741.375301690336,1.320159339886265
