particle_id,x,y,vx,vy,time,energy,faug
0,-572476933281371.9,0.0,686.1697517715654,0.0044385960046494,3123117714735.799,85021.87119915834,1.2681677842116903
0,-27055210253690.457,-6475464982.81842,-1451.0436582780064,-0.2533777599443426,3842274192010.384,57070.20455045067,1.2765368257642755
0,-663481104850691.6,-102036640111.99149,-609.4062054954251,-0.0898906802428921,4727029947328.75,44995.44717159064,1.2857417260996915
0,-1279656238822508.2,-192690700951.8227,-531.531233853061,-0.0780523152780647,5815517322893.456,44923.79033604918,1.2959315693979474
0,-1951105561782019.5,-291159247791.96844,-475.222159733949,-0.0696140359567941,7154649348474.241,44923.91064489266,1.307295457412807
0,-2696332293069168.5,-400232707830.6172,-433.8878982039595,-0.0634621834275155,8802141659541.008,44924.37909036507,1.3200776767959783
1,-1613459217302835.2,0.0,569.9002163454342,0.0015188131361844,8802141659541.008,81630.15411931233,1.3200776767959783
