particle_id,x,y,vx,vy,time,energy,faug
0,-1613459217302835.2,0.0,572.5987739432446,0.3965261887946886,8802141659541.008,83171.7824000353,1.3200777515921067
