particle_id,x,y,vx,vy,time,energy,faug
0,-704300493026514.9,0.0,693.6031263632539,0.0011688527422186,3842274192010.384,104076.071930874,1.26161634978754
0,-43341415794425.1,-2568705903.5883074,-1309.9673589552565,-0.0586436155637373,4727029947328.75,75143.73591904319,1.2693691790069144
0,-827876280169725.5,-33928577402.86466,-616.420038775368,-0.0242681568694394,5815517322893.456,64202.12466096615,1.277854791231645
0,-1596206304210756.8,-64104217892.75409,-539.6790513444001,-0.0211579667664669,7154649348474.241,64141.37876042542,1.2871963356867608
0,-2437323332374017.0,-97040303264.63866,-486.9813759979234,-0.0190510615607253,8802141659541.008,64141.54878404295,1.2975481203547616
