particle_id,x,y,vx,vy,time,energy,faug
0,-572476933281371.9,0.0,723.0548506372927,0.0444522080340903,3123117714735.799,111011.5665692401,1.254496571207516
0,-62088348119689.234,-127618354532.62784,-1086.864368624942,-1.8241100306419913,3842274192010.384,79873.48925613298,1.261616350197218
0,-710768881643447.2,-1159921006029.7886,-644.4672943341133,-1.015918545835561,4727029947328.75,71730.16931740486,1.2693691793023696
0,-1368422725906547.0,-2194691148495.3696,-571.8970560032371,-0.8986181825599863,5815517322893.456,71701.49183788078,1.277854791445885
0,-2096612293039184.5,-3337835528821.502,-519.5783860270054,-0.8150383067146281,7154649348474.241,71701.57478788891,1.28719633584307
0,-2920097184357266.5,-4628916085429.481,-484.01583956761954,-0.7585435353007981,8802141659541.008,71701.57478788892,1.2975481204696089
