particle_id,x,y,vx,vy,time,energy,faug
0,-866478901838284.5,0.0,664.164260348404,107.420556152551,4727029947328.75,103786.10098274096,1.2730706815207289
0,-45648202117209.45,95343882473794.02,1029.827523857707,-111.94545756536668,5815517322893.456,95544.45223570056,1.2805224296369515
0,630268822005730.2,-649778231018124.8,358.409311296407,-517.1828312357172,7154649348474.241,77793.1817589059,1.2891344047076403
0,1168439513401738.2,-1443785182568155.5,302.9239526996673,-453.9685228021728,8802141659541.008,77621.98437686027,1.298967913754006
