particle_id,x,y,vx,vy,time,energy,faug
0,-1613459217302835.2,0.0,623.8945693503192,0.2691228037020618,8802141659541.008,113859.2788688245,1.2975481513215432
1,-1613459217302835.2,0.0,612.5738949054419,0.2592650812820855,8802141659541.008,106860.44779187549,1.2975481513215432
