particle_id,x,y,vx,vy,time,energy,faug
0,-1311468888409987.8,0.0,639.6269379631145,1.0611504699194465,7154649348474.241,109873.15454209382,1.2871967696186817
0,-101976322741423.05,1390621765980.6675,1186.835308599505,-2.537581063871289,8802141659541.008,100888.86540087964,1.2975484391826206
