particle_id,x,y,vx,vy,time,energy,faug
0,-1311468888409987.8,0.0,631.7127367968363,0.0004335072944339,7154649348474.241,104841.77255366748,1.2871963356866738
0,-120548569220397.69,585557269.8988394,1112.9606731951762,-0.0006899367142216,8802141659541.008,96551.41898849572,1.297548120354698
