particle_id,x,y,vx,vy,time,energy,faug
0,-1066001933499448.0,0.0,637.1619745217878,142.32712227387458,5815517322893.456,104501.61360188098,1.2847889791127662
0,-106491695757251.78,167320222985801.03,904.2732046150186,3.9232476684872166,7154649348474.241,98364.34305107378,1.2922000151787545
0,922962038169126.8,-479030875613528.5,470.17755918997307,-408.41393233650354,8802141659541.008,82693.85370891614,1.3011966676761544
1,-1613459217302835.2,0.0,600.0828968109994,98.43046662565705,8802141659541.008,104131.0457254852,1.3011966676761544
