particle_id,x,y,vx,vy,time,energy,faug
0,-465326721171138.2,0.0,787.6588415329696,0.4831369597113995,2538565384109.942,145884.72403735342,1.2339046735744388
0,-89132980979672.78,-1966005076492.9172,-972.0043112109912,-18.917227431889067,3123117714735.799,112863.08784698184,1.239396184177613
0,-646924865414618.0,-12620478367347.19,-707.0214806109849,-13.445352356933958,3842274192010.384,107859.1302361858,1.245293574824695
0,-1240684576622949.8,-23899491245855.43,-642.1649504049386,-12.18891518295609,4727029947328.75,107857.14113206451,1.251649438539098
0,-1912272361463909.5,-36640222139984.58,-595.1913633955521,-11.28663869656705,5815517322893.456,107857.28368426484,1.258526427478387
0,-2683700045506247.5,-51264306705993.66,-560.7643984943741,-10.62800651832837,7154649348474.241,107857.2628579326,1.2659998240203072
0,-3587100059966914.5,-68383406158629.65,-538.116534400723,-10.195819571198992,8802141659541.008,107857.26285793254,1.2741611421196368
