particle_id,x,y,vx,vy,time,energy,faug
0,-465326721171138.2,0.0,787.1175131566348,0.0152858226333528,2538565384109.942,145458.37187993334,1.233904636951653
0,-88857921036013.38,-61986924944.931755,-972.506414978094,-0.5983684944168439,3123117714735.799,112444.2462422916,1.2393961582366335
0,-646459090686678.0,-398664088919.7624,-706.6173831751803,-0.4247601704546297,3842274192010.384,107421.81281970858,1.245293556387568
0,-1239826723529667.5,-754952929877.3431,-641.6909928449238,-0.3850002458721586,4727029947328.75,107419.75127677456,1.251649425386164
0,-1910869224485985.5,-1157352235797.8726,-594.6667429033332,-0.3564482456462446,5815517322893.456,107419.89443660964,1.2585264180562463
0,-2681546620190492.0,-1619158898138.6897,-560.1721122816256,-0.3355879594215783,7154649348474.241,107420.17608679348,1.2659998172395404
0,-3583925737526216.5,-2159667899772.975,-537.4737433573175,-0.3218961477615708,8802141659541.008,107420.17608679352,1.274161137214485
