particle_id,x,y,vx,vy,time,energy,faug
0,-866478901838284.5,0.0,737.5188962956171,0.1324323370788277,4727029947328.75,149426.50064432254,1.2516494286182644
0,-111415646696831.62,-672865447584.8036,-1040.567613077411,-5.2543083855051576,5815517322893.456,117654.45040297289,1.2585264203715705
0,-1104286657179360.8,-5488109955720.334,-658.3720986556082,-3.1680801542385777,7154649348474.241,110432.0997169616,1.2659998189057935
0,-2124383005868847.2,-10388699438701.607,-587.9823398940028,-2.821347168502708,8802141659541.008,110413.87084213858,1.2741611384198392
