particle_id,x,y,vx,vy,time,energy,faug
0,-572476933281371.9,0.0,759.2347205099983,21.017348437525182,3123117714735.799,138046.9519478017,1.2395111067411224
0,-50109608062054.914,-66739898780154.625,-722.0931132257501,-721.6275581827005,3842274192010.384,107244.66659374756,1.2453752361349906
0,-537454688757787.44,-529845251149881.25,-496.7924058986183,-467.3717713284106,4727029947328.75,100769.19921214282,1.251707686356669
0,-1048747737548771.2,-1009808598723419.6,-447.9080638078989,-419.804926702957,5815517322893.456,100759.83044603548,1.2585681490780218
0,-1623151023532633.0,-1547612373252298.8,-412.99154966244595,-386.35892534642767,7154649348474.241,100760.0390266479,1.2660298473300384
0,-2283052836525347.5,-2164629628810369.2,-390.61178311900153,-365.0804215250435,8802141659541.008,100760.03902664792,1.274182859643063
