particle_id,x,y,vx,vy,time,energy,faug
0,-1066001933499448.0,0.0,674.5981880118969,223.94133033385745,5815517322893.456,144001.6351965643,1.2705559793659251
0,-62850300451077.41,267248527032941.03,875.6824378431992,74.73392219941564,7154649348474.241,138591.19467477914,1.274476896630621
0,1175713165934330.2,50740718965085.63,659.4568100728211,-174.58389036044753,8802141659541.008,130358.1815236965,1.2802064558595494
