particle_id,x,y,vx,vy,time,energy,faug
0,-866478901838284.5,0.0,719.1395736358224,0.0416934018300852,4727029947328.75,136040.29473233418,1.25164942587035
0,-89041932635529.42,-172678957744.06113,-1103.5397117704183,-1.7343697475456834,5815517322893.456,105109.89054067316,1.2585264184030942
0,-1068117210643147.8,-1625103875032.918,-640.7160691881458,-0.9410050730262788,7154649348474.241,96680.4740737958,1.265999817489154
0,-2056845859207480.0,-3074423638098.1123,-567.7163829979156,-0.8310171649183843,8802141659541.008,96648.245679553,1.2741611373950534
