particle_id,x,y,vx,vy,time,energy,faug
0,-1613459217302835.2,0.0,730.6795694127591,84.72379517095008,8802141659541.008,189772.40313556467,1.251959965603704
1,-1613459217302835.2,0.0,722.3045346459492,71.17311649171877,8802141659541.008,182631.7524634951,1.251959965603704
