particle_id,x,y,vx,vy,time,energy,faug
0,-1066001933499448.0,0.0,765.9860161890483,0.0915207555028237,5815517322893.456,184752.71053285687,1.2384099653514795
0,-176220333064989.78,-731500783005.5073,-990.6368842114596,-3.5585584435492383,7154649348474.241,152139.67931846605,1.2442329299900825
0,-1428427037961222.8,-5116811118042.969,-685.9715709289279,-2.3889394192227797,8802141659541.008,146313.1451010981,1.2505044634656728
