particle_id,x,y,vx,vy,time,energy,faug
0,-378231758954484.3,0.0,856.0866811847676,0.1970996477864725,2063423411482.4,188197.57091803395,1.2144811725210174
0,-101984929033065.38,-960547435179.8378,-963.6855354415042,-8.345510763072761,2538565384109.942,154605.3409630693,1.2186913321404478
0,-587504368061330.8,-5130539352322.975,-774.6467368989862,-6.637918683406513,3123117714735.799,151412.01080020127,1.2231595689705197
0,-1121407577891741.2,-9702497275615.805,-716.3812611763735,-6.131702713585732,3842274192010.384,151412.27383470465,1.227913374462155
0,-1735214144521988.5,-14954636041351.982,-674.1922503302262,-5.767443984197073,4727029947328.75,151412.359460062,1.2329845228228158
0,-2449367695276511.5,-21062813384574.13,-641.1888252656393,-5.483329942773936,5815517322893.456,151412.37883733862,1.238409964792163
0,-3291830468773551.0,-28266703571685.57,-619.1939677662069,-5.294325804161122,7154649348474.241,151412.37883733856,1.244232929592802
0,-4298110373873566.5,-36870285686074.12,-603.764299060666,-5.161899280625615,8802141659541.008,151412.37883733853,1.2505044631824482
