particle_id,x,y,vx,vy,time,energy,faug
0,-866478901838284.5,0.0,776.7140474022214,0.0170346404986783,4727029947328.75,179101.78653966758,1.232984521543908
0,-154635953810495.97,-119759832178.62988,-980.0164155586916,-0.6635354995957093,5815517322893.456,146266.7467318991,1.2384099638867825
1,-1066001933499448.0,0.0,779.8232170316734,0.0144017770022231,5815517322893.456,195447.5428607678,1.2384099638867825
0,-1182692096292272.5,-800842560662.2743,-696.4399269909442,-0.4591039202752792,7154649348474.241,140867.8852402624,1.2442329289497138
1,-194250566964796.12,-127314702424.29749,-977.5123938699858,-0.5616425172709748,7154649348474.241,162555.58559791546,1.2442329289497138
0,-2269942528462159.0,-1516715606543.3838,-631.3659333668347,-0.415359594422666,8802141659541.008,140863.84815516378,1.2505044627239852
1,-1462762892600846.2,-841132013636.2155,-699.4786408711456,-0.3917255205609258,8802141659541.008,157272.5383816908,1.2505044627239852
