particle_id,x,y,vx,vy,time,energy,faug
0,-1066001933499448.0,0.0,760.0121415975401,0.0262560937144438,5815517322893.456,180194.6458787789,1.2384099639965611
0,-168265199365608.12,-200286682335.51297,-998.119835886173,-1.0217268008200366,7154649348474.241,147724.4905661425,1.2442329290276892
0,-1413689879383354.5,-1440199962204.186,-680.1627042297591,-0.6731188134937571,8802141659541.008,141639.73524835714,1.2505044627795747
