particle_id,x,y,vx,vy,time,energy,faug
0,-1311468888409987.8,0.0,754.7106932609198,0.0088656367911791,7154649348474.241,190105.39693838783,1.2442329289401892
0,-198199018331271.0,-79673809269.62578,-1005.8773776038614,-0.3456882686964193,8802141659541.008,157775.28981025494,1.250504462717195
