particle_id,x,y,vx,vy,time,energy,faug
0,-307438315860628.75,0.0,860.9365157308026,21.187448100272952,1677213516620.3262,178659.60319276637,1.2105600929597722
0,-46535494483120.13,-66816460633209.62,-619.7898031550474,-749.9292316470447,2063423411482.4,146683.8092459555,1.2145195525641643
0,-302560612527844.7,-371762006412275.9,-504.0875211424035,-597.8529505036317,2538565384109.942,143438.9361260853,1.2187182100905214
0,-585334751334904.8,-706730853547949.8,-467.2882462134743,-553.0735822531299,3123117714735.799,143439.21232770238,1.2231784368455705
0,-911067972151923.6,-1092051417474698.8,-440.5155863726333,-520.8742395320058,3842274192010.384,143439.30153103452,1.2279266535658415
0,-1290335885459275.2,-1540354194358882.2,-418.1129499820309,-494.0792626505432,4727029947328.75,143439.96597719856,1.2329938947475736
0,-1735240839465334.8,-2065981320822794.5,-401.0293754053717,-473.71255138317,5815517322893.456,143439.96597719856,1.2384165993611305
0,-2263504414000897.0,-2689912890127230.0,-388.9919754164136,-459.394154053954,7154649348474.241,143439.9659771986,1.2442376420411163
0,-2896435144760193.5,-3437341177414307.5,-380.0909947777812,-448.82365017026206,8802141659541.008,143439.9659771986,1.2505078226969055
