particle_id,x,y,vx,vy,time,energy,faug
0,-572476933281371.9,0.0,815.5288755083852,0.2405287206758759,3123117714735.799,182151.10938720033,1.223159577138485
0,-128267882190595.16,-1430207634731.9707,-962.0447689805434,-9.653442529996804,3842274192010.384,148792.44891355396,1.2279133802109496
0,-833639535678294.5,-8415852098457.952,-734.5066964807205,-7.24989917088386,4727029947328.75,144642.14820137873,1.2329845268802229
0,-1595767114123525.2,-15931671961913.438,-672.4891306951837,-6.627645719857027,5815517322893.456,144642.15382651612,1.2384099676645342
0,-2464746216712002.5,-24492303383415.406,-629.997688822764,-6.204451102279922,7154649348474.241,144642.20125203845,1.2442329316330365
0,-3479322685062648.5,-34482376249869.984,-604.5733255810225,-5.952143452474415,8802141659541.008,144642.20125203842,1.2505044646369483
