particle_id,x,y,vx,vy,time,energy,faug
0,-866478901838284.5,0.0,845.5582781888061,0.3187177140281175,4727029947328.75,234943.88237590785,1.2138394542058215
0,-223486649185585.7,-3375050120457.2036,-961.844899684094,-13.289888145515322,5815517322893.456,201389.77753540827,1.2180111809305914
0,-1323850083341613.8,-18438556819760.58,-764.1600252879787,-10.434599842261733,7154649348474.241,197973.9498059466,1.222436954258697
0,-2529568154448116.0,-34890966303415.92,-707.6315550439543,-9.651365401835305,8802141659541.008,197973.91027447415,1.2271436533533824
