particle_id,x,y,vx,vy,time,energy,faug
0,-1066001933499448.0,0.0,845.0924713134917,1.6351315888288989,5815517322893.456,248477.39720927685,1.2180115760807666
0,-273535039979364.1,-21218705843815.344,-959.5218638644568,-68.05986811136222,7154649348474.241,214935.42661160475,1.2224372315564351
0,-1623471100111091.8,-116079385286083.22,-761.9161602057368,-53.40391096279106,8802141659541.008,211508.17150314097,1.2271438484398185
