particle_id,x,y,vx,vy,time,energy,faug
0,-1066001933499448.0,0.0,834.0471768726412,0.017515898186889,5815517322893.456,239202.7646242628,1.2180111712818888
0,-261248420877962.1,-214899728904.89783,-960.9784933422112,-0.7190169254887955,7154649348474.241,205706.46260824095,1.222436947487687
0,-1599429832535531.0,-1205636138720.2266,-752.8314333367733,-0.5558035638561903,8802141659541.008,202027.90078237356,1.2271436485897915
