particle_id,x,y,vx,vy,time,energy,faug
0,-704300493026514.9,0.0,875.0275538740585,8.312874719881295,3842274192010.384,246404.58544221433,1.2099068954934176
0,-187367221740640.88,-79161009256103.3,-904.334103032964,-350.82570967568785,4727029947328.75,213051.81228873992,1.213845394265893
0,-1048078437702311.6,-410543898898075.2,-741.1116428727142,-284.7154286221452,5815517322893.456,210196.8525979883,1.2180153396340965
0,-2001427102882712.8,-776559320004492.2,-688.5966766616104,-264.25214511198055,7154649348474.241,210196.9803570535,1.2224398726168946
0,-3109086995809459.0,-1201529859367349.0,-660.199133696297,-253.25576658425967,8802141659541.008,210196.9803570536,1.227145706485694
