particle_id,x,y,vx,vy,time,energy,faug
0,-307438315860628.75,0.0,946.0193762022212,4.732401655713202,1677213516620.3262,255316.83504265375,1.1960677571585447
0,-109462836058415.34,-27277773645226.473,-975.9205654311188,-229.90468355043365,2063423411482.4,221927.79728248756,1.1992676382014082
0,-530426135360963.7,-126090664808931.95,-841.7881441343087,-197.36339925241893,2538565384109.942,220107.23352971204,1.2026297623464752
0,-1006372491873114.8,-237637588184949.03,-791.9010923926406,-185.54814006755305,3123117714735.799,220107.46612410783,1.2061682143381414
0,-1561921892737614.0,-367784893618285.3,-755.7389314207642,-177.0219382840944,3842274192010.384,220107.4956495352,1.209898892060627
0,-2216600914014618.0,-521119569891713.6,-726.4974847433522,-170.14210036519538,4727029947328.75,220107.77694960055,1.2138398030830475
0,-2995388127772049.0,-703497826228555.5,-706.4598905640268,-165.43367824023048,5815517322893.456,220107.77694960055,1.2180114251864995
0,-3931276957190249.5,-922651120549837.2,-692.5515442660175,-162.16830910234444,7154649348474.241,220107.7769496005,1.2224371256660178
0,-5063206579868765.0,-1187700024427525.0,-682.42490003013,-159.7922455025918,8802141659541.008,220107.7769496006,1.2271437739430815
