particle_id,x,y,vx,vy,time,energy,faug
0,-1311468888409987.8,0.0,775.7274740144214,294.1951784047213,7154649348474.241,249463.2401065892,1.2366200639816425
0,87216430597540.33,425386723001467.9,930.970177856936,116.88771832088035,8802141659541.008,243864.1005124048,1.236828631967228
