particle_id,x,y,vx,vy,time,energy,faug
0,-465326721171138.2,0.0,903.0293891577752,0.033693735155479,2538565384109.942,243412.4214131288,1.2026286923644909
0,-149383900430485.0,-250583025615.93948,-979.7055405151824,-1.5384454589069396,3123117714735.799,209797.3875065748,1.206167469721093
0,-775964515925840.0,-1229479016546.2725,-821.431992313285,-1.2813147796826545,3842274192010.384,207421.3004994773,1.2098983729032526
0,-1476104072781215.2,-2321070103631.217,-767.024009041581,-1.195469840771462,4727029947328.75,207421.5352112717,1.2138394403937565
0,-2288133649745510.0,-3586411857931.274,-728.5657802534919,-1.1350990614420786,5815517322893.456,207421.71257457236,1.218011171260481
0,-3245938246197356.5,-5078512918108.304,-704.6908469738025,-1.097711263761544,7154649348474.241,207421.7125745723,1.2224369474726642
1,-1311468888409987.8,0.0,819.8469083350939,0.0112416141395601,7154649348474.241,241385.75825439175,1.2224369474726642
0,-4393029877133161.0,-6865274522410.244,-689.3792694482062,-1.0737690094188412,8802141659541.008,207421.71257457236,1.2271436485792224
1,-300331886030272.0,-156955959864.766,-961.5008777598256,-0.4533992969575671,8802141659541.008,207989.54410002753,1.2271436485792224
