particle_id,x,y,vx,vy,time,energy,faug
0,-1311468888409987.8,0.0,923.8336666496464,1.4739676208092924,7154649348474.241,332046.6897458376,1.2011109012308483
0,-449229923876307.2,-33653594243403.414,-987.4919194743984,-69.67387530496319,8802141659541.008,298489.5512163253,1.2045692213413777
