particle_id,x,y,vx,vy,time,energy,faug
0,-866478901838284.5,0.0,949.604344551116,51.06349444794897,4727029947328.75,329637.3765064032,1.194935240539989
0,115108027024181.5,-266471543099479.7,262.1039240084867,-991.144411260624,5815517322893.456,302908.5363199129,1.1979922117559805
0,419950728070155.25,-1466644319247049.5,213.6403935736594,-851.4806292467238,7154649348474.241,300804.44824831246,1.2012288304555998
1,-1311468888409987.8,0.0,913.1105046911348,34.80101528584813,7154649348474.241,322802.23385901144,1.2012288304555998
2,-1311468888409987.8,0.0,897.3157067159503,32.71847920326118,7154649348474.241,308434.2698381587,1.2012288304555998
0,759945390526990.1,-2826607397520937.0,201.3905191916687,-807.2913916954349,8802141659541.008,300811.2073592625,1.204651202607319
1,-479659687492933.4,1797132066777848.0,-1356.292322316698,5066.1529028092755,8802141659541.008,13681511.02598387,1.204651202607319
2,1.0885393676031536e+16,-1.3763049026745108e+16,31483.66016118283,-39778.06872263142,8802141659541.008,1286750243.415486,1.204651202607319
3,-1613459217302835.2,0.0,908.829983218502,24.493822416792742,8802141659541.008,332522.9686896367,1.204651202607319
