particle_id,x,y,vx,vy,time,energy,faug
0,-1311468888409987.8,0.0,927.2269848398768,2.709434199429339,7154649348474.241,335189.89286236407,1.201111325109285
0,-450816376438838.2,-62501204991522.48,-983.469139052868,-128.46620183260148,8802141659541.008,301665.1400758449,1.2045695160921348
1,-1613459217302835.2,0.0,895.881881631367,2.0512884760055545,8802141659541.008,320541.3026327579,1.2045695160921348
2,-1613459217302835.2,0.0,909.8120317192188,1.8536404188684177,8802141659541.008,333117.7103448004,1.2045695160921348
