particle_id,x,y,vx,vy,time,energy,faug
0,-1311468888409987.8,0.0,897.980020093047,0.0701659926113534,7154649348474.241,308495.3423426867,1.2011106268667415
0,-413827523454025.3,-1438976992369.0088,-977.4705007322888,-3.176533629196906,8802141659541.008,274873.21720053337,1.2045690305575243
