particle_id,x,y,vx,vy,time,energy,faug
0,-1613459217302835.2,0.0,879.2424158763965,0.0052363989783392,8802141659541.008,305770.6387746637,1.2045690301164362
