particle_id,x,y,vx,vy,time,energy,faug
0,-1066001933499448.0,0.0,1039.7708118902935,0.0158382105757374,5815517322893.456,431947.0886011726,1.1782727940945603
0,-499339932585611.4,-447832878475.7085,-1066.8967379613184,-0.9230342778997171,7154649348474.241,399048.4308012127,1.180668449081716
0,-2142172230793119.5,-1866848392342.1484,-959.1457438145916,-0.8279895058244137,8802141659541.008,398046.79692855617,1.1831633321873825
