particle_id,x,y,vx,vy,time,energy,faug
0,-1613459217302835.2,0.0,1001.00950243765,75.18311847569312,8802141659541.008,423073.2884599735,1.1836639836852916
