particle_id,x,y,vx,vy,time,energy,faug
0,-307438315860628.75,0.0,1087.9962441058342,0.1270712638128549,1677213516620.3262,399697.22882267233,1.1656602747039992
0,-160049095632947.8,-1204583746215.2,-1105.0424426556992,-8.072832807023433,2063423411482.4,367195.20363542705,1.1675773162710388
0,-655682779427674.4,-4821275796778.347,-1007.6820990484788,-7.349966921283031,2538565384109.942,366466.7759098334,1.169562487962173
0,-1230877112034671.2,-9016044248289.955,-964.7708554163202,-7.035105342270164,3123117714735.799,366466.8968441387,1.171619923223701
0,-1912656854094120.0,-13987238230052.832,-933.5668884670353,-6.806738945080019,3842274192010.384,366466.90518254787,1.1737541153240452
0,-2727557676192806.5,-19928553370962.875,-911.136904405756,-6.642783032787584,4727029947328.75,366466.9173147547,1.1759699586411911
0,-3710766683586397.0,-27096667236197.137,-896.8813822247937,-6.5386567946909135,5815517322893.456,366466.91731475474,1.178272794210268
0,-4904671098471740.0,-35800674959048.81,-887.1252589604467,-6.4674298911802595,7154649348474.241,366466.9173147546,1.1806684491612869
0,-6359934866596525.0,-46409966440171.695,-880.1210381638394,-6.416311192660014,8802141659541.008,366466.91731475474,1.1831633322421624
