particle_id,x,y,vx,vy,time,energy,faug
0,-572476933281371.9,0.0,1076.634519487016,127.31005401029584,3123117714735.799,437282.27626775287,1.1729164504549328
0,253745170181356.75,-46690225355183.734,1022.9794163997464,-475.4581484049171,3842274192010.384,420462.8786171841,1.1746398321573537
0,1098494993071359.6,-450100503906703.44,919.392979618021,-443.0619308962477,4727029947328.75,419411.120599795,1.1765763242456218
0,2075068777618683.2,-922126129804467.8,879.8353478095283,-426.1069526819076,5815517322893.456,419411.3040221881,1.1786886583664105
0,3237898247953004.0,-1485822656260776.2,859.8529261012529,-417.0826025193444,7154649348474.241,419411.3040221881,1.1809541126404672
0,4644474023647776.0,-2168334377323582.5,848.9983726639517,-412.05837674846714,8802141659541.008,419411.3040221882,1.1833598459225396
