particle_id,x,y,vx,vy,time,energy,faug
0,-866478901838284.5,0.0,1043.6077651465373,29.544639137541708,4727029947328.75,422454.4572665669,1.1760285794358654
0,-55336005992077.484,-391736865933352.4,-214.357466117938,-1054.8631843741566,5815517322893.456,392728.0428310522,1.1783130586316333
0,-326926979727507.5,-1710209805437578.2,-195.94157723777985,-946.6988636661874,7154649348474.241,391672.24510443304,1.1806961355239771
0,-642713802157544.0,-3233676201236915.5,-188.79413039792928,-910.0462413634692,8802141659541.008,391672.31702753063,1.183182391348051
