particle_id,x,y,vx,vy,time,energy,faug
0,-1311468888409987.8,0.0,1015.8082194695396,0.7450312327506461,7154649348474.241,421244.72854460584,1.1806684894990864
0,-579931913898634.4,-23929677096511.35,-1048.1498237546832,-41.56488196437124,8802141659541.008,388170.8391844535,1.1831633600124782
