particle_id,x,y,vx,vy,time,energy,faug
0,-1613459217302835.2,0.0,402.58761987846617,0.0003637092288725,8802141659541.008,275.42166264294065,1.4552763215583178
