particle_id,x,y,vx,vy,time,energy,faug
0,-1613459217302835.2,0.0,402.6068194112057,0.0118822048865178,8802141659541.008,283.15141166961985,1.4552763217421298
