particle_id,x,y,vx,vy,time,energy,faug
0,-1311468888409987.8,0.0,435.8116657911322,0.0030001012089214,7154649348474.241,277.18566222002846,1.4205771468677977
0,-494911319242635.5,4704693983.056186,596.133103768755,0.0022830667379144,8802141659541.008,-2158.90804407213,1.4552763215651807
