particle_id,x,y,vx,vy,time,energy,faug
0,-704300493026514.9,0.0,522.9903978452411,0.0401981042091354,3842274192010.384,292.90240685647586,1.3504962990536693
0,-181203731628732.0,33032058357.193516,737.5885231772442,0.0217847471272081,4727029947328.75,-3612.1408591176737,1.369832133828663
0,-577811446040755.4,-602173209117.4071,-467.6315126346409,-0.4383499596104203,5815517322893.456,-43045.309462227786,1.392767199750779
0,-1115467065389630.2,-1098884380144.8138,-351.0017602527687,-0.3204028323391496,7154649348474.241,-44013.06616823994,1.4205771474172952
0,-1622366119943861.8,-1557110746977.9624,-269.57078170697514,-0.2412772381289007,8802141659541.008,-44058.76229855995,1.4552763220257068
