particle_id,x,y,vx,vy,time,energy,faug
0,-465326721171138.2,0.0,573.7632612837521,0.0853456013875585,2538565384109.942,283.5256455820345,1.3194705090393353
0,-85570005661376.53,44961665504.72017,853.0065749568724,0.0159050189724127,3123117714735.799,-5028.2346237455495,1.3339071644144105
0,-428337756350253.3,-1043528278071.38,-508.3712062028561,-1.145792387651598,3842274192010.384,-42055.835540377026,1.3504962997188856
0,-827855244706025.8,-1936754633053.6255,-407.5426839568228,-0.9054681929648446,4727029947328.75,-42559.804740196254,1.3698321343449915
0,-1229951817427108.0,-2825894170329.3794,-335.9766801262922,-0.7396395045608118,5815517322893.456,-42560.49190404299,1.3927672001593974
0,-1635745536395551.0,-3715414608936.1846,-273.05819664816335,-0.5959428299614068,7154649348474.241,-42560.3459251637,1.4205771477487694
1,-1311468888409987.8,0.0,435.82954828773273,0.0315639977636706,7154649348474.241,284.9797163865005,1.4205771477487694
0,-2034148035767104.8,-4580701509859.591,-212.89568833999112,-0.4598967212377705,8802141659541.008,-42560.31039218968,1.4552763223035103
1,-494879618166368.1,49497813264.816696,596.1586064848606,0.024019283164132,8802141659541.008,-2151.34236099993,1.4552763223035103
