particle_id,x,y,vx,vy,time,energy,faug
0,-465326721171138.2,0.0,573.753179038083,0.0001137544231472,2538565384109.942,277.73723232228076,1.319470505943107
0,-85576987228415.7,59928471.22715236,852.9785504946823,2.1212153873618565e-05,3123117714735.799,-5033.673919663299,1.3339071620787064
0,-428339291449105.3,-1390883409.6086285,-508.3823717137853,-0.0015272183684089,3842274192010.384,-42050.76904568143,1.35049629793408
0,-827866808539067.5,-2581462592.8706183,-407.55430883453937,-0.0012069009407938,4727029947328.75,-42554.721415490334,1.3698321329596577
0,-1229976481986715.8,-3766604311.892778,-335.98914310459594,-0.0009858767221845,5815517322893.456,-42555.40791544583,1.3927671990630548
0,-1635787627021640.8,-4952267133.149688,-273.071767761374,-0.0007943521189848,7154649348474.241,-42555.26193462404,1.4205771468594093
0,-2034213785328404.0,-6105649040.550505,-212.91130417469955,-0.0006130273702345,8802141659541.008,-42555.14872831153,1.4552763215581508
1,-1613459217302835.2,0.0,402.62093933758024,3.7511866245179815e-05,8802141659541.008,288.8362194110523,1.4552763215581508
