particle_id,x,y,vx,vy,time,energy,faug
0,-1066001933499448.0,0.0,466.7151908283932,3.181188509708542,5815517322893.456,302.012501406949,1.392774926958954
0,-357500219508114.0,4028267459088.4,641.8389234656687,2.2535769458014685,7154649348474.241,-2565.409350842994,1.4205834157332846
0,-760470304232783.8,-56158806123595.03,-427.9878658256516,-27.14653598315808,8802141659541.008,-44006.164169225725,1.4552815753821435
