particle_id,x,y,vx,vy,time,energy,faug
0,-1613459217302835.2,0.0,400.8586599766991,37.73513577934211,8802141659541.008,292.82869817272876,1.4575494422634931
1,-1613459217302835.2,0.0,400.7404041604009,38.826810801901985,8802141659541.008,287.222204716687,1.4575494422634931
2,-1613459217302835.2,0.0,400.9376937521631,37.10655330127752,8802141659541.008,300.99110747456143,1.4575494422634931
