particle_id,x,y,vx,vy,time,energy,faug
0,-866478901838284.5,0.0,476.7365533378882,135.49158474565934,4727029947328.75,277.28609129767574,1.388089036954624
0,-280858721097440.25,139695859373955.34,640.8889314407113,99.2351934416598,5815517322893.456,-2442.7566456053173,1.406944256147998
0,439701275507709.8,-302567435434837.0,269.80111053052684,-452.656475511976,7154649348474.241,-24687.90255910688,1.4319271207817934
1,-1311468888409987.8,0.0,423.2269430547756,104.1451024633835,7154649348474.241,294.90548519841104,1.4319271207817934
0,770937665463438.1,-949278341849704.0,158.14634810295337,-347.0131433968611,8802141659541.008,-26913.161311014617,1.4647017343969817
1,-518542555908061.2,163930728348817.94,572.2834982103842,82.47772644709029,8802141659541.008,-1866.1886528919567,1.4647017343969817
