particle_id,x,y,vx,vy,time,energy,faug
0,-704300493026514.9,0.0,510.65540110302703,112.8812497446368,3842274192010.384,288.9810895531846,1.3594399747855124
0,-195101893749952.25,93649345769244.12,696.6145339397569,73.11474131601149,4727029947328.75,-3050.4196627347264,1.3767040001934712
0,311277761331617.9,-382362442790401.4,190.309897982421,-489.17621572756,5815517322893.456,-27945.554590440355,1.3981669833700552
0,507118563887656.56,-952084976815678.8,117.9119166694284,-378.1452661227838,7154649348474.241,-29452.969376991503,1.424935608954493
0,669044634152468.5,-1510131394847519.0,82.16833106213818,-304.29553703192965,8802141659541.008,-29515.0869892681,1.4589162695973077
