particle_id,x,y,vx,vy,time,energy,faug
0,-866478901838284.5,0.0,495.7887306560023,0.0008208996484757,4727029947328.75,362.6634016899334,1.369697849361003
0,-255899088406383.8,838160182.8251905,688.7136515646577,0.0005237997003264,5815517322893.456,-2991.985542546492,1.3926063626280318
0,-666235778881251.6,-13439652502.345108,-447.8335906629788,-0.0079663022907137,7154649348474.241,-43473.516481448314,1.4203796879613493
1,-1311468888409987.8,0.0,436.0083527818624,0.0005459972190056,7154649348474.241,362.9234858245036,1.4203796879613493
2,-1311468888409987.8,0.0,436.0748693013586,0.0006943534416855,7154649348474.241,391.9274562385108,1.4203796879613493
0,-1284863934229413.5,-24222145599.28233,-320.6762534141817,-0.0054917680281312,8802141659541.008,-44782.24611396268,1.4550258765660566
1,-494562626395923.8,856189263.5758191,596.4136687880521,0.0004153475718841,8802141659541.008,-2075.6827983318653,1.4550258765660566
2,-494444698788791.2,1088815965.7210505,596.5085785495729,0.0005281376723353,8802141659541.008,-2047.528980907722,1.4550258765660566
