particle_id,x,y,vx,vy,time,energy,faug
0,-1066001933499448.0,0.0,466.91029841287553,0.0005086741814239,5815517322893.456,388.0312283776875,1.392606362627718
1,-1066001933499448.0,0.0,466.91450339498255,0.0004437826562457,5815517322893.456,389.99458663811674,1.392606362627718
0,-357214265524763.1,644090700.6336415,642.1490039668477,0.0003601352786265,7154649348474.241,-2482.551727428945,1.4203796879610948
1,-357208134770817.8,561923528.0184051,642.1554803046068,0.0003141890837826,7154649348474.241,-2480.6526845387416,1.4203796879610948
0,675817272916443.5,-4354880096.691346,338.0336158541593,-0.0029816273456143,8802141659541.008,-89739.3636217561,1.4550258765658437
1,677533098293320.0,-3802582781.439016,339.9125311252721,-0.0026068418311929,8802141659541.008,-88864.06988089561,1.4550258765658437
