particle_id,x,y,vx,vy,time,energy,faug
0,-1066001933499448.0,0.0,466.9130092340861,5.150482690789584e-05,5815517322893.456,389.2969422642636,1.3926063626275167
1,-1066001933499448.0,0.0,466.9086490289108,4.575951473091565e-05,5815517322893.456,387.2611152504396,1.3926063626275167
2,-1066001933499448.0,0.0,466.9115986308284,4.710689204999471e-05,5815517322893.456,388.638314247044,1.3926063626275167
0,-357210313219563.06,65216123.52635724,642.1531790517233,3.646452394727572e-05,7154649348474.241,-2481.3274754774757,1.4203796879609314
1,-357216670280392.75,57941391.09785812,642.14646367607,3.239734521967066e-05,7154649348474.241,-2483.29661361489,1.4203796879609314
2,-357212369842134.7,59647418.03393749,642.1510065001418,3.3350996456782306e-05,7154649348474.241,-2481.964528274024,1.4203796879609314
0,676923892582256.9,-441188732.1716907,339.24567071999894,-0.0003023170133559,8802141659541.008,-89175.04595969844,1.4550258765657067
1,675143102486551.8,-391625939.54064286,337.2947727283036,-0.00026799556865,8802141659541.008,-90082.79260619463,1.4550258765657067
2,676348270262867.8,-403400262.1390546,338.6153333766955,-0.0002763037847886,8802141659541.008,-89468.66962389927,1.4550258765657067
