particle_id,x,y,vx,vy,time,energy,faug
0,-1066001933499448.0,0.0,466.91844665887754,0.0276386396851582,5815517322893.456,391.83614336482424,1.3926063631918284
0,-357202389041388.25,34996382569.93017,642.1615631025252,0.019567370835314,7154649348474.241,-2478.8636405809375,1.4203796884186222
1,-1311468888409987.8,0.0,436.0658277354307,0.0213287326240908,7154649348474.241,387.9849246495287,1.4203796884186222
0,-763100144701853.1,-489067683540.60394,-428.8715363851214,-0.2362525636306042,8802141659541.008,-43932.34602798188,1.4550258769491975
1,-494460729236526.3,33445653143.817905,596.4956771783523,0.0162232939254899,8802141659541.008,-2051.3553690272092,1.4550258769491975
2,-1613459217302835.2,0.0,402.85275118594353,0.015989123845681,8802141659541.008,382.1955197405332,1.4550258769491975
