particle_id,x,y,vx,vy,time,energy,faug
0,-378231758954484.3,0.0,597.6937347526083,2.7202708437735863,2063423411482.4,377.9488609158143,1.3066848686567711
0,-55808757844500.55,1136184343598.3152,929.8997226540848,-0.4953466264189259,2538565384109.942,-5883.09698194958,1.3193867111026998
0,-365422096806554.56,-29688775982579.312,-527.4137743483923,-40.034187036115114,3123117714735.799,-41454.95785521896,1.3338104151365042
0,-706542347510416.6,-55421168865972.2,-432.918324890801,-32.501868916689745,3842274192010.384,-41809.58728671483,1.3503835869012628
0,-1057704122550148.2,-81692410873521.06,-365.4024010852812,-27.24931258475864,4727029947328.75,-41809.34562446042,1.369699090149214
0,-1421851927085388.0,-108767835460702.72,-306.57755061751476,-22.728726627450893,5815517322893.456,-41809.082394690464,1.3926073444400169
0,-1793677591561989.8,-136249920459236.94,-250.8957029233109,-18.48471926993269,7154649348474.241,-41808.95965553145,1.4203804842693954
0,-2160214087983260.8,-163154562229798.94,-196.62114620646608,-14.373919872614398,8802141659541.008,-41808.917209058505,1.4550265437781966
