particle_id,x,y,vx,vy,time,energy,faug
0,-866478901838284.5,0.0,495.8262579173852,2.589000522260014,4727029947328.75,384.6211606388242,1.3697028762516612
0,-255855022784470.62,2643412430659.272,688.7681121872731,1.651779727400744,5815517322893.456,-2970.567153412674,1.3926103402949122
0,-664858713264631.0,-42348737303537.3,-447.21558584873213,-25.111652597269284,7154649348474.241,-43438.49908247696,1.4203829140773438
0,-1282697590166634.8,-76339966658429.95,-320.3008212997145,-17.31385469151481,8802141659541.008,-44747.137750158035,1.4550285796651283
