particle_id,x,y,vx,vy,time,energy,faug
0,-1311468888409987.8,0.0,436.02840812655234,1.1817895065230426,7154649348474.241,372.36629780546355,1.42038095740541
0,-494527272012511.25,1853181396155.3088,596.4413217902733,0.8989720773237742,8802141659541.008,-2066.4777122861997,1.4550269402099183
1,-1613459217302835.2,0.0,402.8796188420924,0.9018597597175492,8802141659541.008,393.426137560542,1.4550269402099183
