particle_id,x,y,vx,vy,time,energy,faug
0,-1311468888409987.8,0.0,435.39242252869826,23.64090227893679,7154649348474.241,374.00856588434544,1.420925909659798
0,-495734451738882.8,37079453022017.64,595.1543488391522,18.026405231247747,8802141659541.008,-2049.5910051883257,1.4554833446552875
