particle_id,x,y,vx,vy,time,energy,faug
0,-1311468888409987.8,0.0,435.2878818738032,26.115124471025418,7154649348474.241,390.051554058562,1.4212514623302224
0,-495937235452281.25,40961751690813.0,594.9223765369713,19.922098788726775,8802141659541.008,-2030.655378190917,1.4557558077739208
