particle_id,x,y,vx,vy,time,energy,faug
0,-704300493026514.9,0.0,416.2740460301938,316.896006902119,3842274192010.384,387.0037741787965,1.458271621217616
0,-289304022010433.56,270271154588487.38,533.755422461871,272.8317396147847,4727029947328.75,-1038.7781434816425,1.4436411130613875
0,328959129867721.75,436709556348113.0,546.5647494617152,47.118422765404524,5815517322893.456,-6406.833214916027,1.4467443509967075
0,988417835485077.2,435915202574405.3,446.4685913962604,-28.902318849463235,7154649348474.241,-7718.098519549312,1.4621128473279734
0,1656193250450112.2,364377728231420.56,369.3573487356714,-53.498842745151435,8802141659541.008,-7774.579787549854,1.4888235224080253
