particle_id,x,y,vx,vy,time,energy,faug
0,-1066001933499448.0,0.0,466.8815829102213,0.0002371599887199,5815517322893.456,374.6240766531264,1.3926063626275649
1,-1066001933499448.0,0.0,466.86097366364635,0.0002275541014921,5815517322893.456,365.0022113578889,1.3926063626275649
0,-357256131681412.4,300297542.11352026,642.1047796276619,0.0001679201953536,7154649348474.241,-2495.5197182791308,1.4203796879609705
1,-357286178894703.1,288135781.2663348,642.0730418522955,0.0001611282440334,7154649348474.241,-2504.826443000842,1.4203796879609705
2,-1311468888409987.8,0.0,436.0575668886506,0.0002157380593788,7154649348474.241,384.38245834723057,1.4203796879609705
0,663986074333514.5,-2018259030.6189935,325.0174877455191,-0.0013691657392479,8802141659541.008,-95726.72823567908,1.4550258765657396
1,655368472782914.8,-1927894453.984776,315.468520483853,-0.0012986219160822,8802141659541.008,-100034.9694128776,1.4550258765657396
2,-494475375145912.94,338300061.95358306,596.4838897306994,0.0001640996097068,8802141659541.008,-2054.852316206816,1.4550258765657396
