particle_id,x,y,vx,vy,time,energy,faug
0,-1066001933499448.0,0.0,467.10474627836,4.5720880076804865e-05,5815517322893.456,478.83984413462167,1.3923960144070726
0,-356930757437244.7,57889719.278455175,642.4485761369543,3.2351873855502935e-05,7154649348474.241,-2394.7110463081917,1.4201214970811007
1,-1311468888409987.8,0.0,436.3535593171242,3.5532786327670936e-05,7154649348474.241,513.4960022610903,1.4201214970811007
0,-763311383791688.4,-809442433.0154915,-428.8321251216387,-0.0003908973172499,8802141659541.008,-43925.26389030104,1.4546984941384236
1,-493950579257866.75,55716041.32419658,596.9063781003425,2.701258773376066e-05,8802141659541.008,-1929.5252648219755,1.4546984941384236
2,-1613459217302835.2,0.0,403.1364321627314,3.063018063249084e-05,8802141659541.008,496.5172913213755,1.4546984941384236
