particle_id,x,y,vx,vy,time,energy,faug
0,-866478901838284.5,0.0,496.06528815832377,0.0023689421298847,4727029947328.75,499.8157392143475,1.3695221997691172
0,-255566653789813.7,2418540786.591194,689.1826087494309,0.0015096731941738,5815517322893.456,-2859.9211646469776,1.3923960144098102
0,-666682247686355.8,-38831313981.06025,-448.02527784401553,-0.0230166198566768,7154649348474.241,-43331.9697899897,1.4201214970833205
0,-1285738008303026.2,-69995014141.56827,-320.9831823928441,-0.0158777168316862,8802141659541.008,-44636.88817749233,1.454698494140283
