particle_id,x,y,vx,vy,time,energy,faug
0,-704300493026514.9,0.0,523.3508081529826,0.0006859927673623,3842274192010.384,481.4576771762513,1.3502324461394932
0,-180845336758817.72,563616367.4525186,738.2791508167536,0.0003706970404554,4727029947328.75,-3431.627958977595,1.369522199765866
0,-578300823073017.1,-10292197693.469795,-467.9066727260283,-0.0074920227685323,5815517322893.456,-42848.89644766787,1.3923960144072378
1,-1066001933499448.0,0.0,467.1288872987246,0.0003927721508526,5815517322893.456,490.11652079747,1.3923960144072378
0,-1116426865854582.0,-18784668704.599792,-351.40613283559975,-0.0054798956643992,7154649348474.241,-43812.581254373465,1.4201214970812348
1,-356895557406272.06,497307493.3447929,642.4857788361843,0.000277904496127,7154649348474.241,-2383.804063369811,1.4201214970812348
0,-1624063101468670.0,-26624571038.257298,-270.056697446179,-0.0041297648319094,8802141659541.008,-43857.461899973736,1.454698494138536
1,-763507791147110.8,-6956819133.346994,-429.0025576778549,-0.0033605385027172,8802141659541.008,-43829.82982798926,1.454698494138536
2,-1613459217302835.2,0.0,403.07296245725945,0.0003102919850041,8802141659541.008,470.9323549563997,1.454698494138536
