particle_id,x,y,vx,vy,time,energy,faug
0,-1613459217302835.2,0.0,403.1680123322286,3.621781527284909,8802141659541.008,515.8075575483235,1.4547128063319206
