particle_id,x,y,vx,vy,time,energy,faug
0,-465326721171138.2,0.0,321.80414729776385,475.4793789945996,2538565384109.942,500.656537728064,1.5390398720144352
0,-250162525878908.4,270814995174218.53,414.27388508683066,435.9632996120397,3123117714735.799,-83.5769168670522,1.4576959725386265
0,66517978593096.62,542469658853599.1,447.54973777181567,323.6552524956455,3842274192010.384,-1165.7555579582404,1.4314358382100925
0,451425434273791.25,789796486486406.0,419.8245507556298,244.38741448620507,4727029947328.75,-1280.1847128336376,1.4269160559938638
0,887251693026680.6,1024415233174804.4,381.78378646007246,191.43594489788288,5815517322893.456,-1279.9351179653313,1.4351511356078004
0,1371262720628913.2,1251928242476064.2,342.3711090291795,151.2261634986529,7154649348474.241,-1279.810112399733,1.453428120224235
0,1902768608070131.2,1473013897662073.8,305.41043319216874,120.1515261505652,8802141659541.008,-1279.6233641206272,1.4818498662032449
