particle_id,x,y,vx,vy,time,energy,faug
0,-572476933281371.9,0.0,531.9024064681815,137.2959138525087,3123117714735.799,492.5760498009331,1.3464826469060345
0,-142433004643372.06,92160128391908.02,722.2949357472444,84.47444978909606,3842274192010.384,-3084.1350971029024,1.3598617076178845
0,354786952483274.5,-227332695464803.44,335.8181794674427,-436.7161603725232,4727029947328.75,-23533.017209614656,1.376913080945488
0,658259215701014.5,-654885598642729.4,240.3911668460484,-358.56308775166684,5815517322893.456,-24744.062149480436,1.3981985742550715
0,942251532669059.2,-1095017810387920.8,188.3424785716813,-302.2941351935009,7154649348474.241,-24763.74710266963,1.4248013195064293
0,1216519143619459.8,-1549747500218001.0,147.1094685756567,-252.015166802646,8802141659541.008,-24763.729411779303,1.4586035961333073
