particle_id,x,y,vx,vy,time,energy,faug
0,-1613459217302835.2,0.0,396.8073216650419,71.17000429117743,8802141659541.008,497.6358417677402,1.4609720461812443
