particle_id,x,y,vx,vy,time,energy,faug
0,-1613459217302835.2,0.0,403.5495492346756,2.8582988593963454e-05,8802141659541.008,663.1451666279463,1.454270789692291
