particle_id,x,y,vx,vy,time,energy,faug
0,-1311468888409987.8,0.0,436.6636366566851,0.0006600572207933,7154649348474.241,648.8474272375461,1.4197840640727164
0,-493400755325214.2,1034920609.962798,597.3492586071897,0.0005014898090278,8802141659541.008,-1798.1473100903386,1.454270789692666
