particle_id,x,y,vx,vy,time,energy,faug
0,-1613459217302835.2,0.0,403.5801112352407,0.0191206092761282,8802141659541.008,675.4790979960817,1.4542707901028735
1,-1613459217302835.2,0.0,403.47445739126186,0.0165662685029865,8802141659541.008,632.8448436798353,1.4542707901028735
2,-1613459217302835.2,0.0,403.45453737668726,0.0185140116257108,8802141659541.008,624.8078591752856,1.4542707901028735
3,-1613459217302835.2,0.0,403.51259363111825,0.0188798402866528,8802141659541.008,648.23261055279,1.4542707901028735
