particle_id,x,y,vx,vy,time,energy,faug
0,-1311468888409987.8,0.0,436.7061200079456,0.0047024047359463,7154649348474.241,667.399275152362,1.4197840640910089
0,-493325420126056.2,7372961257.524145,597.4099601690715,0.0035724431558168,8802141659541.008,-1780.1404000167097,1.4542707897079818
