particle_id,x,y,vx,vy,time,energy,faug
0,-1066001933499448.0,0.0,467.5112505247524,0.2658083203302074,5815517322893.456,668.8378568885382,1.3921210970924665
0,-356337994862550.56,336521255478.64856,643.0752979148899,0.1878656717941041,7154649348474.241,-2210.9441054813215,1.419784116054152
0,-764228218731288.1,-4716156027926.542,-429.23090796985946,-2.2780731042258715,8802141659541.008,-43645.75789997207,1.4542708332152672
