particle_id,x,y,vx,vy,time,energy,faug
0,-1311468888409987.8,0.0,436.7025865904945,0.5017321929999378,7154649348474.241,665.9820729098574,1.419784399793683
0,-493331722380905.75,786672960970.7732,597.4047366394288,0.3811715319166907,8802141659541.008,-1781.509009335365,1.4542710707823707
