particle_id,x,y,vx,vy,time,energy,faug
0,-465326721171138.2,0.0,572.6407309869595,45.058653448481955,2538565384109.942,655.2265220974514,1.3199276079614894
0,-86744963436958.53,23818923424779.723,840.4855247095429,10.9232291920316,3123117714735.799,-4501.617543933797,1.3341163986688531
0,-158491352574792.62,-383942084306259.94,-244.66426857787764,-460.40312343888576,3842274192010.384,-37704.5604600799,1.3504998437170257
0,-354245038361575.25,-743977806465639.0,-202.63162413236847,-366.374745496163,4727029947328.75,-38274.12128796078,1.3696515253382158
0,-556638079621435.7,-1105423247426957.2,-171.13970163332658,-302.1978111666831,5815517322893.456,-38275.034474684035,1.3924048742017765
0,-765955039333879.1,-1471145147094997.8,-142.73294467639317,-246.76890119564172,7154649348474.241,-38274.88815927284,1.420014090860766
0,-977585888342645.8,-1832909501756309.5,-115.26931843280671,-194.6746938722094,8802141659541.008,-38274.94587678866,1.454463348870825
