particle_id,x,y,vx,vy,time,energy,faug
0,-1066001933499448.0,0.0,467.2340084670012,12.683646303959636,5815517322893.456,619.6646221009141,1.3922990116913618
1,-1066001933499448.0,0.0,467.2324695313513,15.607340099309432,5815517322893.456,660.3026709183614,1.3922990116913618
0,-356766215676002.8,16059560655729.133,642.4932366795693,8.976837597846602,7154649348474.241,-2253.1445161968004,1.4199283133761371
1,-356780752972313.4,19761821592173.543,642.4115880209342,11.049451234758816,7154649348474.241,-2211.0815086182556,1.4199283133761371
0,506665200304324.9,-98129928942810.88,144.91827316701114,-54.789856537260434,8802141659541.008,-162934.19730286175,1.4543915515152337
1,289789080473777.25,-94690044942700.64,-169.8744217494479,-1.9892155624563443,8802141659541.008,-237072.49197280704,1.4543915515152337
