particle_id,x,y,vx,vy,time,energy,faug
0,-1613459217302835.2,0.0,403.5130489409226,0.0001134590754399,8802141659541.008,648.416155678744,1.454270789692304
