particle_id,x,y,vx,vy,time,energy,faug
0,-1613459217302835.2,0.0,340.19000427514834,216.95819718498495,8802141659541.008,637.0749901147501,1.5695513153243843
