particle_id,x,y,vx,vy,time,energy,faug
0,-866478901838284.5,0.0,493.9087388644677,48.82534106078075,4727029947328.75,624.308806803223,1.371629696404076
0,-258515386002402.6,49919639457057.375,682.4552280226918,31.86738361356871,5815517322893.456,-2644.4327492741286,1.3939651394966863
0,-272871528439878.62,-574129343805410.9,-258.1583630687516,-388.1319692378657,7154649348474.241,-39063.695780185895,1.421276374578896
0,-640956418668196.5,-1102725491131938.0,-196.2839310878101,-271.68955850028766,8802141659541.008,-40533.84951153867,1.455518752094682
1,-1613459217302835.2,0.0,402.3516625077109,31.361368374324325,8802141659541.008,672.2236973870895,1.455518752094682
