particle_id,x,y,vx,vy,time,energy,faug
0,-1613459217302835.2,0.0,403.5522531141251,0.0001879988741488,8802141659541.008,664.2363196337537,1.454270789692348
