particle_id,x,y,vx,vy,time,energy,faug
0,-1311468888409987.8,0.0,437.02609559979726,0.0274879572018968,7154649348474.241,807.18613329441,1.4193433578589594
0,-492757977034086.75,43096101619.51044,597.8673296979663,0.0208699807205203,8802141659541.008,-1644.4620564277866,1.4537124491292022
