particle_id,x,y,vx,vy,time,energy,faug
0,-1613459217302835.2,0.0,404.05273899572944,0.0163614213261564,8802141659541.008,866.3339016961982,1.4537124486111923
