particle_id,x,y,vx,vy,time,energy,faug
0,-866478901838284.5,0.0,496.75734020721063,2.3366209991594045,4727029947328.75,846.0881023260881,1.3689967987072904
0,-254735404965204.97,2385022755441.6973,690.3507697373481,1.4844049744687011,5815517322893.456,-2526.298458114121,1.3917652574113684
1,-1066001933499448.0,0.0,467.8100973483101,2.0288710438452364,5815517322893.456,810.6195956220181,1.3917652574113684
0,-666624610040178.2,-38385325514182.04,-447.97995936086744,-22.758271353976316,7154649348474.241,-42963.002853113954,1.4193461876521605
1,-355902749445338.3,2568426389691.192,643.5326385711328,1.4327347704423397,7154649348474.241,-2073.6848627833824,1.4193461876521605
0,-1286059753639926.5,-69225524477344.08,-321.411379883893,-15.726515421108616,8802141659541.008,-44258.735801553696,1.4537148171553014
1,-763903704211561.5,-36025698315542.086,-429.1086651883517,-17.405543117275037,8802141659541.008,-43491.489643136374,1.4537148171553014
