particle_id,x,y,vx,vy,time,energy,faug
0,-1066001933499448.0,0.0,467.874061510143,1.5635691268207377,5815517322893.456,839.7089374538045,1.3917639553115948
0,-355809204098377.56,1979350966503.771,643.6330337591598,1.1039400903114345,7154649348474.241,-2045.607883479679,1.419345132572795
0,-764399255660485.9,-27778238165567.25,-429.274640794933,-13.41932952201236,8802141659541.008,-43464.562435697066,1.4537139342455965
1,-1613459217302835.2,0.0,403.959047975924,0.9793484729915708,8802141659541.008,828.9616053958598,1.4537139342455965
