particle_id,x,y,vx,vy,time,energy,faug
0,-1066001933499448.0,0.0,465.9100576651646,43.93379944471552,5815517322893.456,886.5981298507977,1.3932707272221971
0,-358953716651892.25,55667461142627.055,638.8142992607311,31.4033382290458,7154649348474.241,-1936.717265997664,1.4205643461775277
0,-408689939236868.5,-607509737976871.2,-299.3962583481848,-330.45253709571716,8802141659541.008,-40117.69562057972,1.4547331873646552
