particle_id,x,y,vx,vy,time,energy,faug
0,-1311468888409987.8,0.0,437.13854217384863,7.218512198860167,7154649348474.241,882.3876240203244,1.4193898264421412
0,-492566117662475.0,11317165751114.611,597.9918351013191,5.480038835330337,8802141659541.008,-1570.0280580644903,1.4537513335699643
