particle_id,x,y,vx,vy,time,energy,faug
0,-1613459217302835.2,0.0,403.891218431363,9.131384164862716,8802141659541.008,842.7750742412463,1.4538112887346906
