particle_id,x,y,vx,vy,time,energy,faug
0,-1066001933499448.0,0.0,467.81145306258657,0.0001641425362833,5815517322893.456,809.1956545258581,1.391761763840527
1,-1066001933499448.0,0.0,467.8126245934815,0.0001662216112724,5815517322893.456,809.7437107826845,1.391761763840527
0,-355900152516455.1,207794112.6007194,643.5387081656761,0.0001159108979548,7154649348474.241,-2075.208127660618,1.4193433568383504
1,-355898443794103.7,210426030.36700624,643.540517168479,0.0001173786604761,7154649348474.241,-2074.6780882844178,1.4193433568383504
2,-1311468888409987.8,0.0,437.07889678022593,0.0001318016944959,7154649348474.241,830.262643217342,1.4193433568383504
0,977780991682508.8,-1591156182.277928,644.0096275132937,-0.0012271484202809,8802141659541.008,91531.13236897349,1.453712448275135
1,978113320184614.6,-1611512807.9182386,644.3261270043005,-0.0012429244149126,8802141659541.008,91760.76276022324,1.453712448275135
2,-492664333885553.9,206638931.50888133,597.9428338947873,0.00010005910735,8802141659541.008,-1622.0643105175695,1.453712448275135
