particle_id,x,y,vx,vy,time,energy,faug
0,-1066001933499448.0,0.0,171.57452514076255,435.3576742444155,5815517322893.456,872.4789466404327,1.9032774816020104
0,-777703457974305.8,570807491143169.1,258.23016209176603,407.2148687266581,7154649348474.241,602.6507498645515,1.6754852207420554
0,-292823681620323.4,1169610920163900.5,317.5818780725625,316.3845538581273,8802141659541.008,-138.41702957078817,1.626393686187405
