particle_id,x,y,vx,vy,time,energy,faug
0,-1311468888409987.8,0.0,430.0125028582826,78.71791496681817,7154649348474.241,864.9130134828156,1.4274223321618351
0,-506015121789540.75,123690318311151.95,584.0636776287611,61.24930442788614,8802141659541.008,-1424.5411586501286,1.4604288821258375
