particle_id,x,y,vx,vy,time,energy,faug
0,-1066001933499448.0,0.0,339.5890394740099,321.940248202289,5815517322893.456,868.5374179641076,1.5592564736116632
0,-544473709077541.6,418097303242697.9,447.2726535490112,286.8557915431726,7154649348474.241,-114.08572592225391,1.53495967358574
0,271061527586159.6,734870427040852.6,500.1477456701199,89.84993409456447,8802141659541.008,-4540.802633308005,1.5415882646872752
