particle_id,x,y,vx,vy,time,energy,faug
0,-1066001933499448.0,0.0,465.0694124827698,50.678212508485856,5815517322893.456,814.3376713100297,1.3941755915056198
0,-360267849653191.94,64234851652096.516,636.967245068875,36.38286357973912,7154649348474.241,-1986.1337229024791,1.4212948785961317
0,-317398348236853.44,-648652280945081.2,-262.5238411621444,-366.3018931818367,8802141659541.008,-39225.080251703854,1.4553429411439092
