particle_id,x,y,vx,vy,time,energy,faug
0,-1613459217302835.2,0.0,403.96970022561106,0.0001397000324804,8802141659541.008,832.7851730674156,1.4537124482751458
