particle_id,x,y,vx,vy,time,energy,faug
0,-378231758954484.3,0.0,599.01023797385,0.0001868228431756,2063423411482.4,1161.9812416851346,1.3060537926383695
0,-55031817058707.375,77894141.53136623,934.971595591608,-3.9367720773608046e-05,2538565384109.942,-5160.3206036548945,1.3186755326172603
0,-367696374688232.56,-2052945581.7256043,-530.019827346406,-0.0027670643504529,3123117714735.799,-40662.97633743525,1.3329997850332609
0,-710703698299910.9,-3832751755.399316,-435.5410912434978,-0.0022494023223025,3842274192010.384,-41010.36272909456,1.3494472850315202
0,-1064181638998848.0,-5652040645.885259,-368.0203954061251,-0.0018882151571919,4727029947328.75,-41010.11803545327,1.3686003797980018
0,-1431190227263634.2,-7529622553.64945,-309.2202091147851,-0.0015774626496187,5815517322893.456,-41009.8556480198,1.3912927208432233
0,-1806590960927579.2,-9439027948.757711,-253.59674091203337,-0.0012858718120689,7154649348474.241,-41009.734588702195,1.4187682583923673
0,-2177724604900691.2,-11314157532.722963,-199.5651180827873,-0.0010043734852955,8802141659541.008,-41009.63105264385,1.4529842952935308
