particle_id,x,y,vx,vy,time,energy,faug
0,-704300493026514.9,0.0,524.6349195182358,0.0012782623811755,3842274192010.384,1154.322869520838,1.3494472850324817
0,-179567619840290.28,1049655240.535434,740.7504545321349,0.0006835766317986,4727029947328.75,-2787.5951121428516,1.3686003797987472
1,-866478901838284.5,0.0,497.27624335805297,0.0010143006080319,4727029947328.75,1101.2617832711694,1.3686003797987472
0,-580039883466569.0,-19283972932.434273,-468.881747341328,-0.0140363142794692,5815517322893.456,-42151.80923178035,1.3912927208438124
1,-254110422104946.47,1035137575.274644,691.2419257142378,0.0006427897947528,5815517322893.456,-2280.86511154857,1.3912927208438124
0,-1119832151308202.4,-35214263590.83749,-352.8379678675207,-0.010291406945764,7154649348474.241,-43101.132923935875,1.4187682583928445
1,-668642877620953.2,-16715383319.643488,-448.8717734116327,-0.0099069232600386,7154649348474.241,-42708.52645062882,1.4187682583928445
0,-1630077757871625.8,-49956248548.27922,-271.7761687258814,-0.0077767069379817,8802141659541.008,-43143.216873562946,1.4529842952939296
1,-1289581982119728.5,-30148592398.1076,-322.3335562908029,-0.0068541845733091,8802141659541.008,-43996.79793603812,1.4529842952939296
