particle_id,x,y,vx,vy,time,energy,faug
0,-1066001933499448.0,0.0,468.53099555541263,0.0408300295391637,5815517322893.456,1146.065577866757,1.391292722486968
0,-354850513202942.0,51679134835.97031,644.6509417278829,0.0287723622032878,7154649348474.241,-1749.4196690617537,1.4187682597235889
0,-766212517165804.5,-727809909455.9774,-429.8660055156356,-0.3515158550466051,8802141659541.008,-43152.34109498619,1.4529842964067443
