particle_id,x,y,vx,vy,time,energy,faug
0,-1066001933499448.0,0.0,468.3659612287213,0.0822546525073958,5815517322893.456,1068.7580480140168,1.391292727502545
1,-1066001933499448.0,0.0,468.4162769731951,0.0820533658837737,5815517322893.456,1092.3254793399974,1.391292727502545
0,-355091285524768.4,104115071545.51486,644.3956212501398,0.0579916298759747,7154649348474.241,-1824.187741883914,1.4187682637855603
1,-355017879698174.9,103859006971.69173,644.4734456566812,0.057841240599975,7154649348474.241,-1801.3968478702009,1.4187682637855603
0,1124443122604170.4,-844426728564.9012,780.7994015320974,-0.6644143068751597,8802141659541.008,199265.24467004876,1.4529842998035056
1,1136862932955567.2,-846687123450.8699,792.146216969772,-0.6669693450057996,8802141659541.008,208974.50032886717,1.4529842998035056
