particle_id,x,y,vx,vy,time,energy,faug
0,-572476933281371.9,0.0,550.493451172137,0.9361821330600169,3123117714735.799,1129.36517638003,1.333000378656776
0,-124804757849249.69,616780906906.5923,794.7236380401471,0.3667513250720072,3842274192010.384,-3460.133651281416,1.3494477382670342
0,-500173079685533.75,-12800008036176.371,-489.0483066297629,-11.443797778983,4727029947328.75,-41674.12936257808,1.3686007312338275
0,-966376863050364.0,-23595283384330.617,-381.56413627228306,-8.761769421287951,5815517322893.456,-42364.505016974465,1.3912929986122675
0,-1423361371762754.5,-34020911066226.24,-305.84394244063066,-6.933690266701075,7154649348474.241,-42373.40120096741,1.4187684833494612
0,-1869336734769080.0,-44067107113411.055,-238.59908015193565,-5.337951349317664,8802141659541.008,-42373.39883563246,1.4529844834104173
