particle_id,x,y,vx,vy,time,energy,faug
0,-465326721171138.2,0.0,575.2062476225703,7.978995822870223,2538565384109.942,1144.3278433521336,1.3187083833118245
0,-84582886039240.97,4198713149369.3984,856.7225419826636,1.3679807763587182,3123117714735.799,-4213.915520645154,1.3330245485059204
0,-418187347400286.3,-96855858123546.28,-498.81668165548575,-106.65190628279856,3842274192010.384,-41018.85105507588,1.349466191547316
0,-810662376764040.4,-180086142399580.94,-400.7906987040578,-84.45440770058076,4727029947328.75,-41514.63430031513,1.3686150394779395
0,-1206522027724030.2,-263102177587959.53,-331.1426437217761,-69.1338481803646,5815517322893.456,-41515.15455176094,1.3913043074386162
0,-1607032577557921.0,-346359089469341.6,-269.92601935981236,-55.866005194171784,7154649348474.241,-41515.008249129125,1.418777641941013
0,-2001702374140948.5,-427648543505649.75,-211.4901831224337,-43.32843380414077,8802141659541.008,-41514.61582024051,1.4529921420823833
