particle_id,x,y,vx,vy,time,energy,faug
0,-1066001933499448.0,0.0,467.5885492823154,29.94994097379148,5815517322893.456,1153.4430383849976,1.3920654126274026
0,-356358592870480.7,37924744657152.25,642.3354723621512,21.232226089298173,7154649348474.241,-1712.326652576041,1.4193935883697444
0,-582532200208776.5,-472765766163798.4,-365.17658089894337,-241.55967861875655,8802141659541.008,-41529.627024342786,1.453506952117839
