particle_id,x,y,vx,vy,time,energy,faug
0,-1066001933499448.0,0.0,399.5287885518889,244.50092780358705,5815517322893.456,1087.3961355254432,1.4554348212905464
0,-458815593060576.4,315245176819855.9,524.4246902752764,207.74382782130232,7154649348474.241,-463.501377764449,1.467654641134425
0,490116418507816.1,379510694057567.1,524.3444454939118,-125.77447932490554,8802141659541.008,-9879.17358438461,1.4922516130507435
