particle_id,x,y,vx,vy,time,energy,faug
0,-1311468888409987.8,0.0,438.3863776964506,0.0005054743342948,7154649348474.241,1402.5897129342338,1.4180186209708006
0,-490344977379440.4,792285245.5433059,599.8152473635271,0.0003827694815647,8802141659541.008,-1066.6071422338428,1.4520359177698166
