particle_id,x,y,vx,vy,time,energy,faug
0,-572476933281371.9,0.0,551.1555033763249,0.0076153812116841,3123117714735.799,1493.601546183927,1.3326224817497792
0,-124256237861311.56,5015231314.7424,796.2338828422833,0.0029482059416033,3842274192010.384,-3114.412025342928,1.349011342672851
0,-501093571758823.5,-104426232288.75044,-489.7097387426138,-0.0933536478745343,4727029947328.75,-41298.74016071096,1.3680888629744097
0,-968127350971376.8,-192534578676.9286,-382.395663819195,-0.0715450894657426,5815517322893.456,-41983.18884407314,1.390680957805524
0,-1426298070772948.0,-277706754453.3946,-306.7791472455208,-0.0566746971689399,7154649348474.241,-41991.659460951785,1.4180186209808163
0,-1873907450898846.5,-359878518766.1415,-239.6468578486737,-0.0436969958726778,8802141659541.008,-41991.65574425833,1.4520359177781847
1,-1613459217302835.2,0.0,405.4698354708803,0.0024497011558938,8802141659541.008,1439.919564264521,1.4520359177781847
