particle_id,x,y,vx,vy,time,energy,faug
0,-866478901838284.5,0.0,498.0668150324478,0.0001988230289277,4727029947328.75,1494.7067969110503,1.3680888629583816
0,-253159182713071.53,202855872.6844121,692.5915964555812,0.0001255324286956,5815517322893.456,-1902.1361077713957,1.3906809577928625
1,-1066001933499448.0,0.0,469.2958603027633,0.0001640536980093,5815517322893.456,1504.720094916862,1.3906809577928625
0,-669924300502429.9,-3287991475.13593,-449.4264294748781,-0.0019486295810879,7154649348474.241,-42300.64966066631,1.4180186209705694
1,-353734395534925.5,207605876.70505407,645.8357720759982,0.0001153471591154,7154649348474.241,-1402.606872332428,1.4180186209705694
0,-1292094465301332.0,-5932715791.0396185,-323.2152947198397,-0.0013507282710304,8802141659541.008,-43578.13009830064,1.4520359177696234
1,-767697348006613.0,-2934539916.9892344,-430.3471678183024,-0.0014172113342262,8802141659541.008,-42777.92549167409,1.4520359177696234
