particle_id,x,y,vx,vy,time,energy,faug
0,-465326721171138.2,0.0,575.4565531819663,22.940661714955382,2538565384109.942,1519.641284157202,1.3186221324030651
0,-84505894652518.52,12076761366464.771,855.051638595087,4.125727600808407,3123117714735.799,-3819.045133430744,1.33283140748867
0,-341966973700059.3,-254779079014165.38,-426.4839222003856,-286.5314066883815,3842274192010.384,-39618.70865406227,1.3491707631944263
0,-678595221421491.1,-478616088938568.5,-344.72199935629186,-227.40300452223096,4727029947328.75,-40126.74302080137,1.368212402163164
0,-1019951157579443.8,-702466406307170.0,-286.28999087002563,-186.70913478131925,5815517322893.456,-40127.25322294713,1.3907785370683463
0,-1367217677416165.5,-927756714342736.0,-234.78056856299483,-151.5079488846857,7154649348474.241,-40127.106794659085,1.4180975866005003
0,-1711876320756116.5,-1148881998677066.0,-185.6071861804104,-118.32972375071388,8802141659541.008,-40126.45815255121,1.4521018870987863
1,-1613459217302835.2,0.0,405.4886731271871,7.762240984950386,8802141659541.008,1477.684032650228,1.4521018870987863
