particle_id,x,y,vx,vy,time,energy,faug
0,-1311468888409987.8,0.0,288.84024614607284,329.8499205238422,7154649348474.241,1426.1105695534206,1.7138963443562278
0,-756328776329302.2,528678134805505.2,390.660979594179,298.8832339230751,8802141659541.008,682.5042970490031,1.6442578043978369
