particle_id,x,y,vx,vy,time,energy,faug
0,-866478901838284.5,0.0,491.7077668413826,79.11808350403476,4727029947328.75,1477.5302333534637,1.3733499262309117
0,-261696964328458.88,81037408568020.28,674.3095332597079,53.15251935666057,5815517322893.456,-1674.2070705324004,1.3948142675016697
0,78403982228432.61,-595440353789160.6,-51.10652918323308,-486.2413771439821,7154649348474.241,-33132.21209758757,1.42135086805696
0,-15496046007062.732,-1264924850957932.8,-58.466583807162635,-348.58470965477176,8802141659541.008,-34809.17059061381,1.4548123500947137
1,-1613459217302835.2,0.0,403.25214255772215,43.65475761903444,8802141659541.008,1496.039992957667,1.4548123500947137
2,-1613459217302835.2,0.0,403.1023667295653,44.51312051841387,8802141659541.008,1473.4938035045052,1.4548123500947137
