particle_id,x,y,vx,vy,time,energy,faug
0,-307438315860628.75,0.0,622.2976970593569,0.0008398350352784,1677213516620.3262,1456.5190379605046,1.2945600641618753
0,-33204401343567.027,273025352.1369346,1046.8736327885338,-0.0008319852872024,2063423411482.4,-6151.6879653558135,1.3057607932931474
0,-313836407325198.44,-8207380351.555702,-550.6174319074373,-0.0135769118036048,2538565384109.942,-39885.95958390838,1.3183448076101725
0,-606460356835062.5,-15388240568.370304,-461.2841916328299,-0.0112788157796203,3123117714735.799,-40125.85727457593,1.3326224817227463
0,-913562947109444.0,-22877541731.883636,-397.1383582212798,-0.0096625546412784,3842274192010.384,-40125.569164118744,1.3490113426522183
0,-1239160232151372.5,-30783025089.824524,-341.6864825066734,-0.0082797573944067,4727029947328.75,-40125.307818068555,1.3680888629584178
0,-1581664353674832.8,-39066167685.7498,-289.742611734396,-0.0069932258137937,5815517322893.456,-40125.09905085102,1.3906809577928911
0,-1934242020442417.5,-47557436096.22481,-238.5474812522509,-0.0057317073094021,7154649348474.241,-40125.02094315602,1.4180186209705925
0,-2284613757907962.5,-55953546004.128174,-189.4590823120023,-0.0045271153486656,8802141659541.008,-40125.01315722209,1.452035917769643
