particle_id,x,y,vx,vy,time,energy,faug
0,-704300493026514.9,0.0,492.6765296210065,182.1089716066268,3842274192010.384,1480.3436692617545,1.3672324576789163
0,-214394575421570.72,152559561710356.38,652.0404819841241,134.25912610704663,4727029947328.75,-1232.2421994784672,1.3819200169194374
0,463163544742548.8,-44472766264499.91,453.3373629693507,-320.44967000133767,5815517322893.456,-16799.446024218778,1.4014502058947769
0,962236870006882.8,-447866271441046.5,318.68695984203555,-281.62356629142204,7154649348474.241,-18577.78714788705,1.4266467795693982
1,-1311468888409987.8,0.0,431.476541273336,77.93849443148552,7154649348474.241,1434.4889296227338,1.4266467795693982
0,1422490153163488.0,-878066654515741.0,246.4786334072569,-242.3103645154061,8802141659541.008,-18648.243938763735,1.4591938020346698
1,-503416376098841.7,122432565676584.4,586.1491909019308,60.487029804235576,8802141659541.008,-873.6808714200743,1.4591938020346698
2,-1613459217302835.2,0.0,397.9893947591,77.35210539491625,8802141659541.008,1426.4790977431112,1.4591938020346698
