particle_id,x,y,vx,vy,time,energy,faug
0,-1613459217302835.2,0.0,217.7731372990705,341.9057950113942,8802141659541.008,1399.381818599286,2.0353008138266953
