particle_id,x,y,vx,vy,time,energy,faug
0,-866478901838284.5,0.0,178.38632309997354,465.08434096044175,4727029947328.75,1521.9929164763016,1.711310120223573
0,-625010805593385.4,495729757147758.06,263.83707997145297,435.50267451511166,5815517322893.456,1267.199536825152,1.5791686816364672
0,-227553247583029.72,1021230709339195.6,317.1560957827517,347.5943551245331,7154649348474.241,705.5222677518323,1.5452384694868997
1,-1311468888409987.8,0.0,338.5382518908995,278.4843705263888,7154649348474.241,1392.1279483115068,1.5452384694868997
0,299853380542907.75,1517064959929527.2,317.10167026281573,260.3874718100311,8802141659541.008,561.6596470237419,1.5475614206886663
1,-670245701886147.5,444484577117453.06,450.3493139102545,246.25337102616763,8802141659541.008,315.3035799426725,1.5475614206886663
2,-1613459217302835.2,0.0,339.2036276828221,222.48717359181833,8802141659541.008,1516.8475459038746,1.5475614206886663
