particle_id,x,y,vx,vy,time,energy,faug
0,-1311468888409987.8,0.0,439.6311940064603,0.0034661067672269,7154649348474.241,1949.0750156788708,1.417042885894523
0,-488135827270517.1,5431501385.951649,601.6028997453159,0.0026182962486341,8802141659541.008,-536.2988347484788,1.4508027941740458
