particle_id,x,y,vx,vy,time,energy,faug
0,-1066001933499448.0,0.0,470.00509548900715,0.0061063263903431,5815517322893.456,1837.8127577070263,1.389884057413363
0,-352699121112893.5,7726044085.377246,646.9367948441376,0.0042843700219552,7154649348474.241,-1080.5442234397633,1.4170428859150943
0,-769062885410920.6,-109578745057.7891,-430.7824356432835,-0.0529153645612481,8802141659541.008,-42436.87354599738,1.4508027941912125
