particle_id,x,y,vx,vy,time,energy,faug
0,-866478901838284.5,0.0,498.97874942849336,0.1082714585720791,4727029947328.75,1949.3327305739656,1.367422150337269
0,-252061383638609.56,110434903828.929,694.1536637917987,0.0680633470028707,5815517322893.456,-1464.582856675028,1.3898840644596897
0,-671398424379969.9,-1797708110764.8933,-450.06367055397993,-1.0653408623234224,7154649348474.241,-41831.155414017674,1.4170428916127795
0,-1294982148466297.5,-3245172711968.4067,-324.2274315041451,-0.7400558222365602,8802141659541.008,-43096.29575450849,1.4508027989458356
