particle_id,x,y,vx,vy,time,energy,faug
0,-1613459217302835.2,0.0,406.57238664651607,0.4604510764192255,8802141659541.008,1887.6846221915769,1.4508031122009193
