particle_id,x,y,vx,vy,time,energy,faug
0,-704300493026514.9,0.0,526.0519698068908,0.0002587742478424,3842274192010.384,1898.7609486394213,1.348442850848927
0,-178156181119641.6,212364376.9976727,743.4972822626266,0.0001367479536087,4727029947328.75,-2075.301459990733,1.3674221413582588
0,-581962258587981.6,-3927619181.9079313,-469.962343149445,-0.002858567301987,5815517322893.456,-41380.1365247276,1.389884057371441
0,-1123596499698829.2,-7176276910.133016,-354.41894985234075,-0.002101424930243,7154649348474.241,-42313.776908517946,1.417042885881196
0,-1636720733215502.0,-10190567658.8325,-273.67178074585655,-0.0015925844371414,8802141659541.008,-42352.93925945698,1.450802794162925
