particle_id,x,y,vx,vy,time,energy
0,-85731088340384.81,3268499259810.3296,852.198827710988,1.176936022858662,3123117714735.799,-5125.933010317269
0,-421207945198411.5,-75178159512109.28,-501.72202028994974,-82.69603464378253,3842274192010.384,-42079.2412183157
0,-815543141884147.4,-139640992772596.1,-402.29601229058744,-65.34381881731665,4727029947328.75,-42586.01702121299
0,-1212496716317201.2,-203805423892089.9,-331.7055571403109,-53.37505625019854,5815517322893.456,-42586.73412075636
0,-1613161451485017.8,-267995480141230.6,-269.62684948941717,-43.00404381736907,7154649348474.241,-42586.58817696842
0,-2006588162573415.5,-330434399192231.6,-210.25377717041377,-33.18507032757174,8802141659541.008,-42586.06983248316
0,-2375195952480976.5,-388243313421927.7,-156.48172542385538,-24.362904569773644,10829000000000.014,-42586.069832483176
