particle_id,x,y,vx,vy,time,energy
0,-357921562138324.7,228997219.49513304,641.4022938455649,0.0001282024278804,7154649348474.241,-2701.5483275030274
0,-762151482638660.4,-3192646718.4051337,-428.5714054928778,-0.0015423591805581,8802141659541.008,-44169.11295939688
0,-1468228943605002.2,-5659137465.612579,-288.0372536912143,-0.0009789186250488,10829000000000.014,-45927.45033611735
