particle_id,x,y,vx,vy,time,energy
0,-120022811432796.38,48915217888.14787,808.0934889957243,0.0260543970022892,3842274192010.384,-438.9563012927538
0,-506875186676224.25,-1043488064492.6572,-493.84842074391565,-0.9325170260309662,4727029947328.75,-38376.25056180137
0,-979399008489866.0,-1927017727020.6824,-388.0681020425559,-0.7199914587905695,5815517322893.456,-39016.531898222805
0,-1445836645120570.8,-2787233509804.037,-313.4058137081147,-0.5746707263729297,7154649348474.241,-39022.199203606906
0,-1905196609746756.0,-3624690923974.6514,-247.2722788284869,-0.4480537018523208,8802141659541.008,-39022.18665898657
0,-2342071348084205.0,-4410905542420.299,-187.7514341196934,-0.3353863027835707,10829000000000.014,-39022.24914775227
