particle_id,x,y,vx,vy,time,energy
0,-344304375017726.1,6639752134060.529,655.9138268099131,3.622376293672515,7154649348474.241,1559.6423451497976
0,-311635481527882.0,1582569447659157.2,-241.08119760779397,1235.378428321795,8802141659541.008,711356.2686284158
1,-479082397814805.44,10245126460891.34,608.9461921857987,4.892986282870389,8802141659541.008,1673.1644785148092
2,-478880175878455.8,10853405348149.896,609.1083228928903,5.182429603652478,8802141659541.008,1725.1079551479197
0,-790428655262833.5,4036404857882271.0,-233.5281068388428,1196.9125767835674,10829000000000.014,711311.1097741363
1,5854696013099497.0,-3.2524878352840504e+16,4084.47764733901,-22684.12532276292,10829000000000.014,265622235.0553528
2,3519365936407623.5,-2.379837350797331e+16,2455.706525092135,-16599.309317631105,10829000000000.014,140778267.28162283
3,-659567622848969.9,7920849681823.674,563.6189713663191,3.234135357738383,10829000000000.014,2160.660865545622
4,-658456653446604.8,10327096750457.955,564.3132301118312,4.213898399978898,10829000000000.014,2372.9241136893397
