particle_id,x,y,vx,vy,time,energy
0,-51933462949179.414,2039465138.5997777,955.9027427627904,-0.0016497852831402,2538565384109.942,-2269.643142769637
0,-371792521324641.3,-55266145978.13722,-534.5919437580054,-0.0744527755613864,3123117714735.799,-37412.57841872683
0,-718601911971066.2,-103287534267.1807,-441.3222057281813,-0.0608392914934201,3842274192010.384,-37733.0511219522
0,-1077558022878592.6,-152612068616.55234,-374.58625105726554,-0.0513220914494725,4727029947328.75,-37732.795684118086
0,-1452151335857433.2,-203797731704.88504,-316.57175494764533,-0.0431447830375685,5815517322893.456,-37732.5370926803
0,-1837987412566612.8,-256240644034.40225,-261.82116576809534,-0.0354873882353153,7154649348474.241,-37732.4231650334
0,-2223840343912677.2,-308374989901.9713,-209.4145410377315,-0.0282009254363174,8802141659541.008,-37732.16925708865
0,-2599016049203238.0,-358711949622.6753,-163.18832010276333,-0.0218058481094046,10829000000000.014,-37732.16925708864
1,-658080244865614.9,1346336981.7342205,564.5633953379271,0.0005492187610916,10829000000000.014,2427.4406504698563
