particle_id,x,y,vx,vy,time,energy
0,-173803008542340.22,110314660.38565493,752.0850247407546,6.842661250277613e-05,4727029947328.75,126.99998493434396
0,-587888146919068.6,-2082525545.998664,-473.3017724468305,-0.0015152615026389,5815517322893.456,-38998.43532126129
1,-246289882712595.7,227218105.71115664,702.4471493916799,0.000136923478435,5815517322893.456,843.789215236291
0,-1135188155200417.5,-3811537666.0203166,-359.270721126666,-0.0011227346980596,7154649348474.241,-39885.00284257328
1,-679182932867688.9,-3783332808.9475727,-453.45766149012377,-0.0022412955279449,7154649348474.241,-39347.826516153786
0,-1657130808384795.5,-5428503953.777879,-279.4711672394255,-0.0008582615047207,8802141659541.008,-39916.19215074247
1,-1310236429829148.2,-6845454227.526068,-329.5573459215904,-0.0015742488163215,8802141659541.008,-40549.42557398816
0,-2148252316611708.0,-6922767563.848575,-209.00954021241947,-0.0006293793796285,10829000000000.014,-39916.06624014983
1,-1885425829853416.0,-9556901542.599457,-243.47117794684343,-0.0011315738143744,10829000000000.014,-40657.67125608177
