particle_id,x,y,vx,vy,time,energy
0,-242457177261564.4,1235044944.3046086,708.0331145259672,0.0007323410658309,5815517322893.456,2383.9912524160172
0,-684368103612014.1,-20874680437.130142,-455.74422213766894,-0.0123639615689624,7154649348474.241,-37684.41815995917
0,-1320407499231865.5,-37826851091.90954,-333.1002007321432,-0.0087458740066141,8802141659541.008,-38845.04978656226
0,-1903644755490983.5,-52949061548.45627,-247.8289772526051,-0.0063406250925301,10829000000000.014,-38940.23273004605
