particle_id,x,y,vx,vy,time,energy
0,-117243494090001.62,23832202633.672577,816.1058885448249,0.0117542240178253,3842274192010.384,1319.606905326655
0,-510670433479645.4,-516547950373.1946,-496.5757196059613,-0.4615059880423782,4727029947328.75,-36452.27128452298
0,-986791608032752.8,-954879995764.1942,-391.7740543375887,-0.3579980790981477,5815517322893.456,-37064.81036507973
0,-1458619997718381.8,-1383566326473.486,-317.72139442637064,-0.2870939079287722,7154649348474.241,-37069.05232500594
0,-1925621368027954.0,-1803262048396.752,-252.22425688047832,-0.2253811315781159,8802141659541.008,-37069.03536157751
0,-2373822771365021.0,-2201259985797.832,-194.01514651363593,-0.1711374902790506,10829000000000.014,-37069.02923667812
1,-648886918884956.9,15132197888.019556,570.3750959200719,0.006138275349076,10829000000000.014,4140.661415385723
