particle_id,x,y,vx,vy,time,energy
0,-370282506643222.4,361849838239107.0,427.5719604944611,381.8840762604395,4727029947328.75,5631.277820743329
0,129483268578278.62,703977257412192.4,466.476751121599,249.1996572999736,5815517322893.456,3758.1831190760713
0,728492433134186.6,969738146546317.6,425.43525445744154,159.8355069890299,7154649348474.241,3325.8671640182292
0,1386308853899928.2,1184671687655318.0,374.6522921465354,106.55498957556736,8802141659541.008,3321.2979836347804
0,2094778067076710.5,1361090000638840.0,328.16988702866684,71.867715423544,10829000000000.014,3321.3406915895393
