particle_id,x,y,vx,vy,time,energy
0,-176009615925908.0,59087067565423.445,738.980179899432,39.63663819494078,4727029947328.75,2194.4936842234456
0,36842449506266.94,-545413735765517.4,-58.90526267462266,-502.4872710960253,5815517322893.456,-28915.030629861663
0,-44313533924068.016,-1125875224505894.2,-60.03070656057435,-382.42230851324064,7154649348474.241,-30004.54739616305
0,-139334631266225.56,-1686269759125264.5,-55.09771946708991,-303.3633237155939,8802141659541.008,-30035.74308353301
0,-244320825607985.84,-2228708418794228.0,-48.643304250861675,-236.45606253003743,10829000000000.014,-30035.759768345622
