particle_id,x,y,vx,vy,time,energy
0,-241546925086246.8,6071201452403.497,709.3214074873654,3.5866586175318824,5815517322893.456,2771.8339084377803
0,-677443745792290.1,-102388003350368.31,-452.55120549374874,-60.762292190636,7154649348474.241,-37196.54647899105
0,-1309664562724298.0,-185777877846631.38,-331.4311427254348,-43.06430549723218,8802141659541.008,-38349.54762283333
0,-1890617968565409.2,-260322550192385.44,-247.17847364433624,-31.298417806162217,10829000000000.014,-38441.67498409558
