particle_id,x,y,vx,vy,time,energy
0,-166202742194428.0,11699032686.660646,767.5303690631423,0.0067220625866963,4727029947328.75,3990.009330618661
0,-598263757749436.4,-228886463454.28873,-479.21081998195945,-0.1664621672864628,5815517322893.456,-34801.229984736
0,-1155486502526706.2,-420109327151.2625,-367.72538160944015,-0.1249588586434051,7154649348474.241,-35609.7841648794
0,-1692740303906662.5,-601263001876.0623,-289.51464610856385,-0.0968712428699734,8802141659541.008,-35630.16148226886
1,-462206214586345.9,7488918914.473099,622.912041185901,0.0035080636449773,8802141659541.008,5777.111419460591
0,-2206228999265260.8,-771707938860.7151,-221.38396115492228,-0.0728606016430902,10829000000000.014,-35630.19417815849
1,-908844738913375.4,-98443561544.8962,-421.3273133689815,-0.0387201171028356,10829000000000.014,-36060.1439733859
