particle_id,x,y,vx,vy,time,energy
0,-636635150619967.5,22361340523763.215,578.1121070737246,9.000835449746939,10829000000000.014,6519.230507721339
