particle_id,x,y,vx,vy,time,energy
0,-461437281975186.1,2291636894.406112,623.5537161121033,0.0010724747459629,8802141659541.008,5966.78784138817
0,-909855965411381.6,-30186960767.149307,-421.5757753950757,-0.0118724867117806,10829000000000.014,-35856.893182362095
