particle_id,x,y,vx,vy,time,energy
0,-325349731083335.3,41255550277110.266,675.6795632456297,21.666468603619563,7154649348474.241,8171.674675758026
0,-565578223762151.4,-550523706339340.4,-353.62425217461094,-282.461055465633,8802141659541.008,-30582.858696017036
0,-1170298025246974.8,-1018691690619323.0,-256.2623842506842,-193.22227727448987,10829000000000.014,-32057.47117934625
