particle_id,x,y,vx,vy,time,energy
0,-621004252680172.4,163507844248.22888,588.2400547834555,0.0650870265422483,10829000000000.014,9426.255628031531
