particle_id,x,y,vx,vy,time,energy
0,-323011760197102.3,729387182456.897,679.4129349089977,0.3788527110123073,7154649348474.241,8300.399008202337
0,-808564045496590.8,-11391554464600.97,-443.9804841656055,-5.490843828590136,8802141659541.008,-32379.07803138868
0,-1559035330907767.5,-20472087081077.85,-314.4786853420494,-3.733145714355886,10829000000000.014,-33765.986073461274
