particle_id,x,y,vx,vy,time,energy
0,-152904175784609.22,849733778.990222,796.1541595059919,0.0004062698955757,4727029947328.75,10793.428027988586
0,-616432599910634.1,-17690138848.952805,-489.683422158948,-0.0128544925836595,5815517322893.456,-27391.56603780258
0,-1190966306638993.5,-32615660004.5604,-382.35908683545944,-0.0098510381564395,7154649348474.241,-28076.446412974517
0,-1754573708366411.5,-47043107825.458984,-306.73626045221164,-0.0078031418475053,8802141659541.008,-28085.058847648004
0,-2306533962606617.0,-60997946106.91873,-242.6340152647676,-0.0060963928425271,10829000000000.014,-28084.859997579817
