particle_id,x,y,vx,vy,time,energy
0,-311572363744517.0,1689642424.3000572,692.4547376805025,0.0008501906520612,7154649348474.241,11985.406844695768
0,-824026452437406.4,-27376168497.502903,-449.3694273278699,-0.0131878246325968,8802141659541.008,-28416.652371474687
0,-1589307751291503.0,-49394404557.54199,-323.12501830052173,-0.0091396213552765,10829000000000.014,-29695.184347921997
