particle_id,x,y,vx,vy,time,energy
0,-1206693526782576.2,818913677604766.6,243.98361405200455,386.0890548472008,10829000000000.014,16410.35354752968
