particle_id,x,y,vx,vy,time,energy
0,-65729363393982.18,36142116462.44093,945.6213835704292,-0.0192819063918743,3123117714735.799,10266.724793607367
0,-454980389359004.6,-966316225261.8864,-532.3917631477448,-1.0583960088074549,3842274192010.384,-25050.87972395707
0,-879401120946548.0,-1805063663553.347,-438.5457579098397,-0.8627389977052496,4727029947328.75,-25384.081251559503
0,-1317778061912465.5,-2664595992446.236,-371.43515844951344,-0.7260822528244113,5815517322893.456,-25383.85222791444
0,-1774151909676505.8,-3554239323909.7007,-313.0461049018121,-0.6085901661563133,7154649348474.241,-25383.71474891744
0,-2243351691269788.0,-4463871595483.484,-259.8330353993359,-0.5023518781877903,8802141659541.008,-25383.666660857227
0,-2722787246689572.0,-5388305966741.865,-216.0696518904097,-0.4155080515917007,10829000000000.014,-25383.666660857216
