particle_id,x,y,vx,vy,time,energy
0,-410851131637423.2,4689395830.350656,667.2299139999948,0.0020332660869925,8802141659541.008,18737.12345064507
0,-976841768881227.8,-70700904249.82779,-439.01680435910976,-0.0277164747272319,10829000000000.014,-22199.018308520055
1,-572140358956301.8,2853126438.748807,620.5414093508074,0.0010900739939012,10829000000000.014,19001.883125132154
