particle_id,x,y,vx,vy,time,energy
0,-140043555202926.52,20939771903.74337,826.208045965174,0.0075047324285973,4727029947328.75,17405.885986261652
0,-633988164173086.2,-462793518588.6551,-499.930961056249,-0.3359892551918027,5815517322893.456,-20159.39131298719
0,-1225164713497777.5,-856535900284.6378,-396.3012477036867,-0.2620828407891371,7154649348474.241,-20739.339006674243
0,-1813729927456395.5,-1243661327308.3254,-322.97983269370417,-0.2113467524470745,8802141659541.008,-20742.325057081747
0,-2402098565667568.0,-1626791641193.8865,-262.63967195803446,-0.1702296614276938,10829000000000.014,-20742.28328175345
