particle_id,x,y,vx,vy,time,energy
0,-140761685019803.12,444723415.9386123,824.4579285243685,0.000162737015234,4727029947328.75,17036.241914303566
0,-633011080559326.6,-9796229922.746307,-499.3590518577687,-0.0071124713950893,5815517322893.456,-20563.183353013563
0,-1223265416624690.2,-18127198151.932213,-395.5315923093966,-0.005542800911596,7154649348474.241,-21148.613138372035
0,-1810456187886018.0,-26310888912.36968,-322.08677283460406,-0.0044656294206625,8802141659541.008,-21151.80618643933
1,-407397597493246.94,301829044.4749689,670.3304922484283,0.0001300188765532,8802141659541.008,19628.86752647572
0,-2396820005570673.5,-34400475491.61519,-261.54134353351685,-0.0035912516065089,10829000000000.014,-21151.810553149917
1,-981463200170338.4,-4592194159.048078,-440.29092929366266,-0.0017999725752155,10829000000000.014,-21239.52578381625
