particle_id,x,y,vx,vy,time,energy
0,-568656565440348.9,1492405037112.4006,622.8989480610915,0.5682555927133146,10829000000000.014,19699.52727140917
