particle_id,x,y,vx,vy,time,energy
0,-263948668311801.47,3166905378.8980403,750.9182086070447,0.0013047298634889,7154649348474.241,27682.002825381613
0,-888603208866442.5,-59621066359.98414,-472.85673451891256,-0.0286626852901911,8802141659541.008,-11464.690912818478
0,-1715834524739405.5,-109097345626.20444,-358.6259731013777,-0.0212157248203051,10829000000000.014,-12357.52755376054
