particle_id,x,y,vx,vy,time,energy
0,-741884684958803.0,693080702799034.1,393.7111432587606,395.40128536008655,8802141659541.008,42658.867773127655
0,121783072345882.5,1370541413468756.2,437.4590378447471,273.76525759232527,10829000000000.014,41139.998094481154
1,-585101124262877.0,396825401343025.6,591.5968920493799,163.9106611235731,10829000000000.014,39295.39795979933
