particle_id,x,y,vx,vy,time,energy
0,-394075132179628.75,6340453386294.075,755.632836145904,1.6888357067642563,10829000000000.014,56742.11016099696
