particle_id,x,y,vx,vy,time,energy
0,-33669034905369.516,10672218682.200611,1324.9669207727454,-0.0840604133903917,3842274192010.384,50444.08011894836
0,-617631194908421.4,-398073640498.25336,-575.3089957629969,-0.3524842080790343,4727029947328.75,19762.540438714845
0,-1192790262401309.0,-749179089348.3251,-491.27538876734434,-0.2990828780956052,5815517322893.456,19613.074029420983
0,-1807318156067550.5,-1122574613178.7524,-430.7006130911129,-0.2612619525891553,7154649348474.241,19613.211626745066
0,-2473662253229337.5,-1526212938185.5452,-382.7460916407997,-0.2315764541508172,8802141659541.008,19613.092449264317
0,-3212308581156965.5,-1972716627514.4675,-349.0401191769634,-0.2108287936626367,10829000000000.014,19613.092449264303
