particle_id,x,y,vx,vy,time,energy
0,-534934950640002.8,441997460744608.1,616.9307613709929,180.35198407250007,10829000000000.014,55444.17649230469
