particle_id,x,y,vx,vy,time,energy
0,-119459646516340.31,32339229221634.95,944.4827019498852,-9.020489723434048,5815517322893.456,54230.10446156969
0,-477053536117695.1,-689867789480511.5,-336.9090545290997,-425.4374640531466,7154649348474.241,21516.432599691063
0,-981461300622851.2,-1319658695272128.8,-281.912437361042,-349.0325507190169,8802141659541.008,21171.535106094
0,-1510671257008448.5,-1971003924822448.0,-244.2747541988215,-299.204899201923,10829000000000.014,21171.678426260827
1,-407129395934119.2,36677920030855.07,743.6808102984951,10.319933258362662,10829000000000.014,54084.613420710695
