particle_id,x,y,vx,vy,time,energy
0,-37628185591507.91,-62996883227.078926,-1189.2156888121156,-1.5607777470117348,3123117714735.799,54131.59581104177
0,-558709162767830.6,-693747157491.6163,-627.1335640331395,-0.7497361922474662,3842274192010.384,44480.636820142914
0,-1076662639502912.4,-1311605221257.0007,-552.051062856117,-0.6574811675652937,4727029947328.75,44434.365646273975
0,-1645907801034184.5,-1988821116932.4517,-497.7135271221761,-0.591573553004285,5815517322893.456,44434.59421927473
0,-2280189589142157.5,-2742148233265.4536,-453.0335237810247,-0.537717317689878,7154649348474.241,44434.81262664595
0,-2997918714523270.5,-3593629651669.022,-421.16429546095895,-0.499453452820733,8802141659541.008,44434.812626645944
0,-3825931605429135.0,-4575256541536.212,-397.77374119598176,-0.4714483818138402,10829000000000.014,44434.81262664595
