particle_id,x,y,vx,vy,time,energy
0,-681233511032631.9,122957304.7344655,550.0843694550387,5.081924933583882e-05,10829000000000.014,-1820.931223328225
