particle_id,x,y,vx,vy,time,energy
0,22750064787833.45,55099119583237.2,1005.5363983781864,-200.64299722594455,2538565384109.942,105248.70801668416
0,447375359756802.3,-149103538466282.62,633.293093626279,-345.1130001337587,3123117714735.799,96576.47543568855
0,876405142950240.9,-387335215329886.75,567.992306069955,-319.4552609316139,3842274192010.384,96552.9142557332
0,1357809390302454.0,-660280094773965.5,523.6932707993471,-298.8291705886284,4727029947328.75,96553.10209867966
0,1907038323037184.8,-975242030276256.0,487.9052204126413,-280.95633040553946,5815517322893.456,96553.31884826747
0,2541614062752826.5,-1341760649050547.5,462.36081868992505,-267.68279794993924,7154649348474.241,96553.31884826756
0,3287280325537825.5,-1774216825030928.2,444.43045831730393,-258.11148552096813,8802141659541.008,96553.31884826747
0,4173539786235273.5,-2289481216836900.5,431.1630251475307,-250.8921712856224,10829000000000.014,96553.31884826752
