particle_id,x,y,vx,vy,time,energy
0,519975432846052.75,-124360864955568.4,5095.484860164113,-1162.2567732784607,7154649348474.241,13494030.923127463
1,4246718308360517.5,-222703726728267.6,38840.2360380471,-2055.4829932305033,7154649348474.241,756363274.4904577
0,8877001060044366.0,-2030358721957167.2,5067.648432385417,-1155.774392398747,8802141659541.008,13493868.0744121
1,6.823463220571629e+16,-3609039494985097.0,38839.485208424274,-2055.4434640405593,8802141659541.008,756363287.8945345
0,1.9146547893340896e+16,-4372524817647973.0,5066.182664643051,-1155.4393965490451,10829000000000.014,13493868.074412096
1,1.4695673288806784e+17,-7775130432755710.0,38839.4585035192,-2055.4420513614236,10829000000000.014,756363287.8945342
2,108843643417045.5,6093944422399.173,3976.089788059144,268.0086721130817,10829000000000.014,7272219.564082331
