particle_id,x,y,vx,vy,time,energy
0,79709673153834.64,1142120050027551.2,871.5602786547746,501.1187792059976,10829000000000.014,399659.8312611919
