particle_id,x,y,vx,vy,time,energy
0,235471816179985.7,29785229983907.523,1072.1694775741253,-284.23124449736895,3842274192010.384,390420.68784122233
0,1114656177777515.8,-220063010539688.84,953.9926250416364,-277.03767052473455,4727029947328.75,389094.9787991746
0,2126286435803236.0,-515839155267152.8,909.9673530428888,-267.25470424582113,5815517322893.456,389095.1764579643
0,3327248417593111.0,-869340280566730.8,887.112582368249,-261.4971453522697,7154649348474.241,389095.1764579644
0,4777309255838533.0,-1297121745708157.2,874.7159976044587,-258.1947991188205,8802141659541.008,389095.1764579644
0,6541597253204841.0,-1818081429749752.8,867.004515555975,-256.07630770130027,10829000000000.014,389095.1764579644
