particle_id,x,y,vx,vy,time,energy
0,456858739024746.75,290790396717836.7,1086.2136733612967,-41.847975989252134,8802141659541.008,421317.607919938
0,2502267193535812.0,151828007480216.5,969.492990232538,-75.04511510614064,10829000000000.014,419850.441883895
