particle_id,x,y,vx,vy,time,energy
0,-85648716987848.44,6227535316429.008,852.1056501335333,2.2508864732751954,3123117714735.799,-4988.975698560069
0,-403572701409045.8,-140443884024768.72,-485.18612211465927,-155.21892258304717,3842274192010.384,-41709.650006450946
0,-785182167441760.6,-261474493935185.7,-389.56246692677934,-122.72482657333522,4727029947328.75,-42218.56652943227
0,-1169804283067214.2,-382030320875929.44,-321.60064243658854,-100.3260927957767,5815517322893.456,-42219.26888561833
0,-1558539635909421.8,-502748064597552.9,-261.80406536345146,-80.92330839157417,7154649348474.241,-42219.122850888525
0,-1940938180351484.0,-620339588134313.9,-204.61749295617372,-62.56408831911472,8802141659541.008,-42219.13238176081
0,-2300350212218597.5,-729514768691976.5,-152.93502148180607,-46.10995868791916,10829000000000.014,-42219.13238176081
