particle_id,x,y,vx,vy,time,energy
0,-255668614275975.3,76369701.9395887,689.0387303825007,4.768775899746925e-05,5815517322893.456,-2900.4313755759504
0,-666509534024350.6,-1225561851.757373,-447.9238251846521,-0.0007263878192279,7154649348474.241,-43398.952402053415
0,-1285352654028982.8,-2208920086.024663,-320.83394044802117,-0.0005009384682023,8802141659541.008,-44705.44722393712
0,-1840642669596886.5,-3062925561.852667,-232.65765530511885,-0.0003519418215006,10829000000000.014,-44850.697450737105
1,-679976390504683.4,63270480.58338095,550.8649848973768,2.6132621042872117e-05,10829000000000.014,-1592.728698809573
