particle_id,x,y,vx,vy,time,energy
0,-356990683125577.94,354050278.718849,642.3852460615955,0.0001978835112236,7154649348474.241,-2413.278495794162
0,-763381845629649.6,-4951248085.564091,-428.9623454802661,-0.002391751594601,8802141659541.008,-43861.399767165974
0,-1470628096036978.0,-8779853570.896149,-288.74367358175294,-0.0015211513599765,10829000000000.014,-45609.01174476463
