particle_id,x,y,vx,vy,time,energy
0,-494227876189995.25,699379481.1613373,596.6831112572783,0.0003391680413077,8802141659541.008,-1995.7554126799223
0,-867070805600501.8,-8424090391.297854,-411.64233921840554,-0.0033247319946019,10829000000000.014,-44329.73399024764
