particle_id,x,y,vx,vy,time,energy
0,-356435759990885.5,362547923033.6741,642.9718705722883,0.2024309659111199,7154649348474.241,-2241.2481865840964
0,-764096336679996.9,-5079263891186.427,-429.1887602822618,-2.4534880370256307,8802141659541.008,-43678.13977562946
0,-1472027879890162.0,-9009001252105.049,-289.1598670219856,-1.5623208527856969,10829000000000.014,-45419.39820900059
