particle_id,x,y,vx,vy,time,energy
0,-356457475212414.9,1799970920.059709,642.9489681517329,0.0010050644261165,7154649348474.241,-2248.0263887991314
0,-764086986126785.2,-25216008527.33468,-429.1869850977269,-0.0121803285116888,8802141659541.008,-43684.88971552692
0,-1472003546253576.5,-44724745923.49329,-289.1485145019048,-0.0077557840813596,10829000000000.014,-45426.377174204266
