particle_id,x,y,vx,vy,time,energy
0,-678971256807598.9,75503451484.82733,551.4895702199132,0.0311683505501575,10829000000000.014,-1410.0629201630943
