particle_id,x,y,vx,vy,time,energy
0,-254691778036906.4,69680380.70132016,690.4188163433545,4.335997974552352e-05,5815517322893.456,-2512.1420935654605
0,-667777685899884.4,-1122386334.8498187,-448.4355077383776,-0.0006651402390681,7154649348474.241,-43011.71860992916
0,-1287777696109135.5,-2023660528.731465,-321.66809545585306,-0.0004595474464351,8802141659541.008,-44307.54976403624
1,-492665019402918.06,84073893.30798362,597.9422811931746,4.071045210870708e-05,8802141659541.008,-1622.2282536104613
0,-1844980057548395.2,-2807914630.17037,-233.70065748549592,-0.0003236129390602,10829000000000.014,-44448.88650349248
1,-869127315059711.4,-1017103067.4928068,-412.11321837467176,-0.0004013608378052,10829000000000.014,-43919.34695946796
2,-677933400651664.2,99710423.99648954,552.1349055263765,4.113806802426627e-05,10829000000000.014,-1221.2610046767222
