particle_id,x,y,vx,vy,time,energy
0,-492572586325197.44,7523974896500.071,598.0034666055989,3.643107853631747,8802141659541.008,-1587.5017627493944
0,-863987592768899.8,-90777272778078.77,-410.7987525802671,-35.877057206397886,10829000000000.014,-43856.95249973294
