particle_id,x,y,vx,vy,time,energy
0,-356712812869688.5,31392363161823.47,642.1870229582569,17.57067243727285,7154649348474.241,-1981.1740390959603
1,-358090281086298.4,48114406264430.16,640.0907051516157,27.063416275583577,7154649348474.241,-1942.7841079372736
0,-2077423948807203.2,1517313881232757.5,-2755.343103459139,2061.329805728019,8802141659541.008,5868925.221530622
1,-3595291514805160.0,-1141275389725568.5,-3133.8907325270734,-986.2562115800596,8802141659541.008,5361813.908588414
0,-7649471160152117.0,5686037982810239.0,-2746.5196760199924,2054.828447082193,10829000000000.014,5868925.406261527
1,-9938474341892704.0,-3137499063285848.0,-3127.371735421986,-984.1924987351488,10829000000000.014,5361814.282318531
