particle_id,x,y,vx,vy,time,energy
0,-125228191970878.88,1014940615.6842096,793.5662477971308,0.0006087251365304,3842274192010.384,-3727.976048085024
0,-499766293440821.5,-21015572486.64985,-488.7631122625053,-0.0187887510090449,4727029947328.75,-41967.56058366287
0,-965538946362494.6,-38732473221.15654,-381.0897714797413,-0.0143742489690361,5815517322893.456,-42662.47396325396
0,-1421803752566817.2,-55829950308.506134,-305.24991730003774,-0.0113661505823018,7154649348474.241,-42671.708927880456
0,-1866698551914790.8,-72289448980.97871,-237.8834538098378,-0.0087399283705929,8802141659541.008,-42671.70764599355
0,-2282162878593776.5,-87430974907.6606,-175.8584323371471,-0.0063509148082892,10829000000000.014,-42671.6565234471
