particle_id,x,y,vx,vy,time,energy
0,-678074981977592.4,2452194871.1563616,552.0468459292842,0.0010117928933353,10829000000000.014,-1247.0283503166866
