particle_id,x,y,vx,vy,time,energy
0,-354926413396829.9,12487060749373.986,644.4910615273843,6.955319950768061,7154649348474.241,-1718.110919083032
0,-744591787225872.8,-173470446435925.03,-422.4746761635961,-84.30182276648706,8802141659541.008,-42939.314564545406
0,-1443165796846670.8,-308775481716927.9,-286.0885852587762,-53.92361369369856,10829000000000.014,-44670.42111486702
