particle_id,x,y,vx,vy,time,energy
0,-354818133020318.8,6167741088909.261,644.6658702509133,3.4339507943920107,7154649348474.241,-1725.9832001731263
1,-354758579249371.1,11456571267550.902,644.6815065657709,6.379062003814578,7154649348474.241,-1674.6745377747284
0,1143645770722799.8,-50442890521385.69,798.4175407082788,-39.76230063150798,8802141659541.008,215245.48787728327
1,1087696237111237.8,-91646451089660.77,747.3994450654994,-71.85357236403931,8802141659541.008,174187.94252400784
0,2675464829587307.5,-127099124253372.02,726.6593806196489,-36.46367094181573,10829000000000.014,215148.8329399127
1,2510422087391222.0,-229247499736213.53,670.1534790766714,-65.04458733693578,10829000000000.014,174038.3577465998
