particle_id,x,y,vx,vy,time,energy
0,-253983690787723.8,185359824501.8161,691.4214946681751,0.1150502758757246,5815517322893.456,-2230.410381512833
0,-668804745010078.8,-2994650315673.1895,-448.9403862148079,-1.7748630187681922,7154649348474.241,-42655.2391500285
0,-1289899783374181.8,-5401559781840.353,-322.44638293238376,-1.228258794727099,8802141659541.008,-43942.09011945715
0,-1848876325063432.8,-7499640740216.789,-234.66496349017928,-0.8667536266039397,10829000000000.014,-44079.99932333302
