particle_id,x,y,vx,vy,time,energy
0,-179507601334906.44,8228371287.245826,740.8668941155531,0.0053561088616859,4727029947328.75,-2757.3244414529763
0,-580120387391350.9,-151211721055.46225,-468.9259679289876,-0.1100625213531865,5815517322893.456,-42119.96526372123
0,-1119988437843293.8,-276132447322.07623,-352.90315281947846,-0.0807065663073435,7154649348474.241,-43068.63074765455
0,-1630352860760777.0,-391747581631.6605,-271.8544681365134,-0.0609933853634462,8802141659541.008,-43110.5900432363
0,-2104541896979860.8,-497027690673.5708,-199.65269222960993,-0.0437982852964152,10829000000000.014,-43110.6571435366
