particle_id,x,y,vx,vy,time,energy
0,-83947980040736.3,1198199961.506709,859.5936832748957,0.0003631966045035,3123117714735.799,-3766.1894639313687
0,-430540983119624.0,-28129026133.127193,-510.3446008920299,-0.0308798520864184,3842274192010.384,-40663.82404008342
0,-832131289218618.1,-52238373547.85191,-410.1415070953966,-0.0244729056333572,4727029947328.75,-41151.36006584449
0,-1237280602984974.8,-76302391262.62595,-338.9693264035212,-0.0200469605438842,5815517322893.456,-41151.78457216395
0,-1647358354507478.5,-100454958598.58688,-276.4563772435489,-0.0162144193567311,7154649348474.241,-41151.63815554464
0,-2051760166701912.0,-124063960653.90236,-216.848102126555,-0.0125953218558315,8802141659541.008,-41151.451245276185
0,-2434070459329695.0,-146141932151.8346,-163.43301599405635,-0.0093768698879576,10829000000000.014,-41151.451245276185
