particle_id,x,y,vx,vy,time,energy
0,-488078984663873.2,35840769983593.09,601.3389372270096,17.29413178226253,8802141659541.008,-235.61511755629908
0,-759891695659421.6,-412362247217321.2,-383.5060453583646,-168.64253498906197,10829000000000.014,-41560.40979216219
