particle_id,x,y,vx,vy,time,energy
0,-788583230494346.0,403227179623794.94,475.6956736881114,178.19545819088606,10829000000000.014,1895.0519892126467
