particle_id,x,y,vx,vy,time,energy
0,-197883909729784.84,118520700545085.12,685.2654442419458,96.5703788723366,4727029947328.75,-101.5915414786723
0,419076690003477.2,-237659211133472.88,333.198730558248,-428.3598118995767,5815517322893.456,-20496.32188961844
1,-274126463068189.97,141239391606399.47,648.7068685742692,99.2750215088744,5815517322893.456,480.81949429542874
0,778833648150931.6,-749892664533585.5,226.22379802696,-346.63555172601554,7154649348474.241,-22079.63040543758
1,454812703614515.6,-298732801631957.1,283.52019819828985,-447.5109324674886,7154649348474.241,-21367.73972194927
0,1101441555142926.6,-1269324135089859.2,170.50681087115427,-287.5833705412483,8802141659541.008,-22135.54218555761
1,809353281585847.4,-942238722698932.8,172.09447861718604,-347.1796087992512,8802141659541.008,-23465.735083527645
0,1400570864366568.8,-1796563743212231.2,128.25013622459875,-236.14471631820223,10829000000000.014,-22135.02221402462
1,1098514412870201.6,-1570925445176993.0,118.50694291892349,-277.64992653135215,10829000000000.014,-23616.181706453182
