particle_id,x,y,vx,vy,time,energy
0,-487733226231696.25,75654195290628.55,600.5644356390071,36.62025510816139,8802141659541.008,838.1162261381978
0,-431947267733974.4,-711528190937784.6,-288.02857719078617,-327.9203939458843,10829000000000.014,-37594.54139687392
