particle,time,energy,r,potential,impact parameter,v0,v
0,265502.15126021486,0.037785004984471016,1975384821428571.8,-67199.99999999999,9.297776293389873e+17,0.2749,366.60615866350355
0,304837.25648462796,-10.028790198077331,1529586887453141.0,-84420.03981244501,9.297776293389873e+17,0.2749,410.87713740787996
1,265502.15126021486,0.03778500499902293,1975384821428571.8,-67199.99999999999,1.4113475407314212e+18,0.2749,366.6061586635036
1,304837.25648462796,-4.977735589534859,1581743126474799.8,-82148.90986375455,1.4113475407314212e+18,0.2749,405.3243938579691
2,304837.25648462796,0.03778500499902293,1975384821428571.8,-67199.99999999999,1.2956643795914496e+18,0.2749,366.6061586635036
