particle,time,energy,r,potential,impact parameter,v0,v
0,231242.70680265786,47161.07079240502,1975384821428571.8,-67199.99999999999,579068024621312.8,307.1191,478.24903720217776
0,265502.15126021486,47160.44335076914,1448933718474038.2,-88030.03239765941,579068024621312.8,307.1191,519.9816838090137
0,304837.25648462796,46229.00305527123,790950773676238.0,-134647.0504653204,579068024621312.8,307.1191,601.4583169606879
1,265502.15126021486,47161.07079240502,1975384821428571.8,-67199.99999999999,2820668542126890.0,307.1191,478.24903720217776
1,304837.25648462796,47161.03297764558,1795222277068716.5,-73626.68038957327,2820668542126890.0,307.1191,491.50323166225235
2,265502.15126021486,47161.07079240502,1975384821428571.8,-67199.99999999999,1837406132192705.5,307.1191,478.24903720217776
2,304837.25648462796,47148.30095698958,1512455377297092.8,-85185.24688363084,1837406132192705.5,307.1191,514.4580601771546
3,304837.25648462796,47161.07079240505,1975384821428571.8,-67199.99999999999,1777682197631497.8,307.1191,478.2490372021778
