particle,time,energy,r,potential,impact parameter,v0,v
0,175415.53176954575,129273.00603281999,1975384821428571.8,-67199.99999999999,1714258435110733.0,508.4742,626.8540596228439
0,201403.9780680049,129273.03509373241,1638364729417925.5,-79770.74372274225,1714258435110733.0,508.4742,646.5969050598288
0,231242.70680265786,129273.03419482408,1367287838467124.8,-91925.18358341671,1714258435110733.0,508.4742,665.12888642464
0,265502.15126021486,129228.15132033946,1323618109361683.8,-94143.69954896187,1714258435110733.0,508.4742,668.3888851100104
0,304837.25648462796,129150.75983665187,1643008369974375.8,-79584.70626168298,1714258435110733.0,508.4742,646.1199054329387
1,265502.15126021486,129273.00603281999,1975384821428571.8,-67199.99999999999,840640704817482.9,508.4742,626.8540596228439
1,304837.25648462796,129179.53377965697,1243785476427983.2,-98766.75693998112,840640704817482.9,508.4742,675.1981793808957
2,265502.15126021486,129273.00603281999,1975384821428571.8,-67199.99999999999,1772562134119370.2,508.4742,626.8540596228439
2,304837.25648462796,129260.02619212346,1521396592593284.2,-84784.6400240315,1772562134119370.2,508.4742,654.2853600932165
