particle,time,energy,r,potential,impact parameter,v0,v
0,30483.725648462794,121924.25681201996,1975384821428571.8,-67199.99999999999,1925086044356597.5,493.8102,615.0191164704069
