particle,time,energy,r,potential,impact parameter,v0,v
0,175415.53176954575,1115861.1355125,1975384821428571.8,-67199.99999999999,972536800867891.5,1493.895,1538.220488429731
0,201403.9780680049,1115858.4456050089,1043815646796856.9,-110080.6163817692,972536800867891.5,1493.895,1565.8474140137525
0,231242.70680265786,1115653.5843104695,1341535643477256.0,-93202.92384247159,972536800867891.5,1493.895,1554.8996804636247
0,265502.15126021486,1115654.8795692555,2782730257228397.5,-47703.45945503716,972536800867891.5,1493.895,1525.357885234998
0,304837.25648462796,1115654.8795692557,4598326470668907.0,-28868.298248664756,972536800867891.5,1493.895,1512.959469264078
1,265502.15126021486,1115861.1355125,1975384821428571.8,-67199.99999999999,1698044178728202.2,1493.895,1538.220488429731
1,304837.25648462796,1115860.4549529545,1820937125106792.2,-72670.91394372359,1698044178728202.2,1493.895,1541.7725960054408
