particle,time,energy,r,potential,impact parameter,v0,v
0,304837.25648462796,1452983.99805,1975384821428571.8,-67199.99999999999,1249794879485318.5,1704.69,1743.6651043420006
