particle,time,energy,r,potential,impact parameter,v0,v
0,175415.53176954575,524950.7373045,1975384821428571.8,-67199.99999999999,1842203312312933.5,1024.647,1088.256162219631
0,201403.9780680049,524950.7611993455,1723848815160569.8,-76352.8775917906,1842203312312933.5,1024.647,1096.634523249324
0,231242.70680265786,524950.782752092,1944715420809098.0,-68251.51316375658,1842203312312933.5,1024.647,1089.222012186541
0,265502.15126021486,524951.1163713689,2675770057593339.5,-49610.3391333242,1842203312312933.5,1024.647,1071.9715066219746
0,304837.25648462796,524951.116371369,3769263590286964.0,-35217.982722692446,1842203312312933.5,1024.647,1058.4602959904178
1,231242.70680265786,524950.7373045,1975384821428571.8,-67199.99999999999,1477881516019280.5,1024.647,1088.256162219631
1,265502.15126021486,524946.2435404591,1389222505274524.8,-90867.21929586404,1477881516019280.5,1024.647,1109.7868829972024
1,304837.25648462796,524872.4817263375,1732519391802871.0,-76015.89999834093,1477881516019280.5,1024.647,1096.2557928920407
