particle,time,energy,r,potential,impact parameter,v0,v
0,265502.15126021486,602765.7665445,1975384821428571.8,-67199.99999999999,1900676225204668.0,1097.967,1157.5541166999494
0,304837.25648462796,602765.720451063,1885638595407395.8,-70324.58702072842,1900676225204668.0,1097.967,1160.250238070901
