particle,time,energy,r,potential,impact parameter,v0,v
0,201403.9780680049,488059.1560844999,1975384821428571.8,-67199.99999999999,1658494126697698.0,987.987,1053.8113266467578
0,231242.70680265786,488059.17015311343,1555814603150043.2,-83244.87476490578,1658494126697698.0,987.987,1068.928477418409
0,265502.15126021486,488059.11094607704,1750065830456808.5,-75338.55525027706,1658494126697698.0,987.987,1061.506162201948
0,304837.25648462796,488059.7949896141,2616543826995952.5,-50733.28358975175,1658494126697698.0,987.987,1038.0684742148428
1,265502.15126021486,488059.1560844999,1975384821428571.8,-67199.99999999999,1961079824438685.0,987.987,1053.8113266467578
1,304837.25648462796,488059.1236038774,1905298471446166.8,-69627.57608086245,1961079824438685.0,987.987,1056.1123990226986
