particle,time,energy,r,potential,impact parameter,v0,v
0,304837.25648462796,47980.89486449999,1975384821428571.8,-67199.99999999999,1545040273787175.0,309.777,479.9601959840003
