particle,time,energy,r,potential,impact parameter,v0,v
0,201403.9780680049,283.91062050001347,1975384821428571.8,-67199.99999999999,2.1852113352628096e+16,23.829,367.37966906321856
0,231242.70680265786,283.92197772461805,1736444797636606.2,-75863.61714565038,2.1852113352628096e+16,23.829,390.2500201752077
0,265502.15126021486,283.5580030998681,1478280875993595.5,-86680.89992401208,2.1852113352628096e+16,23.829,417.0478579902118
0,304837.25648462796,66.18227491473954,1241641360899476.5,-98889.85843728276,2.1852113352628096e+16,23.829,444.8731071040314
