particle,time,energy,r,potential,impact parameter,v0,v
0,175415.53176954575,13306.84038449997,1975384821428571.8,-67199.99999999999,1486597296820679.2,163.137,401.2651003625906
0,201403.9780680049,13306.864030672397,1653024963829769.2,-79172.07867555808,1486597296820679.2,163.137,430.0673033519997
0,231242.70680265786,13306.126843054939,1260267502666036.5,-97404.79838552604,1486597296820679.2,163.137,470.5548325723177
0,265502.15126021486,12614.665353432036,785846658886485.4,-132580.64464532665,1486597296820679.2,163.137,538.8790402284333
0,304837.25648462796,5274.625877493643,351390442306526.5,-236120.47348582424,1486597296820679.2,163.137,694.8310576871444
1,265502.15126021486,13306.840384499985,1975384821428571.8,-67199.99999999999,4415209143340279.5,163.137,401.26510036259066
1,304837.25648462796,13306.804080932445,1797818051200022.0,-73529.5767128842,4415209143340279.5,163.137,416.74064067190915
