particle,time,energy,r,potential,impact parameter,v0,v
0,201403.9780680049,610842.9397005,1975384821428571.8,-67199.99999999999,1585552821021636.0,1105.299,1164.5110044138698
0,231242.70680265786,610842.9504596549,1500651347534788.2,-85670.79534587561,1585552821021636.0,1105.299,1180.265856326896
0,265502.15126021486,610842.8792334482,1801377739865228.0,-73396.58650152093,1585552821021636.0,1105.299,1169.8200423440942
0,304837.25648462796,610843.2776721568,2851685583850077.5,-46549.963555511975,1585552821021636.0,1105.299,1146.6413922649651
1,265502.15126021486,610842.9397005,1975384821428571.8,-67199.99999999999,806531116311082.5,1105.299,1164.5110044138698
1,304837.25648462796,610222.3006302932,822221490532123.1,-131207.08826672076,806531116311082.5,1105.299,1217.72688965713
2,304837.25648462796,610842.9397005,1975384821428571.8,-67199.99999999999,1170232852110789.8,1105.299,1164.5110044138698
