particle,time,energy,r,potential,impact parameter,v0,v
0,265502.15126021486,33398.97660449997,1975384821428571.8,-67199.99999999999,3171550143504889.0,258.453,448.5509482868138
0,304837.25648462796,33398.94334878863,1811101755404677.0,-73034.86777777135,3171550143504889.0,258.453,461.3757928772596
1,265502.15126021486,33398.97660449997,1975384821428571.8,-67199.99999999999,1473512964215079.8,258.453,448.5509482868138
1,304837.25648462796,33378.74859875532,1463347759280841.0,-87435.64131557678,1473512964215079.8,258.453,491.55750409149914
2,304837.25648462796,33398.97660449997,1975384821428571.8,-67199.99999999999,2946697617084805.5,258.453,448.5509482868138
