particle,time,energy,r,potential,impact parameter,v0,v
0,152780.5412840577,799821.57645,1975384821428571.8,-67199.99999999999,1292155124958047.2,1264.77,1316.830722948094
0,175415.53176954575,799821.619388685,1367507187402366.2,-91914.3787866272,1292155124958047.2,1264.77,1335.4669581650548
0,201403.9780680049,799821.6472070656,1301610324244578.0,-95233.1415463202,1292155124958047.2,1264.77,1337.9497664362334
0,231242.70680265786,799821.6829316173,2082678171118240.0,-63738.05700797524,1292155124958047.2,1264.77,1314.1991781610523
0,265502.15126021486,799821.6829316175,3319361637481920.5,-39991.38222875332,1292155124958047.2,1264.77,1296.0039082968622
0,304837.25648462796,799821.6829316171,4839048800454960.0,-27432.221801011685,1292155124958047.2,1264.77,1286.2767235184106
