particle,time,energy,r,potential,impact parameter,v0,v
0,201403.9780680049,274193.821512,1975384821428571.8,-67199.99999999999,2170694864560119.8,740.532,826.3096532317652
0,231242.70680265786,274193.813546514,1978733417164374.5,-67086.27794350972,2170694864560119.8,740.532,826.1720056864959
0,265502.15126021486,274193.81354651396,2296768624813378.5,-57796.792661596955,2170694864560119.8,740.532,814.8504233392911
0,304837.25648462796,274193.8135465139,2929514632676058.0,-45313.26060615682,2170694864560119.8,740.532,799.3836052267657
1,265502.15126021486,274193.821512,1975384821428571.8,-67199.99999999999,1588025771332057.5,740.532,826.3096532317652
1,304837.25648462796,274160.3497428525,1436849577484719.2,-88687.27000664469,1588025771332057.5,740.532,851.8774791594119
2,265502.15126021486,274193.821512,1975384821428571.8,-67199.99999999999,1408777330036609.0,740.532,826.3096532317652
2,304837.25648462796,274125.0454655435,1327435621737674.8,-94171.02402156084,1408777330036609.0,740.532,858.2494619714065
