particle,time,energy,r,potential,impact parameter,v0,v
0,152780.5412840577,1064439.714312,1975384821428571.8,-67199.99999999999,1291277122621544.2,1459.068,1504.4199641802152
0,175415.53176954575,1064439.761623587,1322522894666217.8,-94162.09513689554,1291277122621544.2,1459.068,1522.2364184058156
0,201403.9780680049,1064439.8073749214,1450014234200716.5,-87977.49383381727,1291277122621544.2,1459.068,1518.1681732988204
0,231242.70680265786,1064439.8817057996,2491980054060585.0,-53269.23053966494,1291277122621544.2,1459.068,1495.1315074236543
0,265502.15126021486,1064439.8817057991,3962531201704434.0,-33500.268702717345,1291277122621544.2,1459.068,1481.8502963582498
0,304837.25648462796,1064439.8817057994,5730124644604892.0,-23166.312817468075,1291277122621544.2,1459.068,1474.8601252479962
1,231242.70680265786,1064439.714312,1975384821428571.8,-67199.99999999999,1737103166128728.0,1459.068,1504.4199641802152
1,265502.15126021486,1064439.696045738,1769067153156674.8,-74612.86486131948,1737103166128728.0,1459.068,1509.3392997646736
1,304837.25648462796,1064439.690543962,2932225828070124.0,-45271.36304756176,1737103166128728.0,1459.068,1489.7725018213512
