particle,time,energy,r,potential,impact parameter,v0,v
0,231242.70680265786,15806.597800499992,1975384821428571.8,-67199.99999999999,2811462714726565.5,177.801,407.44716909189583
0,265502.15126021486,15806.580867035314,1631936053338154.0,-80034.92962865315,2811462714726565.5,177.801,437.8161954420792
0,304837.25648462796,15668.327728297954,1266519600106821.0,-97478.51687970746,2811462714726565.5,177.801,475.70336262844603
1,265502.15126021486,15806.597800499992,1975384821428571.8,-67199.99999999999,1819444225704960.5,177.801,407.44716909189583
1,304837.25648462796,15792.185602938596,1497409451764859.5,-85865.57067086,1819444225704960.5,177.801,450.9052145934855
2,304837.25648462796,15806.597800499992,1975384821428571.8,-67199.99999999999,2429543789966515.0,177.801,407.44716909189583
