particle,time,energy,r,potential,impact parameter,v0,v
0,152780.5412840577,1643188.9942844997,1975384821428571.8,-67199.99999999999,1413726337264922.8,1812.837,1849.5345329484928
0,175415.53176954575,1643189.0430902885,1379705822030184.2,-91317.59223385484,1413726337264922.8,1812.837,1862.5287301537892
0,201403.9780680049,1643189.1012890635,1969204595418183.8,-67410.57284754977,1413726337264922.8,1812.837,1849.6484391022059
0,231242.70680265786,1643189.0518922429,3422764883639190.0,-38783.22482345339,1413726337264922.8,1812.837,1834.1059275383723
0,265502.15126021486,1643189.0518922438,5290283792996318.0,-25092.389216574564,1413726337264922.8,1812.837,1826.6260926138214
0,304837.25648462796,1643189.0518922436,7497786645300263.0,-17704.67289612826,1413726337264922.8,1812.837,1822.5771450275413
