particle,time,energy,r,potential,impact parameter,v0,v
0,175415.53176954575,357023.48508450005,1975384821428571.8,-67199.99999999999,1895190770299493.0,845.013,921.1118119799572
0,201403.9780680049,357023.5064973053,1736551999763526.8,-75859.49251693655,1895190770299493.0,845.013,930.4654738508483
0,231242.70680265786,357023.5306454318,1821950908135812.2,-72633.45900927077,1895190770299493.0,845.013,926.9918981897334
0,265502.15126021486,357023.68015123665,2322866194165280.0,-57147.44152437162,1895190770299493.0,845.013,910.1330910098899
0,304837.25648462796,357023.6801512367,3162571682645084.0,-41974.02409199313,1895190770299493.0,845.013,893.3058874128501
