particle,time,energy,r,potential,impact parameter,v0,v
0,231242.70680265786,685956.6181844999,1975384821428571.8,-67199.99999999999,1088654973565521.5,1171.287,1227.3195331163763
0,265502.15126021486,685856.8191861638,1075931902155667.8,-108537.60507826085,1088654973565521.5,1171.287,1260.4716770038308
0,304837.25648462796,685189.2560826708,1532174498994070.8,-84305.30530777885,1088654973565521.5,1171.287,1240.5600037003044
1,304837.25648462796,685956.6181844999,1975384821428571.8,-67199.99999999999,1789355068569213.5,1171.287,1227.3195331163763
