particle_id,x,y,vx,vy,time,energy
0,-495373982989548.1,645272728.7303009,595.7609877767732,0.0003132729048079,8802141659541.008,-2269.2894075265503
0,-865584729722398.4,-7747883627.338133,-411.3184917509462,-0.0030583167101808,10829000000000.014,-44619.93169968152
