particle_id,x,y,vx,vy,time,energy
0,-56002294479666.27,497300766.1874004,928.7196627050698,-0.0002089038614255,2538565384109.942,-6071.005518612801
0,-366408676272670.9,-12994064262.705095,-528.58638948579,-0.0175168657969284,3123117714735.799,-41681.08070318884
0,-708220095950987.2,-24251049000.677628,-433.7195179737541,-0.0142159188029557,3842274192010.384,-42037.31906616995
0,-1059970363211014.0,-35739759732.43993,-365.9480750600427,-0.0119142410120477,4727029947328.75,-42037.07824436137
0,-1424582934556339.0,-47575366415.01287,-306.8959419633491,-0.0099331057832184,5815517322893.456,-42036.81479182521
0,-1796681076361496.8,-59582066762.084946,-250.991325376086,-0.008072900745615,7154649348474.241,-42036.69159157537
0,-2163162174274847.2,-71325767834.69656,-196.44943688097896,-0.0062694111348839,8802141659541.008,-42036.69114514205
0,-2509018931749413.0,-82310865645.02686,-147.2530750259229,-0.0046513695143255,10829000000000.014,-42036.69114514205
