particle_id,x,y,vx,vy,time,energy
0,-357888710406717.7,12451485106.352598,641.4369573733351,0.0069704666039468,7154649348474.241,-2691.3798768643755
0,5951993464017180.0,-1826646444358.4463,4793.164855437092,-1.4732852673315184,8802141659541.008,11464925.242004476
1,-495360753457321.75,13755113239.213947,595.7716256870418,0.0066778737380643,8802141659541.008,-2266.133838046808
2,-495359085185507.44,13130272519.954569,595.7729671696464,0.006374514024596,8802141659541.008,-2265.735919899016
0,1.5663222473664028e+16,-4811608931741.823,4790.280682216999,-1.4723996991209614,10829000000000.014,11464925.242004467
1,6053173099582237.0,-1738346975466.8828,4257.40370841725,-1.2238143846251446,10829000000000.014,9040825.9969534
2,6057830657407762.0,-1663383382936.9526,4260.681312535106,-1.171027515160959,10829000000000.014,9054802.24051208
3,-681551646970576.2,13954449661.334549,549.8869184892794,0.0057684649104136,10829000000000.014,-1878.636564235523
