particle_id,x,y,vx,vy,time,energy
0,-34269930053944.45,3121830837.5293746,1034.4441002156311,-0.0085007400272249,2063423411482.4,-7308.623179592891
0,-312487726552831.6,-92654396007.31148,-548.7553478076147,-0.1533069989972342,2538565384109.942,-41221.87535655196
0,-603873176508819.1,-173661249595.33508,-458.987037794624,-0.127129711655177,3123117714735.799,-41470.13530777037
0,-909214726448029.6,-258007885343.08377,-394.55228615707654,-0.1087307083875127,3842274192010.384,-41469.8487164532
0,-1232395051261640.0,-346879680469.3599,-338.81681631330775,-0.092982058908369,4727029947328.75,-41469.58513831157
0,-1571605632131471.2,-439779112145.3349,-286.56528629530567,-0.0783195128195574,5815517322893.456,-41469.37301981174
0,-1919688473564056.0,-534695398669.8676,-235.01362472843192,-0.0639284267897704,7154649348474.241,-41469.29084849839
0,-2263632182620358.0,-627989842206.0975,-185.15810847104652,-0.0500696943904984,8802141659541.008,-41468.891176669174
0,-2590668838016237.0,-716104089277.6566,-139.59202146094808,-0.0374514782628104,10829000000000.014,-41468.89117666916
