particle_id,x,y,vx,vy,time,energy
0,-357913120351385.94,134240254076.2294,641.4111920832419,0.0751523057545995,7154649348474.241,-2698.9291046922444
0,-762157838452921.0,-1871597228200.671,-428.5716938119512,-0.9041596921389656,8802141659541.008,-44167.59402076506
0,-1468238804343741.2,-3317508228589.1953,-288.0399304275081,-0.5738668935979395,10829000000000.014,-45925.86329809227
1,-681507196190637.9,137996235021.26852,549.9145024824907,0.057043281441103,10829000000000.014,-1870.5722024510903
