particle_id,x,y,vx,vy,time,energy
0,-495355802135746.4,48108087.42124942,595.7756071601798,2.335554843645936e-05,8802141659541.008,-2264.952871031681
0,-865774371214275.0,-577870971.0799794,-411.4761298933393,-0.0002281762846107,10829000000000.014,-44535.02714203535
