particle_id,x,y,vx,vy,time,energy
0,-681544239601907.0,25644416864.687656,549.8915154466106,0.0106008003751242,10829000000000.014,-1877.2930737045535
