particle_id,x,y,vx,vy,time,energy
0,-357909005955695.94,352250883256.382,641.4154806240521,0.1972007446140533,7154649348474.241,-2697.618396649603
0,-762148673042375.2,-4911151425263.967,-428.5684753089285,-2.372562795465804,8802141659541.008,-44166.07055374085
0,-1468227274841990.8,-8705316122954.892,-288.0402530715879,-1.5058720165100905,10829000000000.014,-45924.29720249875
