particle_id,x,y,vx,vy,time,energy
0,-181475377964144.4,3447118450786.09,737.0363312503972,2.278478656981859,4727029947328.75,-3738.1371181715513
0,-573857634666920.9,-62570319942389.5,-465.352775504273,-45.59167841821081,5815517322893.456,-43145.89121905148
0,-1108859594829016.4,-114221020074943.36,-349.24798601083086,-33.31109013414845,7154649348474.241,-44117.56992848708
0,-1613186932647111.5,-161852707081921.3,-268.1773003055095,-25.075260592508712,8802141659541.008,-44163.8623177564
0,-2079804103421442.8,-205006148456641.72,-195.7544740440788,-17.875112080970325,10829000000000.014,-44163.764760827326
