particle_id,x,y,vx,vy,time,energy
0,-681568657974975.9,3053245333509.4136,549.8753358734974,1.262160013774249,10829000000000.014,-1880.3957659633888
