particle_id,x,y,vx,vy,time,energy
0,-181546347637018.12,8010941668225.448,736.7705328614629,5.302342092074673,4727029947328.75,-3726.422711078427
0,-558214638663867.0,-143484728824016.72,-456.2863703828252,-104.98699865412412,5815517322893.456,-42976.964370311136
0,-1083121862174854.4,-262443779533948.97,-342.86430325915376,-76.73906317923573,7154649348474.241,-43953.12338237912
1,-358004758626474.25,9780522336442.73,641.2670202924395,5.477376767503589,7154649348474.241,-2693.740441930393
0,-1578531048141231.8,-372210575287621.5,-263.6104018706984,-57.80927327162113,8802141659541.008,-43999.4609675479
1,-748961254450224.4,-135204379398344.12,-424.09423456931864,-65.56620137079928,8802141659541.008,-44052.18578459432
0,-2037587523191538.0,-471755541552918.6,-192.78897796099832,-41.26665536769759,10829000000000.014,-43999.505826844
1,-1448164502362799.2,-240077074935630.75,-285.4530395207371,-41.63745023309989,10829000000000.014,-45815.95056536034
