particle_id,x,y,vx,vy,time,energy
0,-681584122873048.4,8061088142476.735,549.8596144183483,3.332401820093494,10829000000000.014,-1875.2846509226365
