particle_id,x,y,vx,vy,time,energy
0,-127071826906858.48,19630538400160.44,786.3619340488101,12.466879814483908,3842274192010.384,-4314.313592529274
0,-348418008022747.06,-345051077794866.06,-374.57982396335785,-322.1081346484723,4727029947328.75,-40861.59750910207
0,-707475206426538.1,-648913865402374.5,-295.3018236181531,-246.79953290480717,5815517322893.456,-41608.832967425726
0,-1062692888802542.4,-942968178110107.8,-238.78559015076792,-195.86685651141832,7154649348474.241,-41619.51812574296
0,-1412577272826411.5,-1227340972489572.5,-188.19959435537547,-151.47077610382797,8802141659541.008,-41619.51639759777
0,-1743851441537540.0,-1490994044072206.8,-141.544471007956,-111.26008860968248,10829000000000.014,-41618.91328398105
