particle_id,x,y,vx,vy,time,energy
0,-58131086437835.43,23040664934095.41,897.1534806978266,-0.1070241545770578,2538565384109.942,-5716.268441856722
0,-51691225159025.94,-347698622682285.9,-137.79103407388976,-527.0713040522057,3123117714735.799,-36084.31499440837
0,-144009971175278.88,-687587966536684.1,-120.32413845451228,-431.0023664738849,3842274192010.384,-36517.45023341525
0,-243603153762254.25,-1037582116420531.2,-105.56343379728132,-364.797985455868,4727029947328.75,-36517.214942532504
0,-350694616510269.94,-1402160234590693.2,-91.76936439852015,-307.99036288391216,5815517322893.456,-36516.95429416186
0,-464175369036904.0,-1777561237619981.5,-78.1657882686325,-254.81680397413044,7154649348474.241,-36516.83923899058
0,-581347352119078.0,-2153443991616553.5,-64.74687264385592,-204.29089790317263,8802141659541.008,-36516.874884034914
0,-699726978233654.2,-2520359202726882.0,-52.652818546894274,-160.1184861332099,10829000000000.014,-36516.87488403492
