particle_id,x,y,vx,vy,time,energy
0,-681528985134699.9,102750949.52731702,549.9009823434029,4.2474487184480685e-05,10829000000000.014,-1874.5266210804984
