particle_id,x,y,vx,vy,time,energy
0,-256352458582059.1,198113951.23847035,688.0747781300599,0.000124006071527,5815517322893.456,-3172.018035996123
0,-665624457875260.2,-3171018762.6933174,-447.5694084131854,-0.001879655265856,7154649348474.241,-43668.13185607632
0,-1283663788998035.5,-5713986103.652417,-320.2536952624568,-0.0012945903002469,8802141659541.008,-44982.10128417109
0,-1837622606565671.5,-7919412336.223623,-231.93121115698463,-0.00090804957148,10829000000000.014,-45130.11802590109
