particle_id,x,y,vx,vy,time,energy
0,-351004402894997.44,105732561917.6874,648.7433638744747,0.0584451284241454,7154649348474.241,-552.5678084834071
0,-771308175238339.9,-1507959929756.7842,-431.5080178851762,-0.7280993811220774,8802141659541.008,-41871.95435879256
0,-1486100969084983.2,-2680770015734.998,-293.28997823404916,-0.4691035123276055,10829000000000.014,-43551.657338148085
