particle_id,x,y,vx,vy,time,energy
0,-250626933308772.4,8643712922.49943,696.202091834835,0.0052985898410028,5815517322893.456,-892.1196531054156
0,-673334344916306.0,-141500872384.7483,-450.9049062100032,-0.0838479392547853,7154649348474.241,-41214.94815410601
0,-1298776113472823.0,-255583456939.30505,-325.5553298620326,-0.0584094637279191,8802141659541.008,-42464.06220537333
0,-1864850172364842.0,-355727117721.7232,-238.52431682892225,-0.041560350820697,10829000000000.014,-42588.43659811214
