particle_id,x,y,vx,vy,time,energy
0,-827981782943092.1,454254478417123.2,452.05060337723376,203.21214235206668,10829000000000.014,1364.6822316989274
