particle_id,x,y,vx,vy,time,energy
0,-669229809716620.0,3101591545150.449,557.5625085356596,1.273491019056636,10829000000000.014,371.0489497353555
1,-668569448473657.1,3799536467495.8726,557.9750823591198,1.5594808467745822,10829000000000.014,492.9989983520645
