particle_id,x,y,vx,vy,time,energy
0,-53871445686344.414,3725074634453.752,941.9687086316994,-2.248762389850106,2538565384109.942,-4006.721209957497
0,-355712849121670.6,-97431463416462.6,-515.8127190280067,-131.75972843664485,3123117714735.799,-39187.50257838261
0,-689977905130010.0,-182282259829764.97,-424.9503763117674,-107.35583660991848,3842274192010.384,-39526.32622431884
0,-1035268462021543.6,-269207224064626.97,-359.93586974650486,-90.32398851513643,4727029947328.75,-39526.07699487948
0,-1394729855799591.5,-359148295754471.2,-303.334048636896,-75.6807108640437,5815517322893.456,-39525.81614522224
0,-1763715601342024.0,-450935329591174.4,-249.82815602795577,-61.95362910803276,7154649348474.241,-39525.69814819844
0,-2130586286912274.8,-541592973878829.94,-198.1695836351248,-48.78445670552161,8802141659541.008,-39525.741690448194
0,-2483281066268434.5,-628046384932123.5,-152.1889356327707,-37.12586240885733,10829000000000.014,-39525.741690448194
