particle_id,x,y,vx,vy,time,energy
0,-668868687132351.4,2666912278261.7983,557.7887035702802,1.0947900110038398,10829000000000.014,436.9934198472183
1,-668905711374188.4,2980504172128.0605,557.765334211987,1.223548528852528,10829000000000.014,430.4477823023335
