particle_id,x,y,vx,vy,time,energy
0,-665631355907383.5,270955909256.6181,559.8170732527872,0.1110238243322274,10829000000000.014,1031.4044675030457
1,-664562681128589.5,325361429847.9874,560.4873363583373,0.1332341328049072,10829000000000.014,1228.3715018825023
