particle_id,x,y,vx,vy,time,energy
0,-483344452449966.5,32414359656226.98,605.2333092970915,15.562927955877552,8802141659541.008,853.557254232408
0,-784634500936781.5,-381841888646515.4,-389.6124676116541,-155.0146664122112,10829000000000.014,-40559.31232732344
