particle_id,x,y,vx,vy,time,energy
0,-664776299531686.5,5285376667.660488,560.3533305703016,0.0021646070619997,10829000000000.014,1188.9691273064527
1,-664793887170159.6,6362657144.20462,560.3422974137217,0.0026058299366399,10829000000000.014,1185.7266601945155
