particle_id,x,y,vx,vy,time,energy
0,-664448028186575.1,4317661289.685634,560.5592868825112,0.0017679465616549,10829000000000.014,1249.4995334884445
