particle_id,x,y,vx,vy,time,energy
0,-121591952980866.8,294354893.3069023,803.6507601910613,0.0001630018726608,3842274192010.384,-1431.1475705873454
0,-504733188909439.7,-6223228767.266748,-492.312749772668,-0.0055621399162097,4727029947328.75,-39460.755671787294
0,-975224082769395.8,-11485738276.768167,-385.9698527710745,-0.0042828828118988,5815517322893.456,-40117.136831675976
0,-1438605862064078.0,-16596051043.759865,-310.9574023080787,-0.0034090551141609,7154649348474.241,-40123.7491695313
0,-1893626511359265.5,-21554856316.058704,-244.45774237235656,-0.0026472344109597,8802141659541.008,-40123.73958177309
0,-2324074372315042.5,-26182794961.673313,-184.18845341909557,-0.0019647349993464,10829000000000.014,-40123.67701215779
