particle_id,x,y,vx,vy,time,energy
0,-121465604323232.12,1723851705.5614762,804.0064039898954,0.0009517191315114,3842274192010.384,-1351.276392821048
0,-504905899848521.75,-36471922733.35286,-492.4365890975552,-0.0325972033270442,4727029947328.75,-39373.36124948131
0,-975560872583332.6,-67316665575.12513,-386.1392807343499,-0.0251055783033837,5815517322893.456,-40028.43304541624
0,-1439189478783026.5,-97275700442.5976,-311.1552046775398,-0.0199878139433292,7154649348474.241,-40034.96536634763
0,-1894560778762096.0,-126354312999.71564,-244.6852338768207,-0.0155262612881942,8802141659541.008,-40034.95552762893
0,-2325527816523749.5,-153505831995.97763,-184.47649954425864,-0.0115314163973655,10829000000000.014,-40034.90185205008
