particle_id,x,y,vx,vy,time,energy
0,-345188310604680.0,1069322643640.6466,654.9835952346165,0.5843702939057587,7154649348474.241,1266.920394881774
0,-778866355322999.4,-15541838549317.434,-433.9711021629645,-7.501418158375524,8802141659541.008,-39922.81804711629
0,-1500939880001428.8,-27695941888275.605,-297.67188447929817,-4.891732658996787,10829000000000.014,-41538.39906620181
