particle_id,x,y,vx,vy,time,energy
0,-119966131270521.6,284237256510.3322,808.2544993911234,0.1511771787149459,3842274192010.384,-402.9845812110579
0,-506915865299980.8,-6065259806901.473,-493.876626538236,-5.420264106645366,4727029947328.75,-38336.52913100473
0,-979487546552304.0,-11201046226332.377,-388.12328381412175,-4.1853668024793995,5815517322893.456,-38976.241303062314
0,-1446011247494943.0,-16201785331780.531,-313.4782341494316,-3.340938655565838,7154649348474.241,-38981.876278471995
0,-1905505004853456.8,-21070800204173.125,-247.361907699598,-2.60521024079243,8802141659541.008,-38981.86363349229
0,-2342592703087608.5,-25642874225131.715,-187.87239897038313,-1.9507087631633049,10829000000000.014,-38981.784580985695
1,-660097022096496.8,291989516856.1639,563.2933591413498,0.1192560676493602,10829000000000.014,2053.60444970589
