particle_id,x,y,vx,vy,time,energy
0,-157722070316543.3,202439944991415.7,516.3625930831023,392.021370292109,2538565384109.942,3447.582480758574
0,155963236500614.22,387631945268791.2,531.362299379412,253.9711637788153,3123117714735.799,1518.778376390488
0,520671648302448.0,540836894700500.3,483.42649736015943,182.6334291257653,3842274192010.384,1352.0444448224737
0,926244520761597.8,682216163462904.0,435.60481296636186,141.23031692555531,4727029947328.75,1352.3228499098186
0,1375019147907914.8,818635205849052.4,390.9511302862152,111.7682776872137,5815517322893.456,1352.5469409309735
0,1868816111686980.8,951554851515558.4,348.4518894601787,88.40262443815027,7154649348474.241,1352.6337830467091
0,2411579932546298.5,1081922120952999.6,313.03285820773425,71.45288218913954,8802141659541.008,1352.633783046702
0,3015038022569485.0,1213331794291214.2,284.32390146042655,59.24183745333633,10829000000000.014,1352.6337830466946
