particle_id,x,y,vx,vy,time,energy
0,-173782216714969.25,11092819170174.111,751.7809476166603,6.896589301157064,4727029947328.75,251.91079204098787
0,-549780381548808.1,-202943210968608.97,-450.89883367198695,-149.09404772220884,5815517322893.456,-38486.399550478614
0,-1071991762627327.8,-373161839798343.4,-343.31011842109916,-110.60939539010616,7154649348474.241,-39380.8100447757
0,-1571485837566961.8,-532606319903382.75,-267.88141316223243,-84.72075011312955,8802141659541.008,-39411.80271683372
0,-2043196258019774.5,-680329161244688.9,-201.26173060629256,-62.346604830547385,10829000000000.014,-39411.79628165529
1,-659673667820454.8,10919730744449.822,563.5453724041015,4.458967916461074,10829000000000.014,2149.1210298997757
