particle_id,x,y,vx,vy,time,energy
0,-52156628195506.48,390749027.0107295,954.3423900724748,-0.000306868661116,2538565384109.942,-2476.916411025508
0,-371499513553674.9,-10567387326.31569,-534.2655940749222,-0.0142365956052765,3123117714735.799,-37644.986590097455
0,-718038007760738.8,-19748089482.122417,-440.9107162907205,-0.0116292467292692,3842274192010.384,-37967.32210547375
0,-1076604401449711.2,-29174741302.58733,-374.1193817210837,-0.0098066969056474,4727029947328.75,-37967.06734422417
0,-1450658707361638.2,-38953341346.444214,-316.0496017089562,-0.0082405908649768,5815517322893.456,-37966.80846381158
0,-1835754104871503.5,-48966969506.09211,-261.2377973996991,-0.0067738484693661,7154649348474.241,-37966.69401592614
0,-2220562160765202.8,-58913328161.389046,-208.71614212252464,-0.0053766832825953,8802141659541.008,-37966.255485344205
0,-2594165014808404.5,-68501654907.88767,-162.3366004320288,-0.0041490894351669,10829000000000.014,-37966.2554853442
