particle_id,x,y,vx,vy,time,energy
0,-246336263445135.72,5809935665.304575,702.3799440847238,0.0035017766776973,5815517322893.456,825.1857492172858
0,-679124063210109.9,-96722683051.17175,-453.4346013978202,-0.0573003026598111,7154649348474.241,-39365.40732998478
0,-1310125804404939.8,-175004912384.0376,-329.520183920771,-0.0402436574171883,8802141659541.008,-40567.46793021269
1,-478789078980163.4,6404744646.336357,609.2130545552792,0.003057608385219,8802141659541.008,1720.7132230904244
0,-1885230390688277.5,-244316668406.77637,-243.42510933682104,-0.028924536289638,10829000000000.014,-40675.861010411434
1,-887150950882711.2,-80480957824.57724,-416.1641979707366,-0.0317054157296601,10829000000000.014,-40380.63420989987
