particle_id,x,y,vx,vy,time,energy
0,-544029174249812.2,272343762798707.0,546.5678209718226,141.80957970843812,8802141659541.008,2281.44373642109
0,631535181083560.4,-28664347993195.375,389.7418568835723,-375.5524456198019,10829000000000.014,-15038.79797269634
