particle_id,x,y,vx,vy,time,energy
0,-248719434890388.03,44104573076218.2,696.6708276646749,27.1503546446434,5815517322893.456,971.6092223521556
0,-340886718443216.7,-558438206552933.6,-290.71233708380004,-366.2967170473476,7154649348474.241,-35923.52425811911
0,-754320223616615.1,-1061004431714861.6,-220.186875346603,-260.02227451187457,8802141659541.008,-37249.41454412092
0,-1145889139074536.0,-1512880032950509.2,-169.20309946727886,-190.68581152690092,10829000000000.014,-37359.202982367395
