particle_id,x,y,vx,vy,time,energy
0,-314428812476672.4,234061543556494.47,588.3923434688537,181.69118168424063,5815517322893.456,2040.5696382960016
0,508990645743360.7,184877353114682.25,517.2835607294895,-194.92489289522516,7154649348474.241,-9361.601253303874
0,1212409533404506.5,-159471370693582.88,363.9993594305651,-208.5899462481416,8802141659541.008,-11627.185944253317
0,1855420749000616.0,-563676175639274.4,278.0794260825461,-189.496484951543,10829000000000.014,-11788.669676995058
