particle_id,x,y,vx,vy,time,energy
0,-513433615985948.8,217348724689640.62,572.697265193031,110.0898076034488,8802141659541.008,3754.505680410628
0,567949040241195.2,-349669219338124.5,237.88184881838507,-465.1452328941871,10829000000000.014,-18971.182167525723
1,-681518419895260.4,198689554686929.28,545.8283373472851,83.05990168323817,10829000000000.014,3717.695479076792
