particle_id,x,y,vx,vy,time,energy
0,-493384624000652.1,382739762773354.56,490.7427154166347,258.2136905603143,7154649348474.241,4507.412864440208
0,393755212346637.1,612468544209677.0,526.1427884923894,17.829586463828864,8802141659541.008,-1461.273739223834
0,1330239443562771.0,526577178301813.3,406.5670529030403,-76.0287812028757,10829000000000.014,-3699.784958378499
