particle_id,x,y,vx,vy,time,energy
0,-472918182392893.44,148589838.48868513,614.033213188542,7.048062439706844e-05,8802141659541.008,3149.283600982424
0,-894760772300142.5,-1897066565.959732,-417.90811836783314,-0.0007468240393717,10829000000000.014,-38886.35126938154
1,-653194073375138.0,153659376.8386676,567.6476439681509,6.249775071976432e-05,10829000000000.014,3336.1567371652054
