particle_id,x,y,vx,vy,time,energy
0,-498019952832452.9,165938329409590.12,587.8418839423915,82.26359125831068,8802141659541.008,3174.9655534219637
0,347513251931945.1,-630299286892250.9,51.066756415638665,-491.2093257461883,10829000000000.014,-25299.61161515041
