particle_id,x,y,vx,vy,time,energy
0,-141915103735576.9,111927551564041.92,714.3675767230927,107.46211425634398,3842274192010.384,2450.3113246111025
0,409220563372332.94,-115106769877794.48,440.02987237464765,-356.4296156783315,4727029947328.75,-14196.231754560868
0,816429245828290.2,-474662766746868.9,328.8145070367985,-307.7840680160191,5815517322893.456,-15349.94108735511
0,1211049420485503.8,-858101561414734.9,265.91734027505873,-267.03451593191147,7154649348474.241,-15362.604783286224
0,1605173750642634.8,-1265615965252916.8,215.62864920532135,-229.3278043728839,8802141659541.008,-15361.675744401531
0,1999716444213523.2,-1696053439354787.5,177.06523732458032,-197.78804978611305,10829000000000.014,-15361.675744401546
