particle_id,x,y,vx,vy,time,energy
0,-243391199150071.88,1056527571213.0063,706.6643766970194,0.6290174512845765,5815517322893.456,2008.724054245511
1,-243416367510595.9,977989135636.5084,706.6277918746531,0.5823205678730654,5815517322893.456,1998.5088670178957
0,4.896194834540269e+16,-1800176415423822.5,44938.110048266106,-1652.3283628076672,7154649348474.241,1011079253.978049
1,4.649300779113346e+16,-1586955818854826.2,42672.92603604746,-1456.64982615642,7154649348474.241,911547370.6466472
0,1.2299710097785774e+17,-4522373308006158.0,44938.074245812786,-1652.3270619196048,8802141659541.008,1011079272.8817954
1,1.1679628129703114e+17,-3986773751955597.5,42672.88510453199,-1456.648462796108,8802141659541.008,911547338.67069
0,2.14080199349691e+17,-7871405745409339.0,44938.06405393123,-1652.3266871813462,10829000000000.014,1011079272.8817956
1,2.032881608296757e+17,-6939193375267721.0,42672.87379860605,-1456.6480768729186,10829000000000.014,911547338.6706896
2,-653636816720993.5,957312863796.4634,567.3676327356071,0.3894728995831992,10829000000000.014,3253.775632412551
