particle_id,x,y,vx,vy,time,energy
0,-474545907099615.5,845267381782.9132,612.6934371660637,0.4016643246678272,8802141659541.008,2752.53474149073
0,-892618929881509.6,-10744686052361.129,-417.4380551253067,-4.231080905222343,10829000000000.014,-39282.019158618175
