particle_id,x,y,vx,vy,time,energy
0,-651660914074455.9,16336258759.10216,568.6175554760243,0.0066381586520768,10829000000000.014,3622.153307903849
