particle_id,x,y,vx,vy,time,energy
0,-171028897742877.44,1285710609.902634,757.6533681510955,0.000776943158228,4727029947328.75,1534.4940867980476
0,-591677950375520.8,-24591040771.07585,-475.4566344761501,-0.0178897502780737,5815517322893.456,-37466.78628770198
0,-1142609610948955.2,-45055628609.53677,-362.370688220492,-0.0133202419230339,7154649348474.241,-38324.20391590285
0,-1670173818157777.5,-64287025872.53671,-283.16214309536764,-0.0102364491212847,8802141659541.008,-38351.01498939616
0,-2169509604070288.5,-82180089282.17693,-213.5535539359017,-0.0075790618267412,10829000000000.014,-38350.87723814431
