particle_id,x,y,vx,vy,time,energy
0,-653249724242892.0,76473790467.48453,567.6124566952398,0.0311051836426743,10829000000000.014,3325.7841777121357
