particle_id,x,y,vx,vy,time,energy
0,-250538612890438.2,91259804895362.2,687.4853298877179,58.413346543444106,5815517322893.456,3800.9996858749946
1,-248399489713882.56,86664689700870.03,691.1590357584018,54.89243257569509,5815517322893.456,4219.3792536158
0,312052687059149.4,-745238615703134.2,190.89428317300235,-704.0218644887036,7154649348474.241,137515.1933504749
1,194362683602320.75,-839244274744304.5,93.23372976270502,-781.3132757269041,7154649348474.241,185801.9969341819
0,596930172336315.0,-1826998533239322.5,160.77344896235354,-621.786217710746,8802141659541.008,137230.4823131632
1,332746642277856.56,-2051047222794475.2,78.00439811752007,-702.0444402488047,8802141659541.008,185624.8618312623
0,907181563565230.4,-3037943967137041.5,147.69454766172672,-579.9476971691055,10829000000000.014,137230.4581583522
1,484120394805387.2,-3430458890329661.0,72.42834358971125,-665.2780687055763,10829000000000.014,185624.86183126204
2,-649804397520255.5,92432395003272.58,568.7270764565395,37.63480632262731,10829000000000.014,5198.985038836341
