particle_id,x,y,vx,vy,time,energy
0,-466074683941375.75,1010585274687.174,619.6924419497527,0.4755914633740702,8802141659541.008,4825.199898150226
0,-903668317285982.4,-13145116667016.842,-420.0687076762735,-5.1721841781046,10829000000000.014,-37074.102096707385
