particle_id,x,y,vx,vy,time,energy
0,-471577036121341.25,423826356916453.8,413.4961049552705,363.6697078559619,5815517322893.456,6499.304063193937
0,129773586132215.78,818745510177164.4,459.30073558486595,225.7900489176621,7154649348474.241,4362.879030770302
0,853032515929069.5,1099433222757360.0,415.124768795279,128.5450784527314,8802141659541.008,3683.9553830936784
0,1635937537460762.0,1297279560786780.2,359.26795804710105,72.93808312825274,10829000000000.014,3652.244436032662
