particle_id,x,y,vx,vy,time,energy
0,-335024057661688.44,69954535925.6561,666.0506304045937,0.0374068599777371,7154649348474.241,4471.522110098682
0,-792574253103266.9,-1051028690778.6592,-438.53370758976047,-0.5069380518104708,8802141659541.008,-36489.675965038055
0,-1527687584391265.8,-1880421246221.8667,-305.4124084869356,-0.3372276676692631,10829000000000.014,-37997.30051309096
