particle_id,x,y,vx,vy,time,energy
0,-115199486038278.72,411705235210.60565,822.1201091604519,0.1903863382382526,3842274192010.384,2613.8899589345674
0,-513377018567471.75,-9027589778412.164,-498.5231133183499,-8.06436293626922,4727029947328.75,-35033.74829128524
0,-992080699624830.0,-16700448504006.049,-394.44232737056126,-6.27666702636201,5815517322893.456,-35626.521278866465
0,-1467798503579196.0,-24228562572846.105,-320.840269962141,-5.050485456527488,7154649348474.241,-35629.890355906675
0,-1940329334048506.5,-31628195025367.184,-255.81079170763948,-3.984081420016567,8802141659541.008,-35629.87074439482
0,-2396762277131046.0,-38695104913317.195,-198.5610466337363,-3.0553455550581807,10829000000000.014,-35629.95600236593
