particle_id,x,y,vx,vy,time,energy
0,-240373739989287.2,37318044705332.914,709.2920187397568,22.143774589217056,5815517322893.456,4025.546507243678
0,-423058224617952.6,-521113029298320.5,-330.44742474553664,-331.88879729218525,7154649348474.241,-33459.76551603692
0,-891957033397229.1,-979067535569829.6,-249.39573927202105,-238.1091136663907,8802141659541.008,-34666.47145653173
0,-1335411993637327.0,-1394842874664618.2,-191.70259335416077,-176.4270684533101,10829000000000.014,-34750.90308593552
1,-644902257793519.6,34699662305478.637,572.7499951046061,14.046727846510572,10829000000000.014,5061.704925840168
