particle_id,x,y,vx,vy,time,energy
0,-238335373708087.03,6781924689341.619,714.0519914378938,3.94904764916844,5815517322893.456,4073.255407183984
0,-679602646047976.5,-115640044560112.44,-453.4529907604191,-68.64817220958234,7154649348474.241,-35774.70592072267
0,-1314599253589058.0,-210126658179981.4,-333.67256409758875,-48.934803566242955,8802141659541.008,-36894.84917699954
1,-465698756259756.06,6845577043114.949,619.9918783300498,3.220311955948441,8802141659541.008,4927.982228745299
0,-1901029842378406.8,-295099443303953.94,-250.29320611642248,-35.810874554753674,10829000000000.014,-36977.12362757896
1,-899492036143274.6,-88912319886844.64,-418.95381711981906,-35.02672296999192,10829000000000.014,-36930.74662840247
2,-642104721825258.1,8195664503254.802,574.677931886077,3.310232396334201,10829000000000.014,5423.73269555677
