particle_id,x,y,vx,vy,time,energy
0,-239345084719016.62,1784192710721.016,712.6130073290086,1.04342595020128,5815517322893.456,3640.567919939844
0,-687862058876512.0,-30508329010607.48,-457.2791716183556,-18.069968318999717,7154649348474.241,-36323.9859713488
1,-335626598509141.44,2004084694237.7825,665.3862771705101,1.0731127591321168,7154649348474.241,4282.070211723796
0,-1327501182779702.0,-55353899655422.914,-335.7421088790241,-12.853816946188664,8802141659541.008,-37452.332668391144
1,-791159726217217.6,-30040030698114.344,-438.0482980032181,-14.49180020208459,8802141659541.008,-36688.06793045405
0,-1916858562539419.2,-77646762101364.53,-251.1882479875789,-9.38137882465178,10829000000000.014,-37537.751605630016
1,-1525164610071525.5,-53736785266732.24,-304.82485467518865,-9.629552130741592,10829000000000.014,-38202.10783926875
2,-643855244476015.6,1658289189893.6843,573.5715213774942,0.6705258798698063,10829000000000.014,5084.990176676394
