particle_id,x,y,vx,vy,time,energy
0,-234895374799244.8,3728016134775.8657,719.231035767078,2.13480664394741,5815517322893.456,5447.070055855351
0,-691408806750687.9,-64745352061183.5,-458.8164895468332,-38.36149290476834,7154649348474.241,-34353.41831388447
0,-1335283193418606.5,-117699311726613.48,-339.04542445668466,-27.501770538926955,8802141659541.008,-35437.04487390696
0,-1932562021406847.5,-165598187423214.97,-255.6375540830495,-20.25826547715743,10829000000000.014,-35509.740855648895
