particle_id,x,y,vx,vy,time,energy
0,-633980274717094.0,261296637930.2508,579.879756793589,0.1049668901515043,10829000000000.014,6949.868422948872
