particle_id,x,y,vx,vy,time,energy
0,-457775782807012.56,8905772771.478052,626.6174543570778,0.0041489799417381,8802141659541.008,6871.8851322665
0,-914662516344347.0,-118478823656.37791,-422.75636214329575,-0.0465831500851847,10829000000000.014,-34892.57476866995
