particle_id,x,y,vx,vy,time,energy
0,-162878515233390.62,401417848146.1304,774.4820688255122,0.2218278539495908,4727029947328.75,5686.137358749227
0,-602748362407879.6,-7976397239151.972,-481.7798800850478,-5.799842863843879,5815517322893.456,-32956.62375280673
0,-1164266265359473.2,-14657593917854.348,-371.3772458060096,-4.377413564239691,7154649348474.241,-33732.77977136623
0,-1708122467757605.5,-21020687492635.734,-293.8409763333397,-3.412938784595956,8802141659541.008,-33749.47491654098
0,-2231271636058368.0,-27051690238895.85,-226.73146656416677,-2.593340671932704,10829000000000.014,-33749.38727306479
