particle_id,x,y,vx,vy,time,energy
0,-457129597667771.6,825302750167.01,627.159370542225,0.3841754427181001,8802141659541.008,7032.097566735174
0,-915440140891189.0,-10998227059750.363,-422.947275756417,-4.32410124637233,10829000000000.014,-34721.133390444535
1,-631788045748896.1,759658153925.8981,581.2863023903501,0.3047099851815662,10829000000000.014,7366.302824889281
