particle_id,x,y,vx,vy,time,energy
0,-163733013773280.44,613865700.0735085,772.6834305697012,0.0003427711850907,4727029947328.75,5249.692809540196
0,-601637565516089.6,-12149779579.462992,-481.14421915709966,-0.008834803042793,5815517322893.456,-33431.01153369366
0,-1162081449315559.2,-22319910009.740627,-370.45918561011473,-0.0066588868408886,7154649348474.241,-34215.3819785825
0,-1704272089425137.5,-31992792152.515453,-292.74673721307613,-0.0051842301224059,8802141659541.008,-34232.96877754398
1,-459507407299814.9,609780186.7731785,625.1668257065345,0.0002846966336668,8802141659541.008,6443.449523543444
0,-2224969645180380.8,-41143848426.81916,-225.3713190287973,-0.0039291307162767,10829000000000.014,-34232.99888237835
1,-912385018833156.0,-8074376063.314632,-422.19321890984673,-0.0031750984565894,10829000000000.014,-35350.75156330224
