particle_id,x,y,vx,vy,time,energy
0,-634208409302214.0,1965246920.678556,579.7335193792655,0.0007895921799454,10829000000000.014,6906.577187434043
