particle_id,x,y,vx,vy,time,energy
0,-164217999622605.47,3008936845737.3184,771.6359542888456,1.690305518757677,4727029947328.75,5010.87571461621
0,-597902962906119.8,-59269933214083.98,-478.94203182921615,-43.12987456893996,5815517322893.456,-33663.031312732564
0,-1155651291524736.5,-108900202496519.34,-368.5959219316097,-32.48452917213147,7154649348474.241,-34452.67366399408
0,-1694985185682133.5,-156072439565792.47,-291.12425463590154,-25.272840467429724,8802141659541.008,-34470.77878076407
0,-2212578708437361.5,-200659716331127.0,-223.8937337748806,-19.130198849324177,10829000000000.014,-34470.78684367627
