particle_id,x,y,vx,vy,time,energy
0,-116947076358687.95,44306390278383.15,803.8692101176506,25.48300119813152,3842274192010.384,4564.693264074158
0,20248510916107.695,-484020460640865.5,-57.88724731954101,-522.413394950629,4727029947328.75,-25714.532506380812
0,-43254525319661.52,-985379294703086.8,-57.348538652813694,-414.13833568542344,5815517322893.456,-26440.3131910167
0,-117066247331787.14,-1487670832367805.0,-52.785416821868445,-341.0942132951887,7154649348474.241,-26444.152646380287
1,-330444144160793.6,48383193342655.1,669.6584440098334,25.764083442540255,7154649348474.241,6772.885735321877
0,-199306678839227.5,-1994989578895021.5,-47.112037729723326,-277.9200335417478,8802141659541.008,-26444.13365949975
1,-488394229781362.0,-604101603585464.2,-324.2739946284575,-317.32691795349075,8802141659541.008,-31432.886417197165
0,-288763126221283.7,-2500986906062600.0,-41.45323112508527,-225.3656263741254,10829000000000.014,-26444.133659499763
1,-1044388524160683.6,-1128585429632010.0,-236.1180808812624,-215.97864785350149,10829000000000.014,-32983.784694828326
