particle_id,x,y,vx,vy,time,energy
0,-447484845217602.75,9156113509851.922,635.277131870366,4.208945303374038,8802141659541.008,9451.646545737836
0,-919104832121370.2,-124641863387848.28,-423.6687828190083,-49.076836728716486,10829000000000.014,-32075.57830045435
