particle_id,x,y,vx,vy,time,energy
0,-319493254890403.06,231486789881.28952,683.3901329973687,0.1191231505677963,7154649348474.241,9429.753741082648
0,-813363203504788.0,-3656647398585.7783,-445.64166183258374,-1.7621888794989111,8802141659541.008,-31166.06896963963
0,-1568409484793349.0,-6579637735398.285,-317.1519727618695,-1.205355026820231,10829000000000.014,-32518.955230320164
