particle_id,x,y,vx,vy,time,energy
0,-617974691744986.1,5445994085.246243,590.2041489206715,0.0021630508574394,10829000000000.014,10008.528415171342
