particle_id,x,y,vx,vy,time,energy
0,-158617408289037.2,1546952550.036519,783.5852056906236,0.0008082088145599,4727029947328.75,7864.808837754594
0,-608626110176666.9,-31358584647.992928,-485.16528330816845,-0.0227951631605546,5815517322893.456,-30584.74536610549
0,-1175731933711992.8,-57708887670.14891,-376.0973155173336,-0.0173200982559914,7154649348474.241,-31320.811631202218
0,-1728084053137647.8,-82969114503.4811,-299.39050455238066,-0.013598759789003,8802141659541.008,-31333.55790916
0,-2263617481672904.0,-107126678372.2502,-233.57106200568415,-0.0104617176305824,10829000000000.014,-31333.317272241897
