particle_id,x,y,vx,vy,time,energy
0,-320533464077783.2,2217502568941.2275,682.2079697935986,1.1443355122640917,7154649348474.241,9097.234141426918
0,-811175052506616.9,-34894819789316.426,-444.87210298611,-16.820211703318517,8802141659541.008,-31517.511168589583
0,-1564423241016834.5,-62770731605062.28,-316.18568014410846,-11.485134101324592,10829000000000.014,-32880.574718807744
