particle_id,x,y,vx,vy,time,energy
0,-447525468286124.7,3703342007.0234575,635.2688707135525,0.0017023022310982,8802141659541.008,9422.17629986338
0,-928159904948472.2,-50646595801.856186,-426.13965090237014,-0.0198975209531563,10829000000000.014,-32169.42878571253
