particle_id,x,y,vx,vy,time,energy
0,-447517459089528.9,33662984118.13838,635.2756744877378,0.0154735770013404,8802141659541.008,9424.178646596469
0,-928168603267175.2,-460380488371.46216,-426.1408105919992,-0.1808690178711477,10829000000000.014,-32168.08822724622
