particle_id,x,y,vx,vy,time,energy
0,-433733109343580.6,285247792.8901401,647.0939424289631,0.0001285381215007,8802141659541.008,12891.187930009008
0,-946403277960188.0,-4047702402.209164,-430.8526743303017,-0.0015887836421569,10829000000000.014,-28458.053655986223
1,-595027293212672.8,287634512.1692075,605.2405507377761,0.0001121897432566,10829000000000.014,14468.536041770303
