particle_id,x,y,vx,vy,time,energy
0,-307429085881142.3,24006252599182.684,696.8145863517283,11.954804103380306,7154649348474.241,13544.701776513248
0,-734688434574255.4,-372846767352200.94,-416.0477504327918,-183.36874653395768,8802141659541.008,-26037.694830784458
1,-433090218480593.5,21966178675085.703,647.4844565425043,9.895239084507631,8802141659541.008,13166.458061270763
0,-1447817917528488.5,-680413204627246.1,-303.0426647522073,-128.32488598279065,10829000000000.014,-27299.151012003334
1,-893029935162500.0,-303812968113813.25,-415.8564431081376,-120.75103591184076,10829000000000.014,-27800.891201454375
