particle_id,x,y,vx,vy,time,energy
0,-66459765691425.33,42933272550.83304,941.63535054988,-0.0209041806386677,3123117714735.799,9712.379117060278
0,-454013903631661.5,-1141798894788.3645,-531.5151810888349,-1.250722150988834,3842274192010.384,-25673.695963131904
0,-877537598218747.6,-2132432457829.1084,-437.4369391657523,-1.0184937134810197,4727029947328.75,-26012.083477472697
0,-1314621802943078.0,-3146671404820.2397,-370.1756841079237,-0.856355065175713,5815517322893.456,-26011.856521991853
0,-1769205590269865.5,-4195330648260.293,-311.63572665486083,-0.7169187808936851,7154649348474.241,-26011.718334254037
0,-2235898857902713.5,-5265918621277.263,-258.1695129381537,-0.5905729772876511,8802141659541.008,-26011.556138155524
0,-2711625197346391.0,-6351157956935.88,-214.0825287837518,-0.4870266573775822,10829000000000.014,-26011.556138155524
