particle_id,x,y,vx,vy,time,energy
0,-306344702994103.6,1968177990409.8591,698.5234159806256,0.9745763404409056,7154649348474.241,13683.022015574155
0,-830399434324315.6,-32412192555941.47,-451.610499788291,-15.612139448644376,8802141659541.008,-26585.314273244105
1,-430979528303079.5,2039979723347.472,649.4801391736006,0.9153644265586308,8802141659541.008,13589.757082752503
0,-1602040429584224.8,-58586296254185.41,-326.8913442853969,-10.90982356237588,10829000000000.014,-27816.595225135698
1,-949564273176651.8,-29152832750885.95,-431.6712098002304,-11.442099546264997,10829000000000.014,-27711.22386976592
2,-597839062700008.1,2003373075901.3088,603.3817554284495,0.7832429506730996,10829000000000.014,13917.985977602424
