particle_id,x,y,vx,vy,time,energy
0,-430721681127906.75,648131430.4002641,649.7056516561177,0.0002907058978594,8802141659541.008,13654.19201942804
0,-950392588787610.6,-9271054279.633677,-431.89965107432016,-0.0036383460507506,10829000000000.014,-27643.502535449898
