particle_id,x,y,vx,vy,time,energy
0,-217966675902507.4,2605211092.4468307,745.427302526685,0.0013525559196019,5815517322893.456,12348.98845224484
0,-717621542886236.5,-48407438141.21431,-470.7173346037743,-0.0286354456128193,7154649348474.241,-26915.30702199803
0,-1385557573343032.2,-88481489201.76326,-355.5204622180659,-0.0210891073066916,8802141659541.008,-27838.24596086307
0,-2019307333454122.5,-125732447517.47678,-275.0523255129575,-0.0160184603657458,10829000000000.014,-27875.326546518263
