particle_id,x,y,vx,vy,time,energy
0,-411040468235594.94,17147715673342.404,666.9422491913319,7.441507200783031,8802141659541.008,18758.362003363494
0,-940513487932462.6,-253869326334294.97,-428.5470414594143,-100.2640081869484,10829000000000.014,-21946.05882861832
