particle_id,x,y,vx,vy,time,energy
0,-292500404463034.75,4152031986.338993,714.9794074112746,0.0019591460877688,7154649348474.241,18207.835847181355
0,-849788525196780.1,-71474173135.75589,-458.5666372442099,-0.0344015033924876,8802141659541.008,-21712.42129544661
0,-1639805549186246.2,-129748604545.54263,-337.4278392729924,-0.0245389600664769,10829000000000.014,-22824.213650209647
