particle_id,x,y,vx,vy,time,energy
0,-141142068281581.1,642363824853.4065,823.5324994846626,0.23760088260735,4727029947328.75,16840.894056701567
0,-632326118906449.9,-14122899474069.846,-498.9521917651616,-10.254374264379724,5815517322893.456,-20777.46240988004
0,-1221970179509567.8,-26130907196819.9,-395.0429001758427,-7.987335992861949,7154649348474.241,-21365.855382627968
0,-1808313345772849.5,-37921044299306.28,-321.5484812902432,-6.431911407563209,8802141659541.008,-21369.16373026264
0,-2393497630165521.5,-49568209106483.18,-260.90718858167844,-5.168235371885051,10829000000000.014,-21369.064702350377
