particle_id,x,y,vx,vy,time,energy
0,-410754760775284.94,461252282783.3291,667.3161192080627,0.1999577254555395,8802141659541.008,18762.025609757577
0,4464132125235701.0,-210450511092.02588,2791.2113330293237,0.2596901736282274,10829000000000.014,3865710.618810864
1,-567307048945711.6,530171164032.0375,623.8148652728815,0.201600301793313,10829000000000.014,19969.857626447338
2,-575370153866199.0,481264142641.3821,618.3623743404391,0.1844426698713895,10829000000000.014,18357.141144211026
