particle_id,x,y,vx,vy,time,energy
0,-60966185228220.84,170932584975.4447,973.0898385260735,-0.1499804999258785,3123117714735.799,13855.487649100018
0,-461217355517439.4,-4733034842477.893,-538.0542623580315,-5.180725572718517,3842274192010.384,-21002.875837879576
0,-891419730119359.4,-8852351188644.336,-445.684112604767,-4.249584268115739,4727029947328.75,-21304.09587096077
0,-1338114922934444.5,-13098438944729.84,-379.5355396355732,-3.5976985146693554,5815517322893.456,-21303.85547810435
0,-1805994468920032.5,-17522354406467.885,-322.105815249675,-3.038139553050053,7154649348474.241,-21303.72310115522
0,-2291320868788284.5,-22088751433460.332,-270.52836340390326,-2.5393408804560433,8802141659541.008,-21303.68457188317
0,-2794528831436234.0,-26801489823534.0,-228.76983229197333,-2.137814161130341,10829000000000.014,-21303.684571883165
