particle_id,x,y,vx,vy,time,energy
0,-296016792165415.5,15138677804.437,710.7464872448285,0.0072374468039274,7154649348474.241,17053.62491667425
0,-845027071363614.9,-257719424766.724,-456.84743701213023,-0.1240626417403923,8802141659541.008,-22957.5901663322
1,-409683752519981.75,15403065491.095837,668.2760779335471,0.0066640330480377,8802141659541.008,19038.285742568813
0,-1630472603281682.2,-467340557882.99976,-334.7982004301495,-0.0880496916175702,10829000000000.014,-24098.85577451944
1,-978400365550284.6,-232942809913.4864,-439.4440865050907,-0.0913140440207541,10829000000000.014,-21876.32698391145
