particle_id,x,y,vx,vy,time,energy
0,-314244721489746.4,135874326676723.52,677.5800950845043,72.83684334950001,7154649348474.241,17855.694099122687
0,406224350146026.56,-595303693603825.2,144.25422805447414,-494.3805250677798,8802141659541.008,-8342.795532074437
0,616777638825390.2,-1454117958383486.2,78.7053875829572,-371.9350959034483,10829000000000.014,-10060.799426675165
