particle_id,x,y,vx,vy,time,energy
0,-187986502409137.4,1117759746.6348765,796.3848475527162,0.0004336235915441,5815517322893.456,24772.38121092849
0,-758550414544607.0,-23281163437.417698,-489.76457242531006,-0.0137507099709275,7154649348474.241,-13408.312391579517
0,-1465544864823765.0,-42925324453.26533,-382.4709679117814,-0.0105394303883451,8802141659541.008,-14092.427011035106
1,-382157620688682.06,945100619.0212668,693.544589917621,0.0003854558707035,8802141659541.008,26216.613171176898
0,-2159348844250087.5,-61921530181.65045,-307.7020037897708,-0.00837368017447,10829000000000.014,-14100.931791177529
1,-1015337165013585.2,-15359047812.850346,-449.8170637969365,-0.0060137535398232,10829000000000.014,-14161.954559931968
