particle_id,x,y,vx,vy,time,energy
0,-129699974558674.08,15698508823.329744,852.517041617833,0.0037073294877772,4727029947328.75,22729.17010232038
0,-648066702176620.2,-364039151402.59424,-508.22421896200814,-0.2640923009594926,5815517322893.456,-14308.403924434562
0,-1252526338809633.8,-675613415489.2402,-407.3479992419186,-0.2086548427147607,7154649348474.241,-14813.78957668312
0,-1860777542453361.2,-985698284988.1704,-335.751976613411,-0.1704051416436595,8802141659541.008,-14814.744432537722
1,-383811860398221.75,15132774528.571363,691.9912654938149,0.0061966567341312,8802141659541.008,25781.19268507042
0,-2477843089008824.5,-1297605982957.355,-278.3126674541699,-0.1401525775064899,10829000000000.014,-14814.745898734029
1,-1013106338441540.8,-244871037906.20303,-449.1774270718411,-0.0958837596206492,10829000000000.014,-14631.713489735384
