particle_id,x,y,vx,vy,time,energy
0,-389139991815455.7,10252506699.077482,687.0199314070638,0.0042509726831469,8802141659541.008,24382.142214375548
0,-1005937157989255.8,-163617774820.19537,-447.13600734603347,-0.0640810393847235,10829000000000.014,-16136.61851130538
