particle_id,x,y,vx,vy,time,energy
0,-269858716921480.2,49273426382.74318,743.2284981440446,0.0209863835825312,7154649348474.241,25707.163301841152
0,-880548770884097.1,-910700943138.7144,-469.8544863302842,-0.4379225357574671,8802141659541.008,-13605.05430790322
1,-383374661502310.94,60239664951.16177,692.4013309537097,0.0246413100392332,8802141659541.008,25896.222694290132
0,-1700068164386166.5,-1663874973282.402,-354.2620112220425,-0.321847636867752,10829000000000.014,-14540.314105694211
1,-1013694648442129.4,-975875603729.085,-449.3456220918192,-0.3821156131715872,10829000000000.014,-14507.921031416772
