particle_id,x,y,vx,vy,time,energy
0,-55966968619551.55,300022636.2478029,928.944859073197,-0.0001269417451286,2538565384109.942,-6037.816289823619
0,-366455659745932.5,-7841807544.717479,-528.6387415401757,-0.0105712198131791,3123117714735.799,-41643.920300366066
0,-708310781487101.8,-14635486612.27797,-433.7861059969553,-0.0085796672376918,3842274192010.384,-41999.83221799851
0,-1060124215148218.0,-21569413237.88701,-366.0238541884582,-0.007190968488506,4727029947328.75,-41999.59124139535
0,-1424824418953977.0,-28713177698.034264,-306.9809655309352,-0.0059956854744205,5815517322893.456,-41999.32782675582
0,-1797043399852919.8,-35960868190.7851,-251.0866765014567,-0.0048733908919317,7154649348474.241,-41999.20470391511
0,-2163694667516644.5,-43050859215.25922,-196.56339887310247,-0.003785480176035,8802141659541.008,-41999.202667449434
0,-2509810321079222.0,-49684867574.699974,-147.39436227659155,-0.0028096423745104,10829000000000.014,-41999.20266744943
