particle_id,x,y,vx,vy,time,energy
0,-55967149868878.11,928267819.0451986,928.943703155011,-0.0003927423683872,2538565384109.942,-6037.9865654126625
0,-366455217275767.4,-24262433616.62698,-528.6380216486403,-0.0327071807633823,3123117714735.799,-41644.38957089628
0,-708309760284151.4,-45281957370.32094,-433.78523897635847,-0.0265453307000978,3842274192010.384,-42000.304765665685
0,-1060122377894900.4,-66735389724.71098,-366.022880383625,-0.0222487065531492,4727029947328.75,-42000.06379456211
0,-1424821459733099.2,-88838038104.96356,-306.9798799281795,-0.0185505083571072,5815517322893.456,-41999.800379435925
0,-1797038901012282.8,-111262205858.23268,-251.08546361403737,-0.015078134730984,7154649348474.241,-41999.67725563981
0,-2163688007515875.2,-133198414402.96336,-196.5619539008281,-0.0117121380851396,8802141659541.008,-41999.67527053472
0,-2509800383072859.5,-153723748877.8233,-147.39257515467517,-0.0086928870846967,10829000000000.014,-41999.67527053472
