particle_id,x,y,vx,vy,time,energy
0,-126172370067703.8,300044535.6922444,790.9936845096491,0.0001833519838028,3842274192010.384,-4323.717411730846
0,-498476552452030.06,-6179250934.454746,-487.8440404216794,-0.0055249207649574,4727029947328.75,-42617.00552521099
0,-963022883979654.0,-11384328107.477203,-379.81890142308134,-0.0042195422099133,5815517322893.456,-43322.20746479693
0,-1417431890653569.2,-16399050230.446592,-303.7603586904,-0.0033306108915387,7154649348474.241,-43332.233153514826
1,-357767266463240.1,269398632.83171874,641.5651157798761,0.0001507795087567,7154649348474.241,-2653.786974921153
0,-1859681471302248.5,-21216343354.188076,-236.16444740273243,-0.0025542431810459,8802141659541.008,-43332.23439576912
1,-762359638277912.6,-3757860819.4186487,-428.6405454905174,-0.0018154040485264,8802141659541.008,-44115.75232997663
0,-2271235015317824.0,-25630594518.566303,-173.67910247293693,-0.0018452653892748,10829000000000.014,-43332.24601828818
1,-1468641423415816.5,-6661492545.166904,-288.16031660577045,-0.001152627888702,10829000000000.014,-45872.256391699346
