particle_id,x,y,vx,vy,time,energy
0,-495155517370051.8,41003632.26668132,595.9366757613554,1.9902660251132352e-05,8802141659541.008,-2217.1750249600736
0,-865415218905760.8,-492165334.9665375,-410.9643943204737,-0.0001940940542524,10829000000000.014,-44783.44610442444
