particle_id,x,y,vx,vy,time,energy
0,-495171383763355.1,60656936675.853386,595.9239139900949,0.029442580275293,8802141659541.008,-2220.9594949302264
0,-865844221870344.4,-728718657626.314,-411.3729418006471,-0.2876373016196494,10829000000000.014,-44570.02332829217
1,-681297423412227.5,66526396792.843765,550.0446986418718,0.0274968354437892,10829000000000.014,-1832.5248563071657
