particle_id,x,y,vx,vy,time,energy
0,-681282971357800.5,98739469737.57144,550.0536682866635,0.0408108986162282,10829000000000.014,-1829.902435146214
