particle_id,x,y,vx,vy,time,energy
0,-256235694744474.62,2106529055474.125,688.2343880982428,1.3180395010630204,5815517322893.456,-3123.1748689737287
0,-664871869715982.5,-33709967670002.625,-447.2303914450556,-19.986719455541223,7154649348474.241,-43607.39879176613
0,-1282528284026068.2,-60753422044796.48,-320.0999381515654,-13.769405600036974,8802141659541.008,-44920.27599026262
0,-1836308923291194.8,-84214484325888.17,-231.90137468096515,-9.661740437803047,10829000000000.014,-45067.75985240522
