particle_id,x,y,vx,vy,time,energy
0,-357727698981286.8,4349340613856.409,641.5974579618276,2.434197126051402,7154649348474.241,-2634.899431167636
0,-759801961442097.1,-60575481612309.69,-427.7678570703975,-29.28518149603519,8802141659541.008,-44077.3623826672
0,-1464772320930675.5,-107419631231862.9,-287.6805722764563,-18.597590204851944,10829000000000.014,-45834.36595154962
