particle_id,x,y,vx,vy,time,energy
0,-1018999332774381.6,628899237791273.2,344.9464747888427,291.1370427262759,10829000000000.014,-389.7887457800243
