particle_id,x,y,vx,vy,time,energy
0,-656124527776833.0,421027720914931.44,460.8475376272313,232.04362520999163,8802141659541.008,-941.3140547214716
0,404241413133804.5,638074711218064.0,516.2041783922778,-41.81231775027509,10829000000000.014,-8185.112397880119
