particle_id,x,y,vx,vy,time,energy
0,-244713313616954.62,506229021861.1974,777.0192127281634,0.1820696802796034,7154649348474.241,34150.173649496865
0,-914798640538703.2,-10115711767704.646,-482.7301238762881,-4.859270714816593,8802141659541.008,-4439.290975462238
0,-1767069218904294.5,-18596530414211.617,-372.706204263191,-3.674523693177599,10829000000000.014,-5204.092588444706
1,-492671995617460.75,453511225492.0352,676.6127216690356,0.1566262857935993,10829000000000.014,35353.58966672572
2,-503123888334748.9,462112938580.26874,668.9305711865813,0.1622861068336803,10829000000000.014,33152.43470638382
