particle_id,x,y,vx,vy,time,energy
0,-503966737881210.94,25091997678222.203,668.1469671585207,8.829818691096913,10829000000000.014,33074.7771702559
