particle_id,x,y,vx,vy,time,energy
0,-72263557889473.36,28336851562534.152,965.6533317156042,-18.134242274279867,3842274192010.384,31316.596338177973
0,-173377360998023.44,-530273602669770.6,-216.1686936237703,-510.88228121076247,4727029947328.75,774.4814456322638
0,-389984940534538.94,-1032537758130184.2,-185.1156723367303,-423.31324596208617,5815517322893.456,453.6616338750464
0,-621036859835751.0,-1555757651978878.5,-161.41346017023184,-362.4053741293686,7154649348474.241,453.7832788410742
0,-868952897464120.6,-2108222474740200.0,-140.990295344989,-312.08340509899654,8802141659541.008,454.4275361198379
0,-1137857874809623.2,-2700175114215875.5,-125.58726412949018,-275.12616640453507,10829000000000.014,454.42753611982334
