particle_id,x,y,vx,vy,time,energy
0,-9100905410501.48,-1424583639351.5928,-1746.651677935682,-187.69409111576812,2063423411482.4,11659.068046189845
0,-349794906692558.9,-30435844918493.773,-600.2243961202367,-49.99578629457957,2538565384109.942,-2110.2552327578596
0,-675021408412407.0,-57450118007473.14,-521.437965081303,-43.223232669671745,3123117714735.799,-2194.6938047164294
0,-1028112239673714.0,-86676796100108.19,-464.49392734537497,-38.401235460541535,3842274192010.384,-2194.413387771725
0,-1416445471356569.2,-118748548327851.31,-415.9233028122271,-34.31845713301155,4727029947328.75,-2194.225032645394
0,-1843775214307293.5,-153977520701716.44,-371.2174970399829,-30.578068390954275,5815517322893.456,-2194.112282247297
0,-2311799968666177.0,-192499167647550.0,-330.54134779098035,-27.186119015498555,7154649348474.241,-2193.2056134180966
0,-2827377336486647.5,-234876356304988.4,-297.5613408712217,-24.443167664439905,8802141659541.008,-2193.205613418075
0,-3400805064693588.5,-281954706171548.1,-269.9638902109067,-22.152849890987103,10829000000000.014,-2193.205613418075
