particle_id,x,y,vx,vy,time,energy
0,-172355062124101.22,385066370.5088517,826.0812582969601,0.0001123472752238,5815517322893.456,31305.26836610277
0,-779890574577701.0,-8508397060.189549,-499.8911762620981,-0.0050209773123171,7154649348474.241,-6261.843836944317
0,-1507117447675816.0,-15747089845.4124,-396.247467624913,-0.0039162739103911,8802141659541.008,-6842.305582585817
1,-354946950525790.3,344578022.0230764,719.8279822291622,0.0001301046554226,8802141659541.008,33446.46828616358
0,-2231482560437839.2,-22867698547.303062,-324.37566704712293,-0.0031728974100726,10829000000000.014,-6845.291446213865
1,-1052119525176695.2,-6006784813.692506,-460.5282514916393,-0.0023496160798995,10829000000000.014,-6369.640183932745
