particle_id,x,y,vx,vy,time,energy
0,-491826657774574.1,16494195919571.836,677.1603967303611,5.690518520596146,10829000000000.014,35575.5552169242
