particle_id,x,y,vx,vy,time,energy
0,-110471683885522.44,9100647939.280052,908.2767252634504,-0.0007699618050103,4727029947328.75,32572.06826569885
0,-674020890626632.5,-230908195440.237,-523.6465014384784,-0.1672550844232843,5815517322893.456,-3405.940617976099
0,-1302804325921115.2,-430419134683.48987,-427.41025263664585,-0.1349279395733468,7154649348474.241,-3794.394778134083
0,-1946640987887090.5,-632903840693.232,-358.757943584294,-0.1124390342157241,8802141659541.008,-3794.439502340909
0,-2615509160504406.0,-841918222994.9056,-306.36920465867365,-0.0954907642485523,10829000000000.014,-3794.43276792558
1,-491987436133343.94,9514368154.109173,677.1197092783967,0.0032821675957568,10829000000000.014,35498.22911257358
