particle_id,x,y,vx,vy,time,energy
0,-247165731541729.84,308599932764.6888,773.5923158589103,0.1132553269366369,7154649348474.241,33322.41212774458
0,-911485731877359.4,-6120160357028.893,-481.4731325104629,-2.9402209079571344,8802141659541.008,-5340.044570035781
0,-1760586619404494.0,-11244826820864.943,-370.9287789846521,-2.2176168256255826,10829000000000.014,-6120.334376457875
