particle_id,x,y,vx,vy,time,energy
0,-35886195757335.97,84640325365683.56,816.0711041381513,126.3900513904228,2063423411482.4,33005.7458309487
0,312003546357215.4,45604705060069.195,641.4380056383189,-142.1637393490541,2538565384109.942,24692.121961780533
0,658870950613768.8,-39214447044343.47,556.4844581941676,-144.83930749977628,3123117714735.799,24498.07922214028
0,1036933175737905.0,-141406696568498.34,499.35955033735786,-139.08414706884838,3842274192010.384,24498.359258619996
0,1456817942030911.0,-261123623973418.2,452.5422514856275,-131.6414694504841,4727029947328.75,24498.528890185044
0,1925528816372176.8,-399887089869827.6,410.688210736715,-123.51780628514013,5815517322893.456,24498.604876906873
0,2450135210626943.5,-559844654625894.5,375.69256736859097,-115.88652589221488,7154649348474.241,24498.573098372173
0,3045263223063162.5,-745190389284118.6,348.76925209411473,-109.51686347318066,8802141659541.008,24498.573098372144
0,3728816515049204.0,-961345781229242.0,327.2122217848937,-104.10066285500632,10829000000000.014,24498.57309837217
