particle_id,x,y,vx,vy,time,energy
0,-536514230183195.5,478484298089777.1,536.934193910838,258.1456102019651,8802141659541.008,36288.15482913333
0,625447422527802.5,739451921577793.5,546.6442765809269,14.075981759076877,10829000000000.014,30212.79434419269
