particle_id,x,y,vx,vy,time,energy
0,-372505680184605.06,126223863619551.12,694.8262922116421,52.28376892289822,8802141659541.008,32694.342852943868
0,184318352484264.6,-921193032240602.8,-16.707159642091717,-497.99241239230054,10829000000000.014,2224.371611180104
