particle_id,x,y,vx,vy,time,energy
0,-18805882341225.305,2299388243.2429957,1418.4293239031056,-0.0387634359500146,2538565384109.942,24817.85260978318
0,-411653697067743.06,-90584771435.29774,-579.3492340960656,-0.121334216629059,3123117714735.799,-5135.464973765716
0,-794896758736216.2,-170567187306.77414,-496.1084764570064,-0.1032678614304485,3842274192010.384,-5273.192837467403
0,-1205440155525880.2,-255866862910.0788,-436.076073056575,-0.0904606315026268,4727029947328.75,-5272.911274473925
0,-1650626662284980.8,-348090324038.62463,-384.60345527115106,-0.0795723256367688,5815517322893.456,-5272.708386089813
0,-2132452410998401.5,-447656399708.31775,-337.47149568848596,-0.0696562956820721,7154649348474.241,-5272.636748422759
0,-2654458729267576.5,-555290917517.0198,-299.02687726333306,-0.0615998915859152,8802141659541.008,-5272.636748422752
0,-3226781469517947.0,-673089294551.4624,-267.74448245813426,-0.0550652120078959,10829000000000.014,-5272.636748422752
