particle_id,x,y,vx,vy,time,energy
0,-92409799670877.64,1109649030.9320033,972.556249375596,-0.0006380907363774,4727029947328.75,41641.734379322676
0,-697945146976702.9,-30706382388.716816,-537.9749246864546,-0.0222066641735023,5815517322893.456,6774.933615264861
0,-1348952197023180.8,-57429800143.08527,-445.5737994179175,-0.0182133837220163,7154649348474.241,6472.995443403459
0,-2024855781641200.0,-84972872845.22011,-379.46068271745537,-0.0154201767666026,8802141659541.008,6473.022570847403
0,-2740287171275246.0,-113981590090.4346,-331.3268479977466,-0.0134091532803873,10829000000000.014,6473.022570847417
