particle_id,x,y,vx,vy,time,energy
0,-219657089858277.0,17483159310316.469,813.3814471297983,4.768155888267289,7154649348474.241,42781.44798305514
0,-873561594647402.5,-362971300331209.7,-465.4247433884866,-175.90973388594364,8802141659541.008,5412.955587842764
0,-1705277458388779.5,-674035206664905.8,-367.8323035976408,-136.43767174795232,10829000000000.014,4786.106784323754
