particle_id,x,y,vx,vy,time,energy
0,-217606546773185.16,266348608520.20844,817.2214398562348,0.0697417904962828,7154649348474.241,43339.52437025326
0,-951865449602400.4,-5785498490711.846,-496.9436791971119,-2.775838584658252,8802141659541.008,5590.126932072992
0,-1839351220221842.8,-10696426188867.871,-392.2765353141062,-2.154626532707498,10829000000000.014,4981.109272905509
