particle_id,x,y,vx,vy,time,energy
0,-315401006699248.6,69152477663.08554,760.9994089697874,0.0220750573572092,8802141659541.008,44150.126071456965
0,-1105941297152924.6,-1332918163627.7798,-476.7345773582264,-0.5206973362228587,10829000000000.014,5219.047264812325
