particle_id,x,y,vx,vy,time,energy
0,-185684332512108.4,185425970317970.25,744.4195649852052,111.07743175532244,5815517322893.456,46746.28271176279
0,692124595721642.9,-100331364830103.0,503.2651373179312,-302.1902968412112,7154649348474.241,32524.56112083039
0,1419299755395475.8,-573036435696696.6,397.41823692339545,-272.24353941602095,8802141659541.008,31722.11709774594
0,2156253443659864.8,-1094527846831539.2,336.732451505606,-244.50887514576047,10829000000000.014,31721.04554999987
