particle_id,x,y,vx,vy,time,energy
0,-176734204980358.25,2570441983048.6875,888.8331914267917,0.0636020581105114,7154649348474.241,57218.630238767015
0,-1005315475367103.2,-63251659729979.85,-517.7579201093106,-30.29209608435604,8802141659541.008,20891.593050078955
1,-267112488296283.03,2311397056544.31,817.983991100634,0.4880534359088799,8802141659541.008,57433.302195766766
0,-1943548569908944.8,-117757299064391.12,-420.2493191562641,-24.281096278111537,10829000000000.014,20467.631174151746
1,-1170771073990638.5,-50259126100824.555,-496.8425338877791,-19.602312626050622,10829000000000.014,19704.866651955846
2,-373362482644645.8,2919453510859.06,774.2658515320707,0.7051385524937313,10829000000000.014,61340.112804291595
