particle_id,x,y,vx,vy,time,energy
0,-181925980891315.38,543059027.2825627,878.789717746598,3.447420324117126e-05,7154649348474.241,55459.91249459755
0,-1000372119609097.8,-13163648810.03463,-515.8547090739535,-0.0063046776905089,8802141659541.008,18932.076781082724
1,-266307426307464.12,625991884.0721886,819.0239671899758,0.0001307261510368,8802141659541.008,57654.15535065805
0,-1933560454598128.0,-24485850623.39065,-417.3468221153513,-0.0050350561725473,10829000000000.014,18487.803540831286
1,-1172991427392808.0,-13645428168.550053,-497.5535483359832,-0.0053212797271197,10829000000000.014,19940.978463705324
