particle_id,x,y,vx,vy,time,energy
0,-111236715855599.28,100246158649.2164,980.633226980986,-0.0527068790510578,5815517322893.456,56551.2899187415
0,-861853341495882.2,-2801370295413.8516,-539.5331872344594,-1.6464407595446602,7154649348474.241,21813.97829547728
0,-1665718035231271.2,-5241091397518.636,-447.5263379415994,-1.3526206827171212,8802141659541.008,21520.226815526665
0,-2503595738427530.5,-7766077467012.873,-386.03687837543094,-1.1605509963411118,10829000000000.014,21520.195666473766
