particle_id,x,y,vx,vy,time,energy
0,-1058304298870741.4,975455397980174.8,316.3153599824746,458.6471426221343,10829000000000.014,66392.38534830266
