particle_id,x,y,vx,vy,time,energy
0,-116756360111951.62,41555415468.0059,962.699341561281,-0.0165423193653408,5815517322893.456,54265.21432436042
1,-115232545041047.2,41612066925.13971,967.5117005870162,-0.0179411898720636,5815517322893.456,54872.6631920191
0,-8026628651993830.0,-2138081046105.0503,-6466.459148246664,-1.728847550510961,7154649348474.241,20891019.350230552
1,-1.3002770103077124e+16,-12809942605913.812,-10491.98898800191,-10.34627600355858,7154649348474.241,55030766.55096311
0,-1.8678539354049044e+16,-4985935877263.301,-6465.001389858023,-1.7284587863985406,8802141659541.008,20891020.016681205
1,-3.02876581132987e+16,-29854777916290.37,-10491.433895402575,-10.34572884630112,8802141659541.008,55030765.67985728
0,-3.1781641698501476e+16,-8489132901379.7295,-6464.548404784445,-1.7283378298722123,10829000000000.014,20891020.0166812
1,-5.155210321750736e+16,-50823902446724.76,-10491.26167186488,-10.345559069872731,10829000000000.014,55030765.67985729
