particle_id,x,y,vx,vy,time,energy
0,-108816437878752.88,3073756693.7078214,988.8401673060034,-0.001804560603835,5815517322893.456,57517.48436070903
0,-865004287590348.1,-86737707142.93062,-541.0724820566528,-0.0509688783024734,7154649348474.241,22910.861774225195
0,-1671777713498712.2,-162329230420.43637,-449.44857384525886,-0.04194071515208,8802141659541.008,22625.098273581083
0,-2513909655939854.5,-240687472915.07028,-388.3329128989725,-0.0360489403486947,10829000000000.014,22625.674420599946
