particle_id,x,y,vx,vy,time,energy
0,-254465111640638.72,18797417459939.5,834.0158625627889,3.2765370792998683,8802141659541.008,61038.48026252061
0,-1113405861697372.8,-409094489689456.6,-477.640257713911,-160.6681758450743,10829000000000.014,23993.82836084152
