particle_id,x,y,vx,vy,time,energy
0,-23862467470439.25,-184107657460.9385,-1297.8840578262484,-7.589085296472837,2538565384109.942,33863.795261474326
0,-445311347432344.56,-2391613212624.3296,-617.222675498218,-3.1849667014010716,3123117714735.799,23036.756680977065
0,-858559962894661.0,-4518925012730.85,-540.6113803001438,-2.778054299246529,3842274192010.384,22977.373692520632
0,-1310631937556316.0,-6839180136908.264,-485.1918216342363,-2.48769931752582,4727029947328.75,22977.63171016956
0,-1811726680641657.5,-9406221947122.504,-438.0617397753921,-2.2424187388498793,5815517322893.456,22977.778354767477
0,-2369011366074538.0,-12256985539977.557,-397.4379723257325,-2.0318751763887635,7154649348474.241,22977.767035118726
0,-2996528138337570.0,-15463574526815.3,-366.7451043719156,-1.87327930929731,8802141659541.008,22977.767035118755
0,-3713695544025986.5,-19125475739117.41,-342.6400035045801,-1.74901170673556,10829000000000.014,22977.76703511874
