particle_id,x,y,vx,vy,time,energy
0,-258351001867475.12,15270167937.863075,829.4019483878654,0.0028247952751198,8802141659541.008,59853.3444798619
1,-266506284242126.5,14625005611.159697,818.7685998915348,0.0030624839922718,8802141659541.008,57599.14858809736
0,4591994507541120.0,-656882496391.9319,2519.077495925139,-0.365461893731276,10829000000000.014,3143983.550457598
1,1040979072486950.8,-307008360156.37964,384.057752411942,-0.3537257177131053,10829000000000.014,-39528.90462597109
2,-370459394552749.1,15355817800.082644,776.9539050186345,0.0036503448464314,10829000000000.014,61985.92198286881
