particle_id,x,y,vx,vy,time,energy
0,-319618594657087.0,413393015580640.25,690.5376781642658,196.75676666373903,8802141659541.008,84268.93903617273
0,1048053795444119.8,430062495934990.9,598.2746012707756,-86.88018355308729,10829000000000.014,76208.98444256
