particle_id,x,y,vx,vy,time,energy
0,-142957340146971.25,130872268982169.31,887.7452081631855,8.486037176480385,7154649348474.241,78358.31353239552
0,668766119648083.6,-720571929308553.4,304.21196403689476,-503.3164254723865,8802141659541.008,57503.20709889478
0,1213877851654570.0,-1656031514273583.0,243.60008533300712,-429.0413474921032,10829000000000.014,57093.45681842552
1,-325945842228190.5,118401772682767.69,808.5230820976564,23.151771363478815,10829000000000.014,74732.19609241653
