particle_id,x,y,vx,vy,time,energy
0,-287575459907395.75,590763132.8752085,863.7681122077572,4.602393093965066e-05,10829000000000.014,80575.54637174436
