particle_id,x,y,vx,vy,time,energy
0,-64750527825754.29,94860405135.4057,1205.3363953725725,-0.288471778769975,5815517322893.456,73922.87684007455
0,-919452274149400.0,-3265670592580.787,-567.7578845041153,-1.912497557207564,7154649348474.241,42119.175757204415
0,-1776069237449244.2,-6139768690264.731,-482.1910682762645,-1.6130461383313508,8802141659541.008,41945.4488014191
0,-2690620339512560.5,-9193066327216.156,-427.2082561743465,-1.4240930908847496,10829000000000.014,41945.313438533434
