particle_id,x,y,vx,vy,time,energy
0,-134678198613787.4,77313484833836.92,945.716726640308,-17.947288049363827,7154649348474.241,75084.83396278787
0,112267436729583.69,-1014642902247842.4,-7.0060382266323895,-566.4235531747363,8802141659541.008,47833.51544154427
0,89142011067884.81,-2055595786696363.2,-13.881088314956276,-473.0164847932971,10829000000000.014,47486.8986625618
1,-310608631705493.94,84409047655144.44,829.8220488682468,12.955523706106645,10829000000000.014,76874.7575702222
