particle_id,x,y,vx,vy,time,energy
0,-25568797233186.29,-4216533687115.872,-1746.9864422183225,-197.63782718431085,5815517322893.456,81297.33923929837
0,-985430188499772.0,-90219557434803.56,-599.997779117988,-52.58481934383804,7154649348474.241,67514.39833674967
0,-1901696112490288.0,-170298640430486.25,-521.2401788621031,-45.46132664123856,8802141659541.008,67429.61941759361
0,-2903083488285202.0,-257525305487239.38,-473.5031669249607,-41.20659379538604,10829000000000.014,67429.66416169953
