particle_id,x,y,vx,vy,time,energy
0,-57360112532098.74,5830062211.977982,1373.3966536334335,-0.0296983240806598,7154649348474.241,93478.30847320508
0,-1155720484665074.5,-223865938279.44873,-577.5607343179145,-0.1064207899853626,8802141659541.008,63185.36688699215
0,-2231980981106479.2,-421470431276.0616,-494.94245188107755,-0.090637026767915,10829000000000.014,63042.21919731096
