particle_id,x,y,vx,vy,time,energy
0,-7466453071239.176,-18843017377340.05,-1379.064825413695,-1395.8773833865646,5815517322893.456,84785.74640560662
0,-816270795312106.0,-559918548074968.0,-508.82001306765017,-329.95701304228896,7154649348474.241,70039.07563055641
0,-1594627907859947.8,-1062891592725271.6,-443.4267929321302,-285.804054009589,8802141659541.008,69955.32739792015
0,-2447677607046318.5,-1611837073921602.2,-403.8257629641913,-259.5676182303894,10829000000000.014,69955.60990674014
