particle_id,x,y,vx,vy,time,energy
0,-58064418045650.16,175529180497058.38,857.2490279523579,85.24496006863161,4727029947328.75,98749.82038593496
0,746456681899790.2,27176572557251.754,641.6089549616602,-184.85357474060785,5815517322893.456,89893.96733508562
0,1543643882113331.2,-218110597256196.84,559.7479515897978,-179.7751940106458,7154649348474.241,89747.19736694
0,2418033930154721.5,-506317822020584.9,507.7394204874409,-170.5929063885748,8802141659541.008,89747.19999333289
0,3413052849832699.0,-844491010686066.4,477.65819099347505,-163.7243814897376,10829000000000.014,89747.19999333285
1,-233348942943586.62,188790827545987.1,876.1193350130175,13.278049850015949,10829000000000.014,101207.8071667517
