particle_id,x,y,vx,vy,time,energy
0,-348192161592757.7,508646193148753.5,715.6509578169862,190.81967792480108,10829000000000.014,109822.90172299946
