particle_id,x,y,vx,vy,time,energy
0,-36858375039520.664,-36325675349269.84,-938.7551837297526,-666.2593524450588,3842274192010.384,76623.31972816098
0,-581191676438611.4,-389414171201722.06,-538.8711430129517,-344.63738678726077,4727029947328.75,67551.09667693274
0,-1130651740086317.0,-739929334303100.5,-477.4559073820684,-304.019301939474,5815517322893.456,67515.04787553892
0,-1738082781865107.5,-1126224120356017.8,-432.9941991862339,-275.0759843752237,7154649348474.241,67515.14028652759
0,-2423447455892994.5,-1561309669684852.5,-402.369217742944,-255.2889149672172,8802141659541.008,67515.14028652757
0,-3216297492599504.0,-2064142219483123.2,-381.889706139772,-242.12032265992627,10829000000000.014,67515.14028652757
