particle_id,x,y,vx,vy,time,energy
0,-22711943617989.406,-2418276613641.3096,-1853.4890588800708,-133.78372749562362,5815517322893.456,80686.99785423395
0,-985255513229234.0,-56101369775136.195,-600.0235194111289,-32.700533145782686,7154649348474.241,66490.913857735
0,-1901163950070193.5,-105876610011178.08,-520.8400569570168,-28.246390227318635,8802141659541.008,66403.57003233556
0,-2901320913270671.0,-160047000173683.25,-472.7273240916689,-25.57966925089194,10829000000000.014,66403.6676846719
