particle_id,x,y,vx,vy,time,energy
0,-49413650185626.14,-2068803603020.8345,-1247.8593761208404,-40.16199182475184,4727029947328.75,78067.3991531959
0,-835225728971647.6,-25024879951818.098,-620.8316737109033,-17.886437436139996,5815517322893.456,67734.63156690555
0,-1610053145882473.5,-47296329024058.664,-544.8563352709207,-15.634688339075431,7154649348474.241,67680.47751033706
0,-2460285965202293.0,-71665899717673.62,-492.9178020959485,-14.115583678750529,8802141659541.008,67680.6352960082
0,-3423633816809734.0,-99237298293070.6,-461.1495128277415,-13.192475837174204,10829000000000.014,67680.6352960082
