particle_id,x,y,vx,vy,time,energy
0,-33126183030062.875,28427801664.449142,1730.6924943829522,-0.4158471138590635,7154649348474.241,98126.50474485196
0,-1178826300971970.0,-1304784498536.3943,-586.791146919216,-0.6194395530624468,8802141659541.008,69959.85654164283
0,-2275967907598033.5,-2459225128351.713,-506.22977216385544,-0.5314260438475746,10829000000000.014,69841.47831592293
1,-195799109465919.1,37471316927.107765,1001.7480561992274,-0.0138386171605207,10829000000000.014,100750.07963288628
