particle_id,x,y,vx,vy,time,energy
0,-111595635565301.48,293258733061.29443,1146.3179693750435,-0.42601839890147,8802141659541.008,98676.982264476
0,-1375671669224989.2,-9646154498554.363,-562.5749095967882,-3.7349453714337937,10829000000000.014,66221.0169733501
1,-198519281097894.9,283647455120.1288,996.5328433379252,-0.0984681497564615,10829000000000.014,100171.80683180592
