particle_id,x,y,vx,vy,time,energy
0,-53657569921036.0,-11289490709.73226,-1134.2119680184362,-0.1909347315984301,3842274192010.384,73290.6056827628
0,-697901135368961.6,-112809600470.79564,-634.9438145953252,-0.0989655594193478,4727029947328.75,64383.1429061052
0,-1344345931768867.5,-213362773525.17972,-561.0178691068222,-0.08713586586376,5815517322893.456,64345.55719085576
0,-2057267594169108.0,-323979765334.96576,-507.61313367384633,-0.0786950626271213,7154649348474.241,64345.656186865526
1,-39339673633572.03,2226249490.455971,1607.0086600241168,-0.0237109013571354,7154649348474.241,97134.94219477964
0,-2859746147276672.5,-448313304815.73535,-470.6143243949017,-0.0728816722060695,8802141659541.008,64345.656186865526
1,-1173362031531796.2,-96586823655.1015,-584.6084048951041,-0.04586874670816,8802141659541.008,68353.24719137033
0,-3786167146288931.0,-591735835759.2739,-445.84111918583346,-0.0690039756350016,10829000000000.014,64345.656186865504
1,-2265574503838195.0,-181999082331.00256,-503.5667908645627,-0.0392853426754865,10829000000000.014,68229.34819931959
