particle_id,x,y,vx,vy,time,energy
0,-107397591820390.16,-658380415727.0472,-1004.2058726576528,-5.269397603556552,4727029947328.75,116776.2277986377
0,-927121086812592.8,-4833845765984.495,-676.043999533767,-3.4220595377926752,5815517322893.456,110499.2434757207
0,-1781625043206549.8,-9153106117081.2,-607.5923747968048,-3.0680578028117913,7154649348474.241,110489.33482853184
0,-2741673453713784.5,-13997774131363.98,-563.6946104541228,-2.8432419472476016,8802141659541.008,110489.24258266504
0,-3855579895300686.5,-19614671465002.324,-538.322866160543,-2.713936056062883,10829000000000.014,110489.24258266504
