particle_id,x,y,vx,vy,time,energy
0,-93193414270078.56,-292878390806.11365,-1033.7609488992794,-2.727153885572394,4727029947328.75,105679.89584610472
0,-902081890347475.6,-2346405702168.1865,-661.060637702765,-1.6655948916683525,5815517322893.456,98615.34928717364
0,-1735091859409366.5,-4441854086429.559,-590.7213800444175,-1.4842353738048333,7154649348474.241,98598.24502369956
0,-2665611623943232.5,-6778104214359.359,-544.7372844640101,-1.3669180421710063,8802141659541.008,98598.39406563542
1,-60072184045177.18,-113237717292.1037,-1469.411708316297,-2.012716086973999,8802141659541.008,112404.0115142524
0,-3739391372889365.0,-9471646921096.973,-517.8363968504128,-1.298647177642836,10829000000000.014,98598.3940656354
1,-1517893887901505.8,-1821949636095.8496,-608.7400817596154,-0.7007137998985528,10829000000000.014,100199.30131413387
