particle_id,x,y,vx,vy,time,energy
0,-64459577921799.82,-31192474711071.75,-1295.62119323923,-450.4386501124041,8802141659541.008,116013.72321454168
0,-1464260947709808.2,-454672000219945.44,-589.1997366721379,-175.18330811434734,10829000000000.014,104538.50033649364
