particle_id,x,y,vx,vy,time,energy
0,-35711993074459.26,6837140594131.673,1992.1966805753775,-117.88020871998673,10829000000000.014,127243.42039354146
