particle_id,x,y,vx,vy,time,energy
0,4716689193488638.0,-1360186699761254.2,33819.27261228262,-9754.530272541222,10829000000000.014,619420003.3851914
1,390249030265587.94,-22934928626876.832,3036.1797256877594,-181.4745580175454,10829000000000.014,4395484.050216252
2,1.2125072991838182e+16,-8106688627166357.0,86828.63950345216,-58045.824083651554,10829000000000.014,5454256069.539997
