particle_id,x,y,vx,vy,time,energy
0,-170162498649812.4,-134388292308.42444,-996.233005963716,-0.6776601580264022,7154649348474.241,148766.7958039362
0,-1417182618887586.8,-959866016567.4615,-681.5401822868668,-0.4485078667657735,8802141659541.008,142744.69456029707
0,-2724626342352425.0,-1819128302172.1328,-618.7578053877331,-0.4063053021528766,10829000000000.014,142736.6987960143
1,-199578003030548.47,-99309196550.98372,-1050.2614133772902,-0.4346106468219048,10829000000000.014,156926.47014651378
