particle_id,x,y,vx,vy,time,energy
0,-163264652947770.47,-45365270979789.28,-943.3147574625356,-230.5538559754868,5815517322893.456,157991.22092517547
0,-1177914115595009.5,-288782924517144.9,-691.9508462636967,-165.26769831423047,7154649348474.241,153104.33729581969
1,-164688776913440.22,-36620083357711.35,-980.5258325681692,-186.73610332466365,7154649348474.241,148445.79548889602
0,-2261011033827426.0,-547186184730715.1,-630.6104215433675,-150.3349038197454,8802141659541.008,153102.82514755594
1,-1390633831209843.2,-263573870645966.97,-669.883587778333,-123.26049388781352,8802141659541.008,142378.9547889468
0,-3503119212339673.5,-843186253664132.9,-599.5382315728027,-142.83555048193415,10829000000000.014,153102.82514755594
1,-2675623969173667.0,-499692987099743.94,-608.0825911529114,-111.63788804294713,10829000000000.014,142370.67619423044
