particle_id,x,y,vx,vy,time,energy
0,-132621284203883.94,-454088394213.0668,-961.265984997414,-2.9739091861607827,3842274192010.384,154185.48525008158
0,-842734464032281.1,-2624542217602.3457,-741.1041769532923,-2.2580815299583072,4727029947328.75,150212.55537100718
0,-1612433384997265.8,-4967758852136.377,-679.7293912758876,-2.0680765229932083,5815517322893.456,150212.69506543694
0,-2491528299125858.5,-7641370678150.737,-637.9032961908521,-1.9395161887340984,7154649348474.241,150212.80495344865
0,-3519634893654024.5,-10766741051111.234,-613.0350513282007,-1.8633448578900655,8802141659541.008,150212.80495344862
1,-189843538691638.88,-290722261650.7553,-1014.2300167427086,-1.3200332591250616,8802141659541.008,154191.2537398467
0,-4744254216350987.0,-14488703492066.385,-596.9522728081578,-1.8141878607187645,10829000000000.014,150212.8049534486
1,-1708203278226875.8,-2203268674031.1406,-670.2086230971407,-0.8385361528071401,10829000000000.014,147623.55951416187
