particle_id,x,y,vx,vy,time,energy
0,-156652672884074.47,-957059005508.4412,-978.4242813853606,-5.23479131425404,5815517322893.456,147729.21146994334
0,-1186568537732716.8,-6351891560408.229,-698.3129861232411,-3.6401122289936128,7154649348474.241,142402.62084453233
0,-2277118394549153.0,-12029915388057.908,-633.5052866960383,-3.2956781239241404,8802141659541.008,142407.18172810963
1,6370765515288665.0,15869688525386.389,61988.49564694743,154.35775848711245,8802141659541.008,1921277884.2301147
2,170187388611248.2,35212409109.46493,665.275042664268,1.4265614768468582,8802141659541.008,-171691.21896549212
0,-3522413937367709.5,-18505584550115.105,-600.1119064208267,-3.1197514263953163,10829000000000.014,142407.1817281858
1,1.3201208888189069e+17,328729561412351.6,61988.17675469737,154.35696046770445,10829000000000.014,1921277936.7183237
2,458323598686186.4,1474703739809.3389,-167.85281971609902,-0.0614766812001816,10829000000000.014,-190102.571648836
