particle_id,x,y,vx,vy,time,energy
0,52984454082272.5,155459586375526.78,984.2370388633528,-115.72653678715558,5815517322893.456,170770.17663597898
1,44203594981293.5,177168316597396.0,967.6063868117744,-58.342239309678874,5815517322893.456,171768.16002908302
0,1083537659215952.0,-194321240642164.62,683.4078947696207,-269.43360795757974,7154649348474.241,163305.53884858903
1,1095465987026646.0,-100595525011848.12,702.0096737762822,-223.3087710299878,7154649348474.241,164780.85318072248
0,2147671544389912.5,-624341859892112.8,617.202463105208,-253.52392737757356,8802141659541.008,163287.09230762895
1,2189290449313344.8,-459714246417368.1,634.7215237635759,-212.76238551300287,8802141659541.008,164762.140521005
0,3360922878834049.5,-1126633570584051.5,584.9527952173974,-243.4355909673305,10829000000000.014,163287.09230762892
1,3437332701285806.0,-882241008804746.8,601.8561218571659,-205.0980643897949,10829000000000.014,164762.14052100503
2,90573896168733.77,97011044597175.06,1056.9957988875483,-603.4850208529973,10829000000000.014,179817.39090805617
