particle_id,x,y,vx,vy,time,energy
0,-150583822937612.0,425719821546767.06,627.1472041398711,550.5710767563291,3842274192010.384,180893.06915732255
0,405271392229217.25,865629901340476.9,618.7598245748101,458.2630703631716,4727029947328.75,180487.01732964907
0,1061735765530498.8,1335418480534560.8,588.517295629216,410.6678831835269,5815517322893.456,180487.24937656205
0,1830898441122955.2,1863332234743583.2,562.8731054169283,381.73799940431735,7154649348474.241,180487.53213446555
0,2743367452319605.5,2477741413434350.0,546.5601685311904,366.0970280475414,8802141659541.008,180487.53213446552
0,3839000204913385.0,3209071653603074.5,535.5967391571687,356.5699783690345,10829000000000.014,180487.5321344656
