particle_id,x,y,vx,vy,time,energy
0,-190771793133219.53,-261597416114.41904,-1013.2508915007847,-1.181660765997567,8802141659541.008,154585.00564712746
0,-1709853127871455.5,-1976629320511.5425,-670.7386503107588,-0.7522081222952672,10829000000000.014,148044.45019837137
