particle_id,x,y,vx,vy,time,energy
0,-164719253855670.7,-2727509088987.422,-1001.709511693492,-14.223270954247552,7154649348474.241,145809.07127285615
0,-1407109800032427.8,-19864565523409.797,-677.5599781194326,-9.288620804427564,8802141659541.008,139606.12480206275
0,-2705840603423553.0,-37644359163675.52,-614.1477421102462,-8.400300053189069,10829000000000.014,139596.67998020083
