particle_id,x,y,vx,vy,time,energy
0,89746948494873.36,16927883685721.867,990.2484701259264,-349.620536505989,2063423411482.4,242485.04840856817
0,504696893303923.4,-147455959464852.06,823.941997309567,-336.11331318285875,2538565384109.942,239817.71359372715
0,970146475893063.2,-338828227089444.44,774.2003199756133,-320.0146748442631,3123117714735.799,239817.95467522793
0,1513404564804343.2,-564127928557215.0,739.2839759180409,-307.38041629677275,3842274192010.384,239817.9850391008
0,2154221057912585.5,-831074744129884.4,711.6281912576653,-296.88522532112273,4727029947328.75,239818.01305883887
0,2917688349829763.5,-1149903957579727.2,693.0722522550661,-289.6494113262347,5815517322893.456,239818.0130588389
0,3836493758987285.5,-1534094971962054.5,680.3393872032963,-284.59460354481166,7154649348474.241,239818.0130588389
0,4949130666240191.0,-1999664762936130.8,671.1491961557559,-280.90056197415277,8802141659541.008,239818.0130588389
0,6301942325367191.0,-2565966817671450.5,664.2910903690037,-278.1188706395114,10829000000000.014,239818.0130588389
