particle_id,x,y,vx,vy,time,energy
0,-224828842120583.16,-37695901297354.16,-951.7725643816492,-146.0975509102903,5815517322893.456,205577.6091293577
0,-1318331632001138.0,-204053223274690.4,-760.4547959453173,-115.4051584120382,7154649348474.241,202262.40639862913
0,-2519013373634074.5,-386139755546224.56,-705.1390748591874,-106.8875820087979,8802141659541.008,202262.5139010714
0,-3917743736428933.5,-598119204024147.1,-678.8930529344602,-102.87247408616884,10829000000000.014,202262.51390107145
