particle_id,x,y,vx,vy,time,energy
0,88390138907752.19,209186840919908.84,970.435085419792,67.49329358741171,4727029947328.75,231483.84386949256
0,1040688184590786.4,190300867994874.88,820.3299137625505,-39.32687448180656,5815517322893.456,228119.42598058283
0,2095634798535002.8,131831700254720.44,761.8943778950345,-46.093277825118584,7154649348474.241,228119.5120482489
0,3321234703699796.0,54524176023114.46,730.6721592373634,-47.330955153730386,8802141659541.008,228119.5120482489
0,4783002064937124.0,-41553899440717.71,713.7698407577981,-47.3962639677267,10829000000000.014,228119.5120482489
1,225583386513782.16,57583533238399.055,901.4564739532536,-583.2937811832218,10829000000000.014,229304.8031740371
