particle_id,x,y,vx,vy,time,energy
0,-356743938958529.8,-29027410135.625095,-962.5542212420938,-0.0703687036003517,10829000000000.014,216338.53522421976
