particle_id,x,y,vx,vy,time,energy
0,-131289332915699.31,-76438980517454.98,-867.1859596726047,-466.9387536165691,3123117714735.799,217189.3164754533
0,-688475241481920.9,-374715091629772.5,-731.7380955812512,-391.0243362617359,3842274192010.384,214894.2943414019
0,-1312714063233995.8,-708110655025774.0,-684.3807675792422,-365.3762794574901,4727029947328.75,214894.52504191035
0,-2037762128160689.5,-1095103251496650.6,-650.9989222918334,-347.40477975217357,5815517322893.456,214894.5603658501
0,-2894165247389173.5,-1552070117475486.5,-630.433246383558,-336.3643007086594,7154649348474.241,214894.5603658502
0,-3920852583962982.5,-2099824074244954.5,-617.257719728239,-329.303348965051,8802141659541.008,214894.56036585016
0,-5161883492801296.0,-2761887767104634.5,-608.1589590903894,-324.4327499256255,10829000000000.014,214894.56036585016
1,-319827201303231.75,-35079044460519.324,-964.235390197523,-93.71603049271668,10829000000000.014,201671.01809292153
