particle_id,x,y,vx,vy,time,energy
0,-374548172397110.25,-1336827930678.5747,-993.8028277873392,-3.3482363706932423,7154649348474.241,291283.7080780984
0,-1851247563149337.5,-6292405609020.505,-849.4811689095491,-2.847167830249711,8802141659541.008,289289.0644299175
0,-3523001978044731.0,-11893607024013.531,-808.6336706775214,-2.70879880298667,10829000000000.014,289289.02237545326
