particle_id,x,y,vx,vy,time,energy
0,108959374054970.8,-35154460091003.043,898.8603287385823,-594.1427140786217,2063423411482.4,301559.4789233857
0,497746639250272.06,-300383945795198.75,780.644311807562,-537.6861764807754,2538565384109.942,299898.146960118
0,940942134999632.4,-606547215230968.5,740.2157015027049,-512.373952823564,3123117714735.799,299898.3353616579
0,1462214487923510.5,-967822790431937.4,711.6284316217337,-493.6818018670273,3842274192010.384,299898.34836362884
0,2081231793582476.0,-1397557837710931.2,689.9266911016343,-479.2118428815632,4727029947328.75,299898.90960113343
0,2823814242273737.0,-1913519244795583.2,675.9409952598423,-469.77756241470735,5815517322893.456,299898.9096011334
0,3721996574391903.0,-2537865185179522.5,666.3852464040233,-463.2820989952336,7154649348474.241,299898.90960113343
0,4813720249889674.0,-3296925181966936.5,659.5223282130812,-458.5921337404405,8802141659541.008,299898.90960113343
0,6144892202787593.0,-4222595957849974.5,654.4265366114291,-455.0962367749686,10829000000000.014,299898.90960113343
