particle_id,x,y,vx,vy,time,energy
0,-337424702381819.9,-108354813000118.05,-944.024631347742,-283.5127373216119,7154649348474.241,276074.1743965824
0,-1729192061452259.5,-524281657761565.06,-798.2901970147027,-238.20575265349535,8802141659541.008,273851.6483356928
0,-3297301313167395.5,-992001428767493.4,-757.4601088117737,-225.8744433869275,10829000000000.014,273851.69445309596
