particle_id,x,y,vx,vy,time,energy
0,-383739152680491.06,-41608357951.65637,-998.2941752956064,-0.1023924665342846,7154649348474.241,298786.8411746812
0,-1872361803785468.8,-193732946280.92947,-857.498456488853,-0.0875259893881549,8802141659541.008,296889.3895265053
0,-3561359296724359.5,-366074857220.8089,-817.4876279938136,-0.0833996962712465,10829000000000.014,296889.550734762
