particle_id,x,y,vx,vy,time,energy
0,-528573191069292.8,-16755139284.252602,-982.518957065204,-0.0292118659083413,10829000000000.014,298856.0354699085
