particle_id,x,y,vx,vy,time,energy
0,-235561761857931.1,-318062396392.9406,-1094.3332798339814,-1.4320122438789713,3123117714735.799,380597.24242174183
0,-976618950304965.8,-1286573178398.8103,-994.2839164439276,-1.2988485221873831,3842274192010.384,379801.2678022813
0,-1835025974139258.5,-2407733563211.717,-950.7013970172876,-1.241561022041212,4727029947328.75,379801.3761349976
0,-2852885382245591.0,-3736908258886.179,-923.37012309694,-1.2057303536098751,5815517322893.456,379802.1217905498
0,-4077973605868137.0,-5336578430416.575,-908.1139072342182,-1.185756117813756,7154649348474.241,379802.1217905497
0,-5565336014082396.0,-7278656612379.154,-898.4882630401058,-1.1731634140570657,8802141659541.008,379802.1217905497
0,-7379188723034368.0,-9647004567809.191,-891.9425675871099,-1.1646043227820022,10829000000000.014,379802.12179054966
1,-703575929179105.5,-252927159236.09512,-1044.5663088095064,-0.3605319498500429,10829000000000.014,395916.5379817164
