particle_id,x,y,vx,vy,time,energy
0,-533835569681561.2,-245276807996967.47,-965.1359877245249,-424.1883274930471,8802141659541.008,394975.16475631535
0,-2355061871460778.0,-1044039048634655.2,-864.3933349369254,-378.8357957694493,10829000000000.014,393844.8818144865
