particle_id,x,y,vx,vy,time,energy
0,-44973298572701.48,694938733056692.2,772.3568700668642,742.6653407274586,4727029947328.75,436700.9072014229
0,788436388064599.5,1462273812609286.8,755.5979642846495,678.2415287642511,5815517322893.456,436669.93093132554
0,1785831507968082.0,2347128882652302.5,736.5091808173942,648.7404610154115,7154649348474.241,436669.99741256534
0,2989605588429315.0,3403918144527585.5,726.1584877860197,636.0849888953421,8802141659541.008,436669.9974125654
0,4454455492271962.5,4685455102205189.0,719.9671784165847,629.3099301442251,10829000000000.014,436669.99741256534
