particle_id,x,y,vx,vy,time,energy
0,-371331175134303.6,-145626831642758.53,-994.2739043730644,-374.2757893483767,5815517322893.456,378551.7993816869
0,-1613983691018011.8,-612522530656294.4,-891.8073600491662,-334.84812408387614,7154649348474.241,377501.6744001083
0,-3048173664457250.5,-1150903730554727.8,-856.2437480581333,-321.3863585042251,8802141659541.008,377501.7039655487
0,-4766043933086286.0,-1795662714992941.8,-841.1015148800863,-315.6752143122011,10829000000000.014,377501.70396554866
