particle_id,x,y,vx,vy,time,energy
0,-469353486128221.7,-22278377959722.035,-1046.6791146276569,-47.73249114313109,7154649348474.241,372553.852385781
0,-2070708043757993.2,-95162651558218.31,-932.17735109592,-42.39784885119007,8802141659541.008,371372.34165323374
0,-3919760811310339.0,-179246633023545.28,-899.2755317085596,-40.88953819787526,10829000000000.014,371372.3416532337
