particle_id,x,y,vx,vy,time,energy
0,255945362657205.16,-15434613276538.584,1059.731677781617,-389.5633568908138,3842274192010.384,420940.189499824
0,1131223686794758.8,-349284460197461.8,952.6608287735344,-367.8317685712019,4727029947328.75,419866.8441369099
0,2143150116840019.5,-741560040949377.2,911.6884547657534,-354.34853952406377,5815517322893.456,419866.91596097936
0,3348072783040468.0,-1210472749206300.0,890.977752723311,-347.0219290751049,7154649348474.241,419866.9159609793
0,4805566161885810.0,-1778402629204909.5,879.7337519073136,-342.90885775247057,8802141659541.008,419866.9159609794
0,6580828848394539.0,-2470516885739343.5,872.7409679616103,-340.3023746478258,10829000000000.014,419866.91596097936
