particle_id,x,y,vx,vy,time,energy
0,-593199749395642.5,-1251888851332.1538,-1055.6279536019297,-2.1442330910226066,8802141659541.008,397445.67288573383
0,-2586250107101545.0,-5292949253468.777,-946.1936919176104,-1.917287445490327,10829000000000.014,396343.8387873136
