particle_id,x,y,vx,vy,time,energy
0,595726994706542.0,146199304513271.53,1060.4536249038135,-241.02573653652365,10829000000000.014,426288.5248946799
