particle_id,x,y,vx,vy,time,energy
0,6154593423789584.0,-143042429477753.16,19119.415948500173,-443.9023411009993,5815517322893.456,182853006.82994017
1,5.674525651261133e+16,-8055534448455810.0,175728.26444600907,-24943.48514404631,5815517322893.456,15751297873.332323
0,3.175710193827765e+16,-737465041835516.8,19118.507668107093,-443.8812374026188,7154649348474.241,182853006.3884603
1,2.920685924686759e+17,-4.145815263997598e+16,175728.2666657035,-24943.483615121324,7154649348474.241,15751300090.350756
0,6.32545865099937e+16,-1468753417551708.0,19118.398945085057,-443.8787127580889,8802141659541.008,182853006.38846037
1,5.815795593762477e+17,-8.255234992807664e+16,175728.2654168351,-24943.48343784964,8802141659541.008,15751300090.350756
0,1.0200482399444582e+17,-2368431553841969.5,19118.357302093485,-443.87774583836494,10829000000000.014,182853006.3884603
1,9.377558592291484e+17,-1.331092572944663e+17,175728.26493830202,-24943.48336992437,10829000000000.014,15751300090.350754
