particle_id,x,y,vx,vy,time,energy
0,-85578426038088.12,26653887.74711512,852.9727690063398,9.435517244992213e-06,3123117714735.799,-5034.793807676353
0,-428272330992988.6,-618449240.2963839,-508.2571485272659,-0.0006789808941346,3842274192010.384,-42126.25168986703
0,-827677308435182.0,-1147728143.0344844,-407.4053693977707,-0.0005364990515078,4727029947328.75,-42630.81127724018
0,-1229614396361204.5,-1674517407.687837,-335.82148251653683,-0.0004381832245887,5815517322893.456,-42631.51109344689
0,-1635186999273027.0,-2201446542.996803,-272.8833831440426,-0.0003529844987571,7154649348474.241,-42631.3651425773
0,-2033281844809803.5,-2713893371.4748616,-212.69412428104292,-0.0002723118087638,8802141659541.008,-42631.258679128994
0,-2406041313775334.0,-3188153725.833776,-158.1792797653361,-0.0001998125885162,10829000000000.014,-42631.258679128994
