particle_id,x,y,vx,vy,time,energy
0,-181226279191894.97,52797841.1012918,737.545114135145,3.4826275346977215e-05,4727029947328.75,-3623.4964587632567
0,-577817532798518.4,-962503830.3577543,-467.664921181864,-0.0007007005307716,5815517322893.456,-43028.981279739586
0,-1115520730421630.8,-1756510621.8938124,-351.03956893695795,-0.0005121845698792,7154649348474.241,-43996.6035610684
0,-1622486417174831.5,-2489035032.6268663,-269.61377324197065,-0.0003857202711917,8802141659541.008,-44042.249540170786
0,-2091698012912550.5,-3153059918.5606604,-196.90713715530873,-0.0002751868444914,10829000000000.014,-44042.14748165582
