particle_id,x,y,vx,vy,time,energy
0,-680915451362543.5,123999805590.05936,550.2818105140785,0.0512414239879167,10829000000000.014,-1763.2192703002947
