particle_id,x,y,vx,vy,time,energy
0,-256067666722739.03,73993525.40193719,688.476004811389,4.6268873899611555e-05,5815517322893.456,-3058.9378461668093
0,-666052176307871.5,-1185810331.5918062,-447.7874816046556,-0.000702948371564,7154649348474.241,-43517.08090107431
0,-1284561057340758.0,-2137150662.040706,-320.5865715819688,-0.000484485397412,8802141659541.008,-44827.25653609317
0,-1839278147725417.5,-2962839576.4172883,-232.34325237161212,-0.0003401361859715,10829000000000.014,-44973.77560932912
1,-680894589599499.2,88330652.9355484,550.2947639958659,3.6501169943748894e-05,10829000000000.014,-1759.4355940344683
