particle_id,x,y,vx,vy,time,energy
0,-126090798656261.44,1028777443961.576,791.2089301102839,0.6277119141596024,3842274192010.384,-4270.664024308906
0,-498116284356894.3,-21187014768416.496,-487.57452810510455,-18.94562058437765,4727029947328.75,-42554.935440715606
0,-962444159156418.8,-39037325358684.305,-379.66941780155435,-14.47164686035257,5815517322893.456,-43259.345895981605
0,-1416710213441811.0,-56237581083875.87,-303.69117396976065,-11.424870287282504,7154649348474.241,-43269.30204861411
0,-1858908620161880.0,-72764108300513.86,-236.16875823827576,-8.764003957810573,8802141659541.008,-43269.30305353869
0,-2270564080773103.0,-87913800810664.95,-173.77550147915144,-6.335050548572502,10829000000000.014,-43268.94355955269
