particle_id,x,y,vx,vy,time,energy
0,-126059314774099.78,1306565183486.9055,791.2906102956565,0.7967473166096675,3842274192010.384,-4249.8237818896305
0,-497870776862530.2,-26905083991754.23,-487.3922569459929,-24.060499198887232,4727029947328.75,-42529.04207123474
0,-962041831841510.0,-49575326636786.83,-379.5539835813327,-18.379868676062824,5815517322893.456,-43233.16430045564
0,-1416185456919109.8,-71421438764384.58,-303.62080877153363,-14.511323159443029,7154649348474.241,-43243.09321821527
0,-1858302817205483.5,-92413678782721.0,-236.13910061056285,-11.13283186039816,8802141659541.008,-43243.09412676205
0,-2269944023258585.0,-111660026041130.14,-173.79137694043425,-8.049202669963382,10829000000000.014,-43242.981942820305
1,-680910844937980.1,1622392083961.3557,550.2843815324825,0.6704328494991731,10829000000000.014,-1762.0110750927995
