particle_id,x,y,vx,vy,time,energy
0,-181605252422661.72,15181481081699.87,736.2484797958335,10.079466083575664,4727029947328.75,-3605.330954694364
0,-510911420329142.4,-261160521693601.28,-428.5820246538306,-193.61649566087743,5815517322893.456,-42360.9367611177
0,-1005035354029398.4,-480694574203205.3,-323.43022483707585,-141.74956860123925,7154649348474.241,-43349.262811453555
0,-1473335585824108.5,-683698805169705.4,-249.7525798567515,-107.06842053097652,8802141659541.008,-43395.37438450082
1,-495092619953371.6,15068624270056.87,595.9345486225742,7.314940680911089,8802141659541.008,-2151.652802351018
0,-1909511159360585.5,-868445020771774.9,-183.85480241578244,-76.80497735463919,10829000000000.014,-43395.47264129496
1,-845302045068066.2,-179036468126239.44,-406.222625728373,-71.13099700270836,10829000000000.014,-44335.27331184629
2,-681105959268105.9,15415149215512.994,550.137351178414,6.371237253588273,10829000000000.014,-1763.989325370465
