particle_id,x,y,vx,vy,time,energy
0,-256648249318376.97,21039036412394.125,687.1788738969929,13.213255472349086,5815517322893.456,-3041.9189882610517
1,-256573779282167.38,19045187348325.867,687.3695508605857,11.952998350396248,5815517322893.456,-3057.00720386405
0,6048902511929612.0,-6603095742269994.0,5689.367444965421,-6213.327495790436,7154649348474.241,35472354.549894996
1,1.418257222673268e+17,-1.3454028108191652e+18,133304.99964818178,-1264505.5384570498,7154649348474.241,808372239761.8088
0,1.542131646273445e+16,-1.6838658707725736e+16,5688.645352877634,-6212.539159318758,8802141659541.008,35472353.862885065
1,3.614446831432148e+17,-3.4286659568542387e+18,133304.99889613388,-1264505.53442174,8802141659541.008,808372234618.4724
0,2.6951155543440604e+16,-2.943033432831634e+16,5688.446037550763,-6212.321517362274,10829000000000.014,35472353.86288507
1,6.316350319790935e+17,-5.991639545838064e+18,133304.99889477665,-1264505.5344088655,10829000000000.014,808372234618.4725
