particle_id,x,y,vx,vy,time,energy
0,-39411819239092.48,30880489931172.78,916.4220107646584,-8.017934506992741,2063423411482.4,-5934.250699390017
0,139779089071573.94,-252515096388769.56,192.19567924808464,-547.4056975884127,2538565384109.942,-29351.8557908207
0,237945377977847.0,-544412566113099.4,150.6211852030465,-462.2221543983478,3123117714735.799,-29728.532333199502
0,336611546622507.0,-853866196498811.0,125.91461870362934,-402.534604669051,3842274192010.384,-29728.250371264192
0,438846095697783.5,-1186208326052636.0,106.4065041873568,-351.38478390395494,4727029947328.75,-29727.99508544481
0,544855014961067.25,-1541722687461470.8,89.22495969647252,-303.8307428525342,5815517322893.456,-29727.802314612905
0,653099541801983.8,-1916377458805068.5,73.12244452752122,-257.4090976271112,7154649348474.241,-29727.00153159052
0,761217752268882.6,-2303833504873566.5,59.04265620937066,-215.45478727171104,8802141659541.008,-29727.001531590504
0,867997261998806.6,-2701143127277283.5,46.999465918741265,-178.49807876811778,10829000000000.014,-29727.001531590508
