particle_id,x,y,vx,vy,time,energy
0,-431455746310499.94,370445289230114.7,455.942191132148,313.226609714922,5815517322893.456,-671.9958488711563
0,233190969945416.88,672266732601034.9,499.6084398469947,136.4764506887594,7154649348474.241,-4263.26185591481
0,995355699455462.4,798239326006292.6,425.41562591796526,35.70424623049213,8802141659541.008,-5555.388506363583
1,-667721106045852.2,435362551613586.6,452.4551084808759,240.86658201542411,8802141659541.008,-795.9294830430299
0,1779598144827263.2,819147935849061.8,352.16597167975755,-8.748620463851301,10829000000000.014,-5671.568959013937
1,372615044644252.2,687306562047534.0,512.5227819736892,-14.903960272413116,10829000000000.014,-7414.004539115966
2,-824413627191151.0,430084763470813.25,454.9011941287691,191.91434945593153,10829000000000.014,-924.3223370692868
3,-790596678913588.5,378227219836417.7,475.5654543331555,166.862689289502,10829000000000.014,-1075.2514764210064
