particle_id,x,y,vx,vy,time,energy
0,-357546362118227.06,248651055.6971869,641.7982996559175,0.0001391125790514,7154649348474.241,-2585.3933462526184
0,-762632865520373.2,-3470820656.595176,-428.7137955629568,-0.0016766464361798,8802141659541.008,-44053.22365220389
0,-1469145078575262.2,-6153075646.09733,-288.30170666631534,-0.0010649861688372,10829000000000.014,-45807.41013937053
1,-680955482799372.6,274379649.78463393,550.2569596289657,0.0001133865045026,10829000000000.014,-1770.4858947875036
