particle_id,x,y,vx,vy,time,energy
0,-85458906574425.84,2643547994.9453387,853.4533898866135,0.0009262111383177,3123117714735.799,-4941.768744471949
0,-428489891257498.4,-61402967497.454575,-508.5073368225091,-0.0674194702740783,3842274192010.384,-41960.6330416765
0,-828150233723213.9,-113966696710.11163,-407.7216896549759,-0.0532891187627688,4727029947328.75,-42463.46243196429
0,-1230456977945155.0,-166299717404.9201,-336.1826369640605,-0.0435381167282065,5815517322893.456,-42464.129513561005
0,-1636545451114569.2,-218666938773.2928,-273.2919612890588,-0.0350889237683969,7154649348474.241,-42463.983494665066
0,-2035360426027068.8,-269624715303.1884,-213.16692282438925,-0.0270909133265705,8802141659541.008,-42463.94825019405
0,-2409207320069770.5,-316841846327.3201,-158.77776240897114,-0.0199120021797202,10829000000000.014,-42463.94825019405
