particle_id,x,y,vx,vy,time,energy
0,-181036448483914.97,5297155030.809342,737.9107406659435,0.0034890678004587,4727029947328.75,-3527.89320537413
0,-578039421834753.2,-96643488761.66904,-467.7591824994106,-0.0703505707839992,5815517322893.456,-42954.120100642016
0,-1115913445831259.6,-176373403108.6116,-351.1895406731053,-0.051437697613354,7154649348474.241,-43919.98105433098
0,-1623154858181043.5,-249949569142.66992,-269.79646040862843,-0.0387486336765887,8802141659541.008,-43965.29667953843
0,-2092773474538816.5,-316670909171.25793,-197.1321694748685,-0.0276597290645342,10829000000000.014,-43965.21519518477
