particle_id,x,y,vx,vy,time,energy
0,-494534458649002.8,834941409768.7739,596.4361761192985,0.4050292308618886,8802141659541.008,-2068.8025956721685
0,-866606558246961.2,-10048030537923.797,-411.53717517451946,-3.965868822236168,10829000000000.014,-44407.98607723469
