particle_id,x,y,vx,vy,time,energy
0,-182390842814439.3,28341181285832.06,733.3805844566797,19.0902208361895,4727029947328.75,-3484.3540196403046
0,-369695222765077.9,-426976229439643.06,-343.1365862338226,-330.6626774757267,5815517322893.456,-40683.794026573494
0,-768613028198226.1,-802559987227467.9,-263.0657877038691,-243.11235277160452,7154649348474.241,-41718.83231576408
0,-1152177385738081.5,-1151892555279970.2,-206.08774803123387,-184.97515379686376,8802141659541.008,-41765.60237166042
0,-1515353787665446.2,-1472843136063970.8,-154.7949374395234,-134.438511455259,10829000000000.014,-41765.72908068435
1,-681146850410065.9,30643741240329.895,550.0347885573913,12.668366946428057,10829000000000.014,-1671.6505144569674
