particle_id,x,y,vx,vy,time,energy
0,-494671283402835.5,14284573890848.91,596.2787357183964,6.931412736836881,8802141659541.008,-2056.211129457457
0,-847896482556229.8,-170107899603998.9,-406.85297750095754,-67.53483253456731,10829000000000.014,-44250.13956769358
