particle_id,x,y,vx,vy,time,energy
0,-494545655609744.3,6823651845639.639,596.4164758815143,3.3102976260906845,8802141659541.008,-2061.267696594994
0,-862384304606099.9,-81924353887292.9,-410.4822894345968,-32.377287595328326,10829000000000.014,-44367.28819811682
1,-680365591881839.4,7023168563910.315,550.6177861643421,2.9014304010644927,10829000000000.014,-1656.391799854522
