particle_id,x,y,vx,vy,time,energy
0,-257392115446814.12,34087399455765.715,685.3748996301956,21.541121433475453,5815517322893.456,-2936.2350082679477
0,-456337685731631.2,-463786414407168.9,-350.53736125360587,-292.9131370812541,7154649348474.241,-41395.87884798422
0,-946427582394459.0,-861310900195741.9,-256.9846412007478,-203.32935496947715,8802141659541.008,-42785.76843187932
0,-1396346155224703.2,-1210025810568393.5,-190.99959225729756,-144.81170939402253,10829000000000.014,-42932.487531833736
1,-681530162168695.6,36828601598888.39,549.7512908423695,15.230276488201769,10829000000000.014,-1681.866734551615
