particle_id,x,y,vx,vy,time,energy
0,-258679006703896.0,46323738015656.4,682.580336879119,29.538534394369417,5815517322893.456,-2901.4181311651773
0,-316133559592092.0,-555044069490944.75,-280.818108305031,-368.8496543485572,7154649348474.241,-39842.02679959385
0,-714054579227553.0,-1056704130686180.6,-211.10224894056583,-257.4200241312513,8802141659541.008,-41297.56273291294
0,-1087610669946769.6,-1500175468951745.0,-160.44146334174653,-185.20384328430336,10829000000000.014,-41445.52872825439
