particle_id,x,y,vx,vy,time,energy
0,-757765648821123.0,319391071326186.06,496.3810288735641,138.9808922629969,10829000000000.014,-1132.852358266624
