particle_id,x,y,vx,vy,time,energy
0,-261644093358343.6,66971240045318.37,676.2807979256372,43.54461602270785,5815517322893.456,-2792.582034958934
0,-72702298483356.8,-610299960365698.2,-146.99400300010203,-454.26182745380584,7154649348474.241,-36640.68988763381
0,-293705398519315.44,-1231310774122965.0,-122.57174892201982,-320.86356018670324,8802141659541.008,-38239.68835793697
0,-518295299477466.06,-1789074639703860.8,-99.91139257209,-235.51126849012456,10829000000000.014,-38391.38491179483
