particle_id,x,y,vx,vy,time,energy
0,-181051510895731.03,281076143.41356015,737.8817181071018,0.0001851570860433,4727029947328.75,-3535.479628657922
0,-578017579339896.9,-5127683361.700619,-467.7458373824197,-0.0037326349702242,5815517322893.456,-42963.394093725365
0,-1115869113997424.0,-9357895522.864555,-351.17031332065943,-0.0027290756118116,7154649348474.241,-43929.4400728495
0,-1623075549498884.8,-13261483151.688402,-269.7734352269601,-0.0020557711865374,8802141659541.008,-43974.793587873995
0,-2092643069533126.8,-16801222383.272224,-197.10400774259136,-0.0014673617271962,10829000000000.014,-43974.718053303804
