particle_id,x,y,vx,vy,time,energy
0,-55679335538750.7,2208562214.37372,930.7850841937642,-0.0009894311151106,2538565384109.942,-5767.6904985383735
0,-366837379854223.94,-57873622041.6733,-529.0633510073693,-0.0780133325673403,3123117714735.799,-41342.35080346584
0,-709046940967977.2,-108022839985.35922,-434.32613524656136,-0.063347761783271,3842274192010.384,-41695.62082317198
0,-1061372640878411.8,-159231186228.4207,-366.63838737678134,-0.053119571079783,4727029947328.75,-41695.37863724746
0,-1426783467275383.5,-212017394905.82016,-307.6703972719719,-0.0443170752044015,5815517322893.456,-41695.11553342685
0,-1799982229026528.5,-265610777779.1034,-251.85974321345145,-0.0360537206090446,7154649348474.241,-41694.99304170864
0,-2168013523229881.5,-318101238729.2707,-197.48763236132095,-0.0280535402277542,8802141659541.008,-41694.95413553719
0,-2516228014112719.5,-367335689226.25366,-148.5393669053816,-0.0208896827016499,10829000000000.014,-41694.95413553719
