particle_id,x,y,vx,vy,time,energy
0,-494049726815709.5,845291171.5154868,596.8265417411328,0.000409858369801,8802141659541.008,-1953.208075145405
0,-867299819825176.6,-10186560032.316874,-411.69096316880126,-0.0040202153962062,10829000000000.014,-44285.57150611459
