particle_id,x,y,vx,vy,time,energy
0,-494002246827208.0,2902964531.396361,596.8647729309993,0.0014075029614174,8802141659541.008,-1941.867107076716
0,-867362852581850.5,-34988152593.01845,-411.7057569638428,-0.0138083351404884,10829000000000.014,-44272.83691814685
