particle_id,x,y,vx,vy,time,energy
0,-493992914598175.5,6355944413.5263815,596.8722875124915,0.0030816532385935,8802141659541.008,-1939.637957738887
0,-867373175558253.0,-76607080221.88036,-411.70677335229783,-0.0302334134909067,10829000000000.014,-44271.32982344089
