particle_id,x,y,vx,vy,time,energy
0,-494123749256837.0,309949840588.19403,596.7669196478314,0.1502968631549002,8802141659541.008,-1970.8664002061996
0,-867194578244749.2,-3734405636285.2505,-411.6674088836295,-1.4738330507786652,10829000000000.014,-44304.429098950466
