particle_id,x,y,vx,vy,time,energy
0,-85358038571315.34,3104905224969.4907,853.7123353236332,1.0824605062382655,3123117714735.799,-4838.193311115028
0,-422360360577441.1,-71656380534174.38,-502.7758454582601,-78.80475493446534,3842274192010.384,-41770.2465884829
0,-817633598594424.2,-133106919281346.69,-403.3548798398535,-62.309368064069936,4727029947328.75,-42273.07555860585
0,-1215735366777699.5,-194310132943392.28,-332.75892305969626,-50.92830205781153,5815517322893.456,-42273.72488472735
0,-1617815790777773.5,-255582265569060.56,-270.69020866905134,-41.06804036746705,7154649348474.241,-42273.57881181795
0,-2013017657872967.2,-315247745364187.1,-211.3608473662217,-31.737395717512623,8802141659541.008,-42273.5471055044
0,-2384037506643390.5,-370611769840132.5,-157.75516309831758,-23.37330157172343,10829000000000.014,-42273.5471055044
