particle_id,x,y,vx,vy,time,energy
0,-180981500747309.16,9768723419634.096,737.778486098041,6.441675206936752,4727029947328.75,-3413.4923419471597
0,-549748242660509.25,-174088755917134.25,-451.3268526748759,-127.69108989328512,5815517322893.456,-42545.37810146733
0,-1069396399535386.4,-318873104111068.6,-339.7092440878366,-93.4650267936305,7154649348474.241,-43517.28120236375
0,-1560672209806837.5,-452671331497998.8,-261.6663431594396,-70.5310655578941,8802141659541.008,-43562.26581839275
1,-494053566882402.8,10417690937145.965,596.7980869966649,5.051688153435591,8802141659541.008,-1929.9634106196172
0,-2016947859062903.2,-574282018237865.9,-191.9723657158332,-50.50864312109267,10829000000000.014,-43562.35425866765
1,-857344510465536.0,-124856178595076.02,-409.1970135227816,-49.42903618146167,10829000000000.014,-44183.75148296403
