particle_id,x,y,vx,vy,time,energy
0,-632082929696725.8,391855542790019.8,478.4212896720852,214.08496202548983,8802141659541.008,-793.185962696909
0,468335469931956.94,531037426027895.94,518.33005689767,-101.50592460339456,10829000000000.014,-9485.353947825031
1,-832444872519865.8,443192637068948.75,450.0235109098861,198.26053285516377,10829000000000.014,-665.8547924853629
