particle_id,x,y,vx,vy,time,energy
0,-462474285145592.4,317604621276346.8,521.1669084341161,209.6983825269496,7154649348474.241,-1034.611603153462
0,482268756101837.2,390259598024299.5,524.8566939026684,-119.5905084411543,8802141659541.008,-10285.431862673344
0,1351428463263372.0,59531158960135.734,357.5465946225426,-178.4925887883865,10829000000000.014,-13393.389274287169
