particle_id,x,y,vx,vy,time,energy
0,-148941463976686.75,171594091979257.28,614.1408218032275,251.34905564223743,3123117714735.799,-1493.9672307329893
0,302791640877963.2,249671819334819.3,583.8336779097788,9.734692684693815,3842274192010.384,-7560.295688811602
0,771482409485776.5,230335949514971.97,486.5096183248761,-39.86944837369278,4727029947328.75,-8338.904172190683
0,1260415726151917.8,177327909359929.16,416.8031680896558,-54.67116693289569,5815517322893.456,-8341.522964613483
0,1776919365679567.0,99571051306331.42,357.80432416748783,-60.324785880719645,7154649348474.241,-8341.383138238205
0,2320878018764254.5,-1446882825015.746,306.32812987771837,-61.7276964721529,8802141659541.008,-8341.363603795297
0,2898501263647120.0,-125893750606890.5,266.5968552939714,-60.85286668885389,10829000000000.014,-8341.363603795297
