particle_id,x,y,vx,vy,time,energy
0,-125551556444113.8,429845048.6044162,792.6831200018689,0.0002594839284713,3842274192010.384,-3932.039969505393
0,-499324368614578.75,-8883974969.537941,-488.44788050679335,-0.0079428312902361,4727029947328.75,-42190.25218346217
0,-964676666645467.6,-16371398321.390833,-380.6542795417471,-0.0060730538120667,5815517322893.456,-42888.67802967579
0,-1420305665563489.5,-23592929611.391376,-304.7396524851559,-0.0047992427340215,7154649348474.241,-42898.17861646349
1,-356322575885692.9,456545250.8478155,643.0916670546013,0.0002548628742926,7154649348474.241,-2206.203213767818
0,-1864294441548762.5,-30539929037.17766,-237.2947479081797,-0.003687000874692,8802141659541.008,-42898.17818122107
1,-764268126828807.4,-6398673210.464754,-429.24669800386033,-0.0030907942146954,8802141659541.008,-43638.697060467224
0,-2278418697834856.5,-36922137797.51659,-175.11185475865034,-0.0026738696060693,10829000000000.014,-42898.20409573748
1,-1472361104008161.5,-11349799229.050142,-289.2547302463114,-0.0019686537929715,10829000000000.014,-45378.604359071105
