particle_id,x,y,vx,vy,time,energy
0,-33874555952989.14,117176043925.32983,1038.9903587842832,-0.332770940744434,2063423411482.4,-6878.026528200135
0,-312969001227576.56,-3494056127459.8984,-549.4178483647064,-5.7808424490955455,2538565384109.942,-40725.20957591539
0,-604799442143206.2,-6549725020046.769,-459.8171826445852,-4.796968369326923,3123117714735.799,-40970.33419329501
0,-910780079538118.8,-9733344205656.64,-395.4938855049001,-4.105278420978175,3842274192010.384,-40970.047005593005
0,-1234843065968131.5,-13090051086065.328,-339.86740930538986,-3.513328582225741,4727029947328.75,-40969.78425235981
0,-1575262329336211.2,-16601966980835.523,-287.7337166054906,-2.962346818930589,5815517322893.456,-40969.57337566509
0,-1925001533315326.0,-20194630783829.58,-236.31820805768237,-2.4217573682266504,7154649348474.241,-40969.49271339788
0,-2271319284225253.5,-23733813577473.48,-186.74978869943496,-1.9027762360728588,8802141659541.008,-40969.55329326641
0,-2601943516456430.0,-27090654405751.516,-141.53875153249038,-1.431201356666138,10829000000000.014,-40969.5532932664
