particle_id,x,y,vx,vy,time,energy
0,-180488410999119.03,101382280036.34532,738.9680309587078,0.0664983806579627,4727029947328.75,-3251.7856032807613
0,-578782140316416.4,-1854459438681.835,-468.1752309207613,-1.3498887933884656,5815517322893.456,-42655.240495099526
0,-1117368898970345.8,-3385133042526.83,-351.80276518029956,-0.988016325646724,7154649348474.241,-43614.911753591645
0,-1625728799093021.0,-4799148891753.9795,-270.5339711160142,-0.7451503334550791,8802141659541.008,-43658.9994666853
0,-2096985384160060.8,-6083349845232.868,-198.03515641808116,-0.533049345826889,10829000000000.014,-43659.05869001262
1,-678999654887554.8,100519878920.64143,551.4719178577483,0.0414959414802104,10829000000000.014,-1415.225633361173
