particle_id,x,y,vx,vy,time,energy
0,-125502006632534.56,1281940701460.9592,792.8084086535439,0.7731814149193111,3842274192010.384,-3898.2865147466073
0,-498657160178116.0,-26483174579690.08,-487.9529322568013,-23.681949138830365,4727029947328.75,-42145.94258159622
0,-963568788326907.2,-48808538365410.71,-380.3173551331077,-18.10910154402905,5815517322893.456,-42843.977687808525
0,-1418823122058045.8,-70343511911379.086,-304.50989324600505,-14.312514224218797,7154649348474.241,-42853.43722104157
0,-1862515555534716.0,-91062909908357.69,-237.1606849399942,-10.997584873344952,8802141659541.008,-42853.436632124816
0,-2276474785271512.5,-110102991389045.4,-175.08099690709278,-7.978815502717701,10829000000000.014,-42853.45432934588
