particle_id,x,y,vx,vy,time,energy
0,-255281492367911.56,753778785174.7765,689.5845901592686,0.4700417012509318,5815517322893.456,-2746.2809347766743
0,-666947961181064.2,-12114927304180.885,-448.1371921499371,-7.1810135158056445,7154649348474.241,-43209.22357468384
0,-1286301262805971.5,-21840565598490.93,-321.2122824008792,-4.956592151121231,8802141659541.008,-44510.91344725048
0,-1842476436920839.2,-30294890096918.43,-233.1475952849023,-3.486282627655075,10829000000000.014,-44654.30015053366
1,-679073312141745.9,957355716435.2968,551.4260340298136,0.395224963866092,10829000000000.014,-1428.4883230139676
2,-679001122083904.1,939193767940.4167,551.4709087569792,0.3877120774260889,10829000000000.014,-1415.3682969599904
