particle_id,x,y,vx,vy,time,energy
0,-85191288960253.02,4373296562074.4346,854.2387410577436,1.5081454592417327,3123117714735.799,-4683.68782943493
0,-416477393934274.1,-100348416863882.84,-497.2580872080785,-110.53359027281851,3842274192010.384,-41525.41214797023
0,-807548935564570.4,-186560128882603.88,-399.1931623185643,-87.43644440168889,4727029947328.75,-42027.54419209022
0,-1201664129784353.0,-272465402152518.62,-329.5322837065627,-71.50236398642835,5815517322893.456,-42028.16459491438
0,-1599996829524484.8,-358518838171291.25,-268.2808584754321,-57.69975275924432,7154649348474.241,-42028.01845350192
0,-1991901399776524.0,-442391183655157.0,-209.7489569874952,-44.644162184452775,8802141659541.008,-42027.993480182835
1,-493434232156975.5,4780805263902.917,597.3169233365883,2.31674286399469,8802141659541.008,-1801.0579452479433
0,-2360508381550962.5,-520356771960462.5,-156.9474037960112,-32.96083369578023,10829000000000.014,-42027.99348018285
1,-865990644678026.6,-57642770999659.445,-411.3378547457577,-22.762183123148493,10829000000000.014,-44107.86162532351
