particle_id,x,y,vx,vy,time,energy
0,-358280354559137.0,288388087788951.0,536.0690611050549,234.1346056907646,5815517322893.456,-871.8677391814126
0,415410684343784.1,405283123770305.5,540.9615437212216,-46.31362996309144,7154649348474.241,-8330.55144339148
1,-462076841660563.75,317821684011918.7,521.4818507499726,209.81837192736057,7154649348474.241,-879.0873328068992
0,1184425848298718.5,254225126379092.8,408.3734748152495,-113.69471794710203,8802141659541.008,-10439.61631701696
1,482954447480328.7,390715697327089.0,525.0128030168656,-119.18247667762664,8802141659541.008,-10120.146774084424
0,1915148417715906.5,10824824167103.623,319.65566725692696,-122.71714423291483,10829000000000.014,-10623.966511027967
1,1352846112995190.5,60929255336558.32,358.0405202050753,-178.05078199164822,10829000000000.014,-13216.58114571104
