particle_id,x,y,vx,vy,time,energy
0,-356394384267006.44,426269711.7105109,643.0157028660911,0.0002379926184845,7154649348474.241,-2228.466904487228
0,-764169982695938.5,-5972895501.49721,-429.21312513720966,-0.0028851274496893,8802141659541.008,-43664.24781818515
0,-1472164754206255.8,-10594192578.188543,-289.19578751633867,-0.0018373476929193,10829000000000.014,-45405.01709212046
1,-678904225997810.4,375589881.0636361,551.5312375747133,0.0001550405127699,10829000000000.014,-1397.8756106669316
