particle_id,x,y,vx,vy,time,energy
0,-55353888928646.68,638516321.3872654,932.8815905419034,-0.0003043222270998,2538565384109.942,-5462.293439765926
0,-367270384505026.06,-16780379098.024248,-529.546686479282,-0.0226187021795816,3123117714735.799,-40999.30292226767
0,-709883057955361.2,-31324704223.483116,-434.94006011534657,-0.018377046598219,3842274192010.384,-41349.595158498414
0,-1062790997819448.2,-46184030091.79216,-367.33674548503103,-0.0154181552517818,4727029947328.75,-41349.35168458229
0,-1429009241086577.0,-61510457186.22477,-308.4536178773312,-0.0128720709599245,5815517322893.456,-41349.08893990765
0,-1803320874516802.0,-77084121271.58376,-252.73767555207456,-0.0104824644335657,7154649348474.241,-41348.96716946218
0,-2172919765891834.8,-92358025964.90852,-198.53734690293155,-0.00817227723558,8802141659541.008,-41348.92467856477
0,-2523516308833591.0,-106723671180.5436,-149.83803679675734,-0.0061075296453439,10829000000000.014,-41348.924678564785
