particle_id,x,y,vx,vy,time,energy
0,-180119434308713.28,13019595375.503555,739.6813954906792,0.0085154791678321,4727029947328.75,-3065.8285000005853
0,-579287446528994.9,-238568010727.30893,-468.4585972123942,-0.1736531327947178,5815517322893.456,-42453.968534399726
0,-1118357436148926.0,-435547968581.0607,-352.21759914835053,-0.1271896617692508,7154649348474.241,-43409.48789919954
0,-1627472838008379.8,-617643343152.5227,-271.03158141519816,-0.0959995722384766,8802141659541.008,-43452.76468025095
1,-492724234477293.75,10350327928.757635,597.8945356581677,0.0050121482706863,8802141659541.008,-1636.391929587815
0,-2099834003372334.5,-783187217906.8408,-198.6440889164043,-0.0687727483951108,10829000000000.014,-43452.85530421093
1,-869019403411865.0,-125186945237.3825,-412.0679200029927,-0.0493976458250802,10829000000000.014,-43949.347960292595
