particle_id,x,y,vx,vy,time,energy
0,-678052388236876.2,98782181264.37292,552.0608969812204,0.0407577257792527,10829000000000.014,-1242.9152152395109
