particle_id,x,y,vx,vy,time,energy
0,-677795273031243.4,150011497350.17337,552.2208220954049,0.061886418874439,10829000000000.014,-1196.1155388799089
