particle_id,x,y,vx,vy,time,energy
0,-254730016785345.2,3741079207130.948,690.3491463545936,2.3284566691222977,5815517322893.456,-2519.491476227995
0,-664918377968649.0,-60136566783570.51,-447.2150232403512,-35.67084059350589,7154649348474.241,-42940.16003392359
0,-1283350305861958.0,-108476543179379.8,-320.9193390473715,-24.65144688185855,8802141659541.008,-44236.30062554438
0,-1839383483810336.8,-150554233366351.38,-233.27475392605,-17.367081622038405,10829000000000.014,-44377.27083396015
