particle_id,x,y,vx,vy,time,energy
0,-537804766622581.44,411419056938623.9,453.011687383368,281.6612186382003,7154649348474.241,-133.02815105824266
0,288070866359639.6,714114917661148.2,504.535685455574,77.89774994606353,8802141659541.008,-4803.018644977827
0,1209647740061272.0,734382616436098.8,406.4115631317239,-32.567167097120034,10829000000000.014,-6898.361201283653
