particle_id,x,y,vx,vy,time,energy
0,-677835708082617.8,403359731.6220564,552.1956721488145,0.0001664074886633,10829000000000.014,-1203.4791670602865
