particle_id,x,y,vx,vy,time,energy
0,-354863925542165.7,83949747.31561528,644.6367186669494,4.6740176193453887e-05,7154649348474.241,-1753.5857357397615
0,-766214521559088.5,-1182285993.4475086,-429.88050214666896,-0.0005710387785484,8802141659541.008,-43145.98367821082
0,-1476183867035922.2,-2098457840.6902957,-290.38498026447496,-0.0003648984104461,10829000000000.014,-44869.02691979467
1,-676320491017473.9,81106017.93100345,553.1386476036188,3.34329907982288e-05,10829000000000.014,-927.4620499427838
