particle_id,x,y,vx,vy,time,energy
0,-55115492178535.984,8759973592.88275,934.427132106378,-0.0043613604254034,2538565384109.942,-5238.748620730068
0,-367586147001632.56,-230703029536.60153,-529.897936053985,-0.3109580751339579,3123117714735.799,-40749.66366103385
0,-710491782946460.1,-430699545079.69977,-435.3862217735398,-0.2527481295164451,3842274192010.384,-41097.798864435215
0,-1063822852302167.8,-635105657295.8701,-367.8442454176323,-0.2121356787032595,4727029947328.75,-41097.55448470998
0,-1430627810023201.8,-846029371183.0487,-309.02270912722304,-0.1771929135117012,5815517322893.456,-41097.29200457873
0,-1805747974278005.5,-1060483725210.0952,-253.37544737086316,-0.1444029640590208,7154649348474.241,-41097.17076142422
0,-2176486327728341.5,-1271016969592.9512,-199.30045346264296,-0.1127363295589258,8802141659541.008,-41097.05813382327
0,-2528813383143985.5,-1469419951508.418,-150.78093620713517,-0.0844725589157516,10829000000000.014,-41097.05813382327
1,-676559170167723.5,11523487091.94988,552.990048560993,0.0047507553611048,10829000000000.014,-970.968036244216
