particle_id,x,y,vx,vy,time,energy
0,-676625851709421.0,99091007.63516755,552.9485374072909,4.085345513618316e-05,10829000000000.014,-983.1208162542024
