particle_id,x,y,vx,vy,time,energy
0,-354998415229111.0,135359656754.294,644.4940944504211,0.0753819075035369,7154649348474.241,-1795.3409900398692
0,-766014500578995.9,-1905374582151.792,-429.80249682783216,-0.9202642967758664,8802141659541.008,-43201.435128675716
0,-1475764739333728.8,-3381592634383.7363,-290.25529450003165,-0.5878485816500633,10829000000000.014,-44926.24606732147
