particle_id,x,y,vx,vy,time,energy
0,-354974198758668.44,3280034905709.725,644.5142855726691,1.826613209755961,7154649348474.241,-1784.0510946507857
1,-355131393705777.1,3696925160062.425,644.3461555709004,2.059378198299185,7154649348474.241,-1831.833880178776
0,1136649589816850.5,-26740203887263.004,791.9772755711808,-21.06427998854444,8802141659541.008,209068.64652124624
1,1107846174937916.6,-29784962342249.594,765.6200231576707,-23.39715485965895,8802141659541.008,186760.05378713584
0,2654513554953658.5,-67312366783546.5,719.3594706428141,-19.28295292654261,10829000000000.014,208960.85723421245
1,2569111467194899.0,-74690717565868.3,689.947661789221,-21.27162312621561,10829000000000.014,186620.3613685255
2,-676604560384908.9,3444045007688.2188,552.9604577258658,1.4199071622278971,10829000000000.014,-977.550270899199
