particle_id,x,y,vx,vy,time,energy
0,-889194444332072.9,517700063956776.25,416.7572718746768,234.9076458938292,10829000000000.014,200.7938603866205
