particle_id,x,y,vx,vy,time,energy
0,-124415501354985.38,1952813709.935119,795.7954011253601,0.0011518109584427,3842274192010.384,-3214.969914739253
0,-500875745479578.94,-40624010760.02506,-489.5539909943974,-0.0363169976874623,4727029947328.75,-41408.70527297808
0,-967702235256525.2,-74895339267.19183,-382.1811162722496,-0.0278249239034822,5815517322893.456,-42094.863590306326
0,-1425559916058318.0,-108015410042.45448,-306.52802355541206,-0.022035136154231,7154649348474.241,-42103.456385858866
0,-1872723604261457.5,-139957447927.57898,-239.3573857555585,-0.0169819537026795,8802141659541.008,-42103.453057944505
0,-2291547172510008.5,-169439335662.25668,-177.72910952352893,-0.0124007741489796,10829000000000.014,-42102.860116185024
1,-674518367316949.6,2058593557.7311256,554.2613602064315,0.0008477411510532,10829000000000.014,-598.643865706108
