particle_id,x,y,vx,vy,time,energy
0,-179022117307798.1,52566861968.82532,741.8099383924335,0.0340861726400315,4727029947328.75,-2512.4061373963486
0,-580780578578167.2,-968233709222.8688,-469.29671824492254,-0.7047275991888198,5815517322893.456,-41854.75159893432
0,-1121281376911108.0,-1768469883119.1646,-353.44656589142966,-0.5172321770232602,7154649348474.241,-42798.00489468759
0,-1632635647534080.0,-2509772032582.321,-272.5064973568272,-0.3912890100693961,8802141659541.008,-42838.942482586106
0,-2108273303129433.5,-3185686480751.2393,-200.45230759657457,-0.2815011725611389,10829000000000.014,-42839.00742124455
