particle_id,x,y,vx,vy,time,energy
0,-674441464223696.4,87282979563.69083,554.3092982980278,0.0359421296982823,10829000000000.014,-584.5979571192875
