particle_id,x,y,vx,vy,time,energy
0,-253350287815454.25,4057573893807.622,692.301541581402,2.512919589294173,5815517322893.456,-1968.9865438143315
0,-666241672290110.0,-65554090822917.99,-447.7746369341492,-38.886408239457545,7154649348474.241,-42343.162540328616
0,-1286133442733427.0,-118324539763276.34,-322.0359260774472,-26.94824504658329,8802141659541.008,-43623.75086096975
0,-1844820551581356.8,-164394818073575.97,-234.75875067097337,-19.051938962105822,10829000000000.014,-43758.95225606681
