particle_id,x,y,vx,vy,time,energy
0,-489967506543691.5,255635092.46993017,600.1204057219938,0.0001234564445786,8802141659541.008,-976.0808067584294
0,-872583348789632.4,-3115315999.143725,-412.8452525593707,-0.0012288132018898,10829000000000.014,-43255.580364321606
