particle_id,x,y,vx,vy,time,energy
0,-124372185545334.95,8000152138051.988,795.5201883120923,4.734113607764457,3842274192010.384,-3090.257990916143
0,-472743037336058.5,-161967069862084.12,-468.6574314746935,-145.85935890711644,4727029947328.75,-40962.188617936394
0,-920140859812447.6,-299665460344424.3,-366.6520947893839,-111.85232465481462,5815517322893.456,-41653.32083640438
0,-1359832965696622.2,-432884295310792.6,-294.6756285660881,-88.69278820866391,7154649348474.241,-41661.86322589647
1,-354010390679050.75,9045707225069.535,645.5005781400985,5.029258393627492,7154649348474.241,-1459.5772058039438
0,-1790242109074032.5,-561568604054649.6,-230.71922493054697,-68.48883615235167,8802141659541.008,-41661.85893831256
1,-755926975488549.6,-126837306889216.4,-426.32614611799414,-61.4538742023583,8802141659541.008,-42747.72836070317
0,-2194793045481911.5,-680675113491920.0,-172.1252327441135,-50.21352148367048,10829000000000.014,-41661.87336628307
1,-1460949446338969.0,-225543295059585.38,-288.764612093311,-39.36447170024978,10829000000000.014,-44465.02313031988
