particle_id,x,y,vx,vy,time,energy
0,-556157076562664.5,432030110093958.7,437.14532783266384,297.55462722882885,7154649348474.241,606.5226743726816
0,240424514923101.53,776257212447627.9,491.4998479760191,113.06353767255224,8802141659541.008,-3363.5772118150053
1,-682196232980530.0,458458381867708.7,441.8216085313172,254.8984226994906,8802141659541.008,495.8135453274299
0,1153722761108964.0,867935069278884.9,408.4249865885948,0.1207511256703077,10829000000000.014,-5189.652749766523
1,330524082634640.25,760567151283472.8,505.2757439082917,23.745833025775205,10829000000000.014,-5257.615685408062
