particle_id,x,y,vx,vy,time,energy
0,-512940731786907.0,160724770074827.3,576.7309102808834,80.49970463921429,8802141659541.008,-767.7560259181773
0,297647555275004.0,-636087792098180.1,18.186718168150488,-489.0175215006158,10829000000000.014,-30104.155281052997
1,-694045689356463.2,159959384303888.72,539.5991726778954,67.01387173506207,10829000000000.014,-518.4732206542103
