particle_id,x,y,vx,vy,time,energy
0,-280334965522488.1,146175612872409.28,640.4266353284092,104.17597865161548,5815517322893.456,-1270.067746539251
0,462391319916414.75,-266409370945602.53,299.8173263197355,-438.3582949666761,7154649348474.241,-22526.58019408103
1,-372981293719276.94,134198604517589.56,618.4879977422261,79.03356601809209,7154649348474.241,-1154.6389003216464
0,836129973192005.9,-898407953003602.1,180.97397757710576,-341.34332603209367,8802141659541.008,-24743.490329723703
1,315859995741193.94,-548909884247557.0,78.18375211432442,-491.9714567431305,8802141659541.008,-29054.763161039475
0,1139674156852106.0,-1516598951993443.8,124.15374944685531,-272.98186041086745,10829000000000.014,-24915.411423484984
1,393104883866046.3,-1366510524014428.5,15.60765343166553,-340.38318034150177,10829000000000.014,-31620.778092285986
