particle_id,x,y,vx,vy,time,energy
0,-352767394172021.6,7544974405.479666,646.8641258480416,0.0041844950905443,7154649348474.241,-1101.7941572135896
0,-768972329465198.1,-106986652176.72816,-430.75318717786666,-0.051663906731055,8802141659541.008,-42459.647812668714
0,-1481538229493731.2,-190055005169.8914,-291.9509339003835,-0.0331614861981774,10829000000000.014,-44159.15692554187
