particle_id,x,y,vx,vy,time,energy
0,-123778252494756.12,8988457845.835258,797.5531138824307,0.0052303054753062,3842274192010.384,-2812.5702276158845
0,-501746580429998.75,-187669225431.2571,-490.1761732180968,-0.1677635990361225,4727029947328.75,-40969.301562709894
0,-969400956246718.0,-346077127709.88995,-383.0378708695389,-0.128682022371762,5815517322893.456,-41648.64635894599
0,-1428508563983721.8,-499332829286.9584,-307.5306567587995,-0.1020252772652013,7154649348474.241,-41656.758420783415
0,-1877451558283081.2,-647345499716.4642,-240.51292486643953,-0.0787657014466322,8802141659541.008,-41656.75356767365
0,-2298904089259534.5,-784307470296.3406,-179.19142384428707,-0.0577340317669225,10829000000000.014,-41656.61028137293
1,-672700299318857.0,8873652984.622278,555.3953200353903,0.0036505467176821,10829000000000.014,-266.32607104373164
