particle_id,x,y,vx,vy,time,energy
0,-178224511518184.4,30470728348.9578,743.3638867362625,0.0196319395379473,4727029947328.75,-2109.8045197519823
0,-581867327545669.1,-563362870047.9924,-469.9076535562226,-0.4100226652694375,5815517322893.456,-41418.741555941975
0,-1123408944616794.2,-1029307694887.7852,-354.3396639356912,-0.3013816228043107,7154649348474.241,-42353.152955913865
0,-1636389020961999.2,-1461581398331.065,-273.5769442278673,-0.2283718822462773,8802141659541.008,-42392.45660226773
0,-2114404970963032.8,-1856561144255.933,-201.7654081954416,-0.1647934478040986,10829000000000.014,-42392.51204826757
1,-672665278118241.6,25483084432.92395,555.4171763128746,0.0104833238618468,10829000000000.014,-259.91878268672735
