particle_id,x,y,vx,vy,time,energy
0,-252283540992207.9,148171870.85012513,693.8371767182513,9.139691393211524e-05,5815517322893.456,-1553.174399052281
0,-671102256346192.9,-2409912120.6722517,-449.9356814278889,-0.001428158456495,7154649348474.241,-41926.13658149174
1,-352639401000375.2,159448867.23378584,647.000367194811,8.841025586998788e-05,7154649348474.241,-1061.955145994085
0,-1294401432259555.0,-4349910568.910349,-324.0234839353923,-0.000991661516847,8802141659541.008,-43193.764833492234
1,-769133583569951.5,-2261867695.17866,-430.7992420319296,-0.0010922296091128,8802141659541.008,-42421.69349350067
0,-1856979655829908.5,-6047052531.648649,-236.6240475268731,-0.0007027610409877,10829000000000.014,-43324.701136412375
1,-1481840342840169.2,-4018232419.214035,-292.03657797470356,-0.0007012431770492,10829000000000.014,-44119.85892284862
