particle_id,x,y,vx,vy,time,energy
0,-128121477701824.5,141533121415846.38,663.9117643880696,194.1263118632508,3123117714735.799,-605.8376146455994
0,345354809550173.9,139006388169352.31,577.145922185855,-111.7988895415548,3842274192010.384,-9467.454108546664
0,799741149746335.2,26294323214092.754,466.154479462997,-133.2681678045185,4727029947328.75,-10365.782234097554
0,1265230259445173.2,-118110516398614.69,394.6892450702901,-130.77003463389852,5815517322893.456,-10369.062137453468
0,1752096854756255.8,-288244734608875.8,335.8098097902576,-123.07120077977544,7154649348474.241,-10368.921915058903
0,2260341412451335.5,-482819758900337.7,284.94858254618185,-113.4412964372175,8802141659541.008,-10368.762120698377
1,-501326190072820.9,122707325221490.06,587.7663097079876,60.52097688632221,8802141659541.008,-359.8655342119164
0,2795282812577669.5,-703092716274176.1,245.8313253847946,-104.34703325649338,10829000000000.014,-10368.76212069839
1,12335914909785.656,-760389582709143.5,-127.51760070018094,-445.9277919169818,10829000000000.014,-34054.35511256651
