particle,time,energy,r,potential,impact parameter,v0,v
0,304837.25648462796,1646513.60445,1975384821428571.8,-67199.99999999999,1263405035314148.0,1814.67,1851.3311991375288
