particle,time,energy,r,potential,impact parameter,v0,v
0,201403.9780680049,172026.31680000003,1975384821428571.8,-67199.99999999999,1881101889274144.5,586.56,691.7027060811603
0,231242.70680265786,172026.33094792682,1660240194500517.8,-78879.37298185902,1881101889274144.5,586.56,708.3864819853437
0,265502.15126021486,172026.24437373242,1546071726127804.8,-83667.11777188574,1881101889274144.5,586.56,715.1130849671514
0,304837.25648462796,172025.60632298802,1800647417880460.5,-73423.90026668657,1881101889274144.5,586.56,700.641857998328
1,265502.15126021486,172026.31680000003,1975384821428571.8,-67199.99999999999,1910167144525419.0,586.56,691.7027060811603
1,304837.25648462796,172022.54591721093,1615606977117185.5,-80718.4660437286,1910167144525419.0,586.56,710.9725901340213
