particle,time,energy,r,potential,impact parameter,v0,v
0,175415.53176954575,1452983.99805,1975384821428571.8,-67199.99999999999,1106284062453968.4,1704.69,1743.6651043420006
0,201403.9780680049,1452983.149430039,1092485791056414.9,-107006.1541711666,1106284062453968.4,1704.69,1766.3461176118376
0,231242.70680265786,1452962.79344413,1767084997642166.5,-74688.19434943107,1106284062453968.4,1704.69,1747.9422117413155
0,265502.15126021486,1452962.8155147808,3446584207774546.5,-38515.19417415128,1106284062453968.4,1704.69,1727.123625968293
0,304837.25648462796,1452962.815514781,5515787578285354.0,-24066.52868986401,1106284062453968.4,1704.69,1718.7375274919932
