particle,time,energy,r,potential,impact parameter,v0,v
0,115895.8925189068,1548236.8512000002,1975384821428571.8,-67199.99999999999,1258626406377742.2,1759.68,1797.4631296357654
0,133066.28871219646,1548236.84874827,1352253678344834.8,-92668.2943912604,1258626406377742.2,1759.68,1811.5767403781329
0,152780.5412840577,1548236.918886488,1331829348823429.5,-93690.96533507113,1258626406377742.2,1759.68,1812.1412109554592
0,175415.53176954575,1548237.0844447557,2184995267992955.8,-60753.385576864304,1258626406377742.2,1759.68,1793.8731672120077
0,201403.9780680049,1548237.0844447552,3492287910313013.0,-38011.14438703366,1258626406377742.2,1759.68,1781.150318660269
0,231242.70680265786,1548237.0844447552,5090972040647516.0,-26074.75722516759,1258626406377742.2,1759.68,1774.4361592742202
0,265502.15126021486,1548237.0844447552,6964325877693698.0,-19060.834075151008,1258626406377742.2,1759.68,1770.4789852014094
0,304837.25648462796,1548237.0844447555,9133096060409500.0,-14534.595839348709,1258626406377742.2,1759.68,1767.9206318633787
