particle,time,energy,r,potential,impact parameter,v0,v
0,100941.10260943102,60645.996450000006,1975384821428571.8,-67199.99999999999,2479285987876198.5,348.27,505.6599577779518
0,115895.8925189068,60645.99535779514,1862989638674272.2,-71136.63961875254,2479285987876198.5,348.27,513.3860827419218
0,133066.28871219646,60645.99149267525,1755968659208861.0,-75112.34138375537,2479285987876198.5,348.27,521.0726108258438
0,152780.5412840577,60645.987755506736,1669377127440791.0,-78510.67253844306,2479285987876198.5,348.27,527.5540925705151
0,175415.53176954575,60646.0299176728,1627180871329988.5,-80231.0602866926,2479285987876198.5,348.27,530.8052188974133
0,201403.9780680049,60646.08217252302,1660537098155458.2,-78867.3828568029,2479285987876198.5,348.27,528.229997310501
0,231242.70680265786,60646.108132334964,1798109927711719.0,-73518.59867965088,2479285987876198.5,348.27,518.0052254794074
0,265502.15126021486,60646.21575897839,2053538249446279.0,-64642.506676364035,2479285987876198.5,348.27,500.57711181264057
0,304837.25648462796,60646.215758978426,2425491955534403.5,-54729.45795474815,2479285987876198.5,348.27,480.3658474823675
