particle,time,energy,r,potential,impact parameter,v0,v
0,201403.9780680049,1271549.9920499998,1975384821428571.8,-67199.99999999999,1765376016497293.8,1594.71,1636.306812336855
0,231242.70680265786,1271550.010281415,1798904203639390.2,-73488.92123301407,1765376016497293.8,1594.71,1640.1456834771898
0,265502.15126021486,1271549.9479030631,2862687058866641.5,-46371.06930317247,1765376016497293.8,1594.71,1623.5276512620508
0,304837.25648462796,1271549.9479030634,4621126197342934.0,-28725.867749797988,1765376016497293.8,1594.71,1612.6225941942282
