particle,time,energy,r,potential,impact parameter,v0,v
0,265502.15126021486,688105.2672,1975384821428571.8,-67199.99999999999,501043839048569.9,1173.12,1229.0689705626776
0,304837.25648462796,686906.3141528773,583225768781046.5,-165199.50406937575,501043839048569.9,1173.12,1305.4545708083856
