particle,time,energy,r,potential,impact parameter,v0,v
0,265502.15126021486,88869.06404999994,1975384821428571.8,-67199.99999999999,979558909991295.2,421.59,558.693232552534
0,304837.25648462796,88812.07839961124,1327884534212831.8,-94147.38074337166,979558909991295.2,421.59,604.9123228088231
