particle,time,energy,r,potential,impact parameter,v0,v
0,201403.9780680049,584788.6804500001,1975384821428571.8,-67199.99999999999,1707032132278245.2,1081.47,1141.9182811830276
0,231242.70680265786,584788.6961426411,1602653474652101.0,-81251.63273189045,1707032132278245.2,1081.47,1154.157986477182
0,265502.15126021486,584788.679280278,1947465155985513.8,-68156.56208930054,1707032132278245.2,1081.47,1142.7556531206299
0,304837.25648462796,584788.6548938787,2961758598843178.5,-44819.94584293557,1707032132278245.2,1081.47,1122.1484756811947
