particle,time,energy,r,potential,impact parameter,v0,v
0,231242.70680265786,565133.3298,1975384821428571.8,-67199.99999999999,1666153017090900.8,1063.14,1124.5739902736502
0,265502.15126021486,565133.278740489,1555659018580303.5,-83251.68461733482,1666153017090900.8,1063.14,1138.7580632933616
0,304837.25648462796,565133.1374276325,2059980615021952.2,-64440.34425954313,1666153017090900.8,1063.14,1122.1171789854886
