particle,time,energy,r,potential,impact parameter,v0,v
0,175415.53176954575,454256.9927999998,1975384821428571.8,-67199.99999999999,559541769554889.5,953.16,1021.2316023312242
0,201403.9780680049,454257.0183249574,1175164212584368.5,-102100.65543774521,559541769554889.5,953.16,1054.8532350641985
0,231242.70680265786,452534.3536219629,482091363167619.5,-174446.60558447294,559541769554889.5,953.16,1119.804410784701
0,265502.15126021486,449600.4785427344,1166691340541152.5,-102821.00354864227,559541769554889.5,953.16,1051.1151051063596
0,304837.25648462796,449557.1549265467,2375513438175235.0,-55880.91309724164,559541769554889.5,953.16,1005.4233615982755
1,304837.25648462796,454256.9927999999,1975384821428571.8,-67199.99999999999,1385486523896577.2,953.16,1021.2316023312243
