particle,time,energy,r,potential,impact parameter,v0,v
0,175415.53176954575,508183.2112499996,1975384821428571.8,-67199.99999999999,87485023193834.34,1008.15,1072.7378162906346
0,201403.9780680049,508182.6288521589,1083291617013535.4,-107575.44263180191,87485023193834.34,1008.15,1109.7369701726268
0,231242.70680265786,494961.6460947669,59942123535428.51,-830320.0562033355,87485023193834.34,1008.15,1628.0550987593156
0,265502.15126021486,485412.80795023974,1266996185068762.5,-97124.82821189381,87485023193834.34,1008.15,1079.3865259138022
0,304837.25648462796,485398.9942180562,2574556621635727.5,-51560.668304766514,87485023193834.34,1008.15,1036.3007888859515
