particle,time,energy,r,potential,impact parameter,v0,v
0,152780.5412840577,151195.00499999995,1975384821428571.8,-67199.99999999999,2161575293601289.5,549.9,660.9009078523042
0,175415.53176954575,151195.01271128425,1822480249537990.0,-72613.97944817488,2161575293601289.5,549.9,669.0425878215215
0,201403.9780680049,151195.04265514604,1770042259692885.8,-74575.8497320725,2161575293601289.5,549.9,671.9685891278231
0,231242.70680265786,151195.0618780256,1884805390153653.5,-70354.26539293955,2161575293601289.5,549.9,665.6565590016598
0,265502.15126021486,151195.1314000865,2203147009596613.2,-60252.83806381364,2161575293601289.5,549.9,650.304497084097
0,304837.25648462796,151195.1314000865,2718875297450328.0,-48823.813333581245,2161575293601289.5,549.9,632.485485578393
