particle,time,energy,r,potential,impact parameter,v0,v
0,201403.9780680049,268791.12000000005,1975384821428571.8,-67199.99999999999,482243826287721.6,733.2,819.7452287143855
0,231242.70680265786,268789.3882729404,1216275448531501.2,-99799.80290382697,482243826287721.6,733.2,858.5909284132548
0,265502.15126021486,266248.1911133582,421499581615546.0,-197097.19809364178,482243826287721.6,733.2,962.6477956210152
0,304837.25648462796,258794.94178103696,945214512368093.6,-119497.78375775169,482243826287721.6,733.2,869.8192059718947
1,265502.15126021486,268791.12,1975384821428571.8,-67199.99999999999,1226761813979164.5,733.2,819.7452287143853
1,304837.25648462796,268680.00488799944,1233807653624759.5,-99342.08518854796,1226761813979164.5,733.2,857.9301720729344
2,304837.25648462796,268791.12000000005,1975384821428571.8,-67199.99999999999,771421138603286.1,733.2,819.7452287143855
