particle,time,energy,r,potential,impact parameter,v0,v
0,133066.28871219646,1360755.0450000004,1975384821428571.8,-67199.99999999999,1016859041568404.6,1649.7,1689.9438126754394
0,152780.5412840577,1360755.0729716774,1182742025912343.0,-101668.78018732104,1016859041568404.6,1649.7,1710.2186136041196
0,175415.53176954575,1360755.0655075256,1118301965827591.5,-105433.50858142236,1016859041568404.6,1649.7,1712.4185084779642
0,201403.9780680049,1360755.217561881,2161589340203764.0,-61411.229936712494,1016859041568404.6,1649.7,1686.5150147559277
0,231242.70680265786,1360755.217561881,3636806512684649.0,-36500.666047809216,1016859041568404.6,1649.7,1671.6793254746499
0,265502.15126021486,1360755.2175618808,5392593258985346.0,-24616.330886594078,1016859041568404.6,1649.7,1664.5549245660084
0,304837.25648462796,1360755.2175618808,7429652511919730.0,-17867.03480237195,1016859041568404.6,1649.7,1660.4952588696258
