particle,time,energy,r,potential,impact parameter,v0,v
0,152780.5412840577,1143412.2253125,1975384821428571.8,-67199.99999999999,1421041880680341.0,1512.225,1556.028422177757
0,175415.53176954575,1143412.2687432347,1404428981375265.0,-90124.09215121382,1421041880680341.0,1512.225,1570.691797199214
0,201403.9780680049,1143412.3361921853,1664227831202929.2,-78718.18952798638,1421041880680341.0,1512.225,1563.4132695612966
0,231242.70680265786,1143412.3928145142,2760921975163569.5,-48080.26492387042,1421041880680341.0,1512.225,1543.6921051416857
0,265502.15126021486,1143412.3928145145,4278134964969356.5,-31028.908878977087,1421041880680341.0,1512.225,1532.6064737521447
0,304837.25648462796,1143412.3928145145,6103048713994471.0,-21750.745606144323,1421041880680341.0,1512.225,1526.5406240389798
