particle,time,energy,r,potential,impact parameter,v0,v
0,152780.5412840577,1213759.9012499996,1975384821428571.8,-67199.99999999999,488941154588173.5,1558.05,1600.599825846548
0,175415.53176954575,1213757.7424981815,897858671991107.1,-120208.35962334987,488941154588173.5,1558.05,1633.3806060569786
0,201403.9780680049,1211678.9629359974,727336709702458.6,-135525.31643434474,488941154588173.5,1558.05,1641.4653693394462
0,231242.70680265786,1211553.6487415128,2129274424766025.2,-62343.2369524594,488941154588173.5,1558.05,1596.1809958109213
0,265502.15126021486,1211553.648741513,3819292121340318.5,-34756.665838227374,488941154588173.5,1558.05,1578.8035435605916
0,304837.25648462796,1211553.6487415133,5763430387151771.0,-23032.439204249964,488941154588173.5,1558.05,1571.3599765462802
