particle,time,energy,r,potential,impact parameter,v0,v
0,152780.5412840577,709776.5512499998,1975384821428571.8,-67199.99999999999,1172274195042035.0,1191.45,1246.5765530042668
0,175415.53176954575,709776.5954372853,1331283493274762.8,-93718.42174776277,1172274195042035.0,1191.45,1267.6711065454226
0,201403.9780680049,709774.6503051436,1124435155061665.2,-105066.57069744109,1172274195042035.0,1191.45,1276.5901621135772
0,231242.70680265786,709774.0718449103,1804831312028655.8,-73267.87270658503,1172274195042035.0,1191.45,1251.43273454988
0,265502.15126021486,709774.0289827525,2971194357287980.5,-44677.60908147609,1172274195042035.0,1191.45,1228.3742410716927
0,304837.25648462796,709774.0289827524,4409819102316053.5,-30102.33683515076,1172274195042035.0,1191.45,1216.4508751428502
