particle_id,x,y,vx,vy,time,energy,faug
0,-181433832446071.2,32575356.317105297,737.1457097922973,2.1520841070006996e-05,4727029947328.75,-3728.005978958332,1.3505222462132074
0,-577581466823477.1,-593346182.823913,-467.5709948250039,-0.0004319980582547,5815517322893.456,-43105.65935927488,1.369862591629352
0,-1115111743479167.8,-1082797049.663456,-350.8869320054566,-0.0003156831088656,7154649348474.241,-44075.13986882249,1.3928034650286292
0,-1621796196847904.8,-1534221531.2783816,-269.42719052346087,-0.0002376646367374,8802141659541.008,-44121.13089505182,1.4206214138842834
0,-2090591054107384.8,-1943271718.267352,-196.67575059263876,-0.0001694626169344,10829000000000.014,-44121.26741509439,1.4553326297394913
1,-681500117448990.0,35188909.519678205,549.9188976903106,1.4545927931710548e-05,10829000000000.014,-1869.291070202744,1.4553326297394913
