particle_id,x,y,vx,vy,time,energy,faug
0,-126250251350331.0,531352211.4390476,790.7823010239647,0.0003251902973258,3842274192010.384,-4372.844361021183,1.3339296034405776
0,-498370050865533.2,-10938014743.261532,-487.7680916966988,-0.0097798318510838,4727029947328.75,-42670.65809741699,1.350522246213442
0,-962814977756914.4,-20150996530.723495,-379.7137755799212,-0.0074680721211259,5815517322893.456,-43376.71512854185,1.3698625916295342
0,-1417070433506571.0,-29025818232.50815,-303.6370893314262,-0.005893903002213,7154649348474.241,-43386.80832731141,1.392803465028773
1,-357880211167343.4,513247999.06475216,641.4459257557467,0.0002873170535252,7154649348474.241,-2688.7491543196375,1.392803465028773
0,-1859101063231728.0,-37549720429.69352,-236.02213322965704,-0.0045190258899638,8802141659541.008,-43386.80978576818,1.4206214138844004
1,-762207234313280.1,-7156622268.161569,-428.5898982791151,-0.0034573406884778,8802141659541.008,-44154.83135995452,1.4206214138844004
0,-2270331043899911.0,-45357915063.31116,-173.49870981386147,-0.0032630926146415,10829000000000.014,-43386.81889522419,1.4553326297395892
1,-1468339371086058.0,-12685742512.536793,-288.0701896665235,-0.0021945460221323,10829000000000.014,-45912.67767284185,1.4553326297395892
