particle_id,x,y,vx,vy,time,energy,faug
0,-681550398049753.6,2788635319.2596107,549.8876936504711,0.0011527602064662,10829000000000.014,-1878.4100486959503,1.4553326297420632
