particle_id,x,y,vx,vy,time,energy,faug
0,-256383947940823.38,41089840081.712265,688.0304318257965,0.0257223161999838,5815517322893.456,-3184.5182283233735,1.3698625929171673
0,-665581650144440.9,-657603445560.7853,-447.5509085745851,-0.3898021679137282,7154649348474.241,-43681.64498310571,1.3928034660478263
1,-357877444143722.4,43727758378.39025,641.4488445651406,0.0244787490554891,7154649348474.241,-2687.8919993325544,1.3928034660478263
0,-1283579871704270.5,-1184946124719.2222,-320.2242340201196,-0.2684543621685151,8802141659541.008,-44995.97907918684,1.420621414711095
1,-762207234166699.2,-609731302351.351,-428.58744026392486,-0.2945572487696911,8802141659541.008,-44155.81368034257,1.420621414711095
0,-1837471309184012.8,-1642260422045.8755,-231.89451173944204,-0.1882833912004687,10829000000000.014,-45144.13396196587,1.455332630432468
1,-1468334203824585.0,-1080798304517.619,-288.067476986311,-0.1869692388581137,10829000000000.014,-45913.669906545714,1.455332630432468
