particle_id,x,y,vx,vy,time,energy,faug
0,-495366002494456.75,63313842.63054479,595.7674047535988,3.073794894999257e-05,8802141659541.008,-2267.3859976305394,1.4206214138842848
1,-495326617924897.8,62929114.99341525,595.7990748274251,3.0550019398522025e-05,8802141659541.008,-2257.9917212887085,1.4206214138842848
0,5.037399865965722e+16,-194066462436.2867,35726.796624572875,-0.137597798572043,10829000000000.014,638199364.7773088,1.4553326297394924
1,5.145800429471134e+16,-199173922315.66327,36495.09986959794,-0.1412177659203851,10829000000000.014,665943578.9793031,1.4553326297394924
