particle_id,x,y,vx,vy,time,energy,faug
0,-56002770839598.67,508661410634.692,928.7055355491432,-0.2135770441675584,2538565384109.942,-6070.231513882172,1.306775851998348
0,-366158535426953.25,-13286308462690.232,-528.2924973693968,-17.911971680276793,3123117714735.799,-41677.8172310403,1.319490650823414
0,-707782284702851.0,-24797220413583.39,-433.4840491927502,-14.536622312338936,3842274192010.384,-42034.09979601832,1.3339299703388934
0,-1059343543460650.8,-36545141897085.266,-365.7534400925795,-12.183087994149114,4727029947328.75,-42033.85897777499,1.3505225265808434
0,-1423764334868518.5,-48647864140193.57,-306.73641637702804,-10.15732407047508,5815517322893.456,-42033.59552678445,1.3698628092510574
0,-1795671808197901.2,-60925652068423.06,-250.8647827021624,-8.255219376915909,7154649348474.241,-42033.47233115075,1.3928036372578418
0,-2161972283597784.8,-72934677363840.28,-196.35541629847597,-6.4111289862562275,8802141659541.008,-42033.47182953247,1.420621553603118
0,-2507670269607775.0,-84168275271155.27,-147.18901331677614,-4.756689813962776,10829000000000.014,-42033.47182953247,1.45533274684224
