particle_id,x,y,vx,vy,time,energy,faug
0,-126929989146726.64,17848824653143.48,787.1140244646157,11.265876468700206,3842274192010.384,-4324.2205472106,1.3343307490760794
0,-371576017314364.9,-321993039669786.9,-392.4333634061067,-298.40939296833443,4727029947328.75,-41157.45486369153,1.3508286338037774
0,-747257185207700.4,-603431891884985.6,-308.6275924865151,-228.51127780321684,5815517322893.456,-41897.77318926902,1.3701003276998494
0,-1118133801269945.4,-875580037415528.6,-249.0590340816611,-181.18769003065492,7154649348474.241,-41908.35518161053,1.3929915668863484
0,-1482656136710188.5,-1138475103952850.0,-195.82346618212213,-139.92529899469966,8802141659541.008,-41908.35394369947,1.4207739826611363
0,-1826752135194780.5,-1381743916108345.0,-146.71425478894338,-102.50021750128,10829000000000.014,-41908.29578771322,1.4554604867366083
1,-681784142503741.9,19347845199164.176,549.701511545778,7.999881851584914,10829000000000.014,-1867.5644022848576,1.4554604867366083
