particle_id,x,y,vx,vy,time,energy,faug
0,-358068488037142.3,12695226320501.35,641.1673365811606,7.111397976442023,7154649348474.241,-2690.488095684792,1.392877449505981
0,-740026579455067.6,-174494098968604.25,-421.0511554494152,-84.84129052175707,8802141659541.008,-43973.91992129531,1.420681428782217
0,-1434554234235516.0,-310215714162168.1,-283.693300185125,-53.89826742429809,10829000000000.014,-45741.45485249729,1.4553829276879098
1,-681594316867020.8,11201505003444.031,549.8466339768484,4.630740764432654,10829000000000.014,-1868.530351040623,1.4553829276879098
