particle_id,x,y,vx,vy,time,energy,faug
0,-691443856905429.4,115040017511972.0,542.4000519420703,47.97825651608927,10829000000000.014,-1791.4509095789108,1.4607589403205623
