particle_id,x,y,vx,vy,time,energy,faug
0,-181446525447069.7,135340407.26441264,737.1212961388155,8.942088690444306e-05,4727029947328.75,-3734.396647521353,1.350522246213221
0,-577482798965909.9,-2464426502.0767884,-467.4487079986516,-0.0017940024889999,5815517322893.456,-43176.52688862987,1.3698625916293623
0,-1114824933004869.4,-4496801690.579155,-350.7319468683685,-0.0013106852589181,7154649348474.241,-44147.02462480353,1.3928034650286374
0,-1621231775830723.2,-6370839499.282519,-269.24618374214293,-0.0009864948618726,8802141659541.008,-44193.27376239785,1.4206214138842903
0,-2089627939721776.0,-8068367672.974491,-196.45769059767312,-0.0007030464353703,10829000000000.014,-44193.380509825896,1.4553326297394968
1,-681538749944293.0,132285490.9682399,549.894922355111,5.468355899098599e-05,10829000000000.014,-1876.2975690919263,1.4553326297394968
