particle_id,x,y,vx,vy,time,energy,faug
0,-122827813862944.08,1240269588.145202,800.1909676682835,0.0007067562182645,3842274192010.384,-2212.187213592406,1.331380631868378
0,-503045738211762.75,-26036883853.242775,-491.1055353329549,-0.0232734223763354,4727029947328.75,-40313.182332982295,1.347577538562605
0,-971935041156042.0,-48031744232.82408,-384.3149640041983,-0.0178819113179554,5815517322893.456,-40982.46092994629,1.3664079870501251
0,-1432904960412682.2,-69345952222.59067,-309.0240566807659,-0.0142021321645949,7154649348474.241,-40989.89206257001,1.3886727226864128
0,-1884497291605280.0,-89973674212.747,-242.23293461334453,-0.0109924940681245,8802141659541.008,-40989.88505269184,1.415561110246937
0,-2309869120703840.0,-109133205113.1566,-181.3700127037271,-0.0081018568484686,10829000000000.014,-40989.899569680114,1.4489330743496276
1,-669780019791977.0,1298789276.595412,557.2195372471102,0.0005334376009459,10829000000000.014,268.6992308573681,1.4489330743496276
