particle_id,x,y,vx,vy,time,energy,faug
0,-669557331657644.1,37883076207.18493,557.3587862740457,0.0155573478029817,10829000000000.014,309.56073263604776,1.4489330749499614
