particle_id,x,y,vx,vy,time,energy,faug
0,-486162967340058.0,21263976886952.754,603.092166639581,10.233800057892822,8802141659541.008,39.49310542133753,1.4157733554197542
0,-835461949420468.1,-255990433090985.38,-403.1816284786123,-102.23231261744388,10829000000000.014,-41845.86242471417,1.4491098415814094
