particle_id,x,y,vx,vy,time,energy,faug
0,-669015720230652.1,359963886.88905746,557.6975461849303,0.0001477801790417,10829000000000.014,408.9783584991237,1.4489330743491304
