particle_id,x,y,vx,vy,time,energy,faug
0,-176962189633076.62,688751176.6232195,745.835060872226,0.0004391577667782,4727029947328.75,-1472.0567261123797,1.3475775385617916
0,-583588677360615.1,-12810280888.187277,-470.878100188721,-0.0093227847674733,5815517322893.456,-40726.6828551371,1.3664079870494956
0,-1126780431384196.8,-23417220904.1285,-355.7543246299897,-0.0068685684416847,7154649348474.241,-41647.21219187579,1.3886727226859166
0,-1642334090184083.5,-33280661891.671696,-275.2705927909781,-0.0052180481930384,8802141659541.008,-41684.03572632072,1.4155611102465362
1,-485682377451433.3,806801242.3177943,603.5931206759691,0.0003879583812188,8802141659541.008,54.070427514845505,1.4155611102465362
0,-2124113874706583.2,-42323010778.44496,-203.8444630075327,-0.0037831786727338,10829000000000.014,-41684.10224365123,1.4489330743492936
1,-878171782509838.2,-9948773110.572643,-414.109908281687,-0.0039223320088146,10829000000000.014,-42152.64400721113,1.4489330743492936
