particle_id,x,y,vx,vy,time,energy,faug
0,-253791116377847.03,61574074040795.055,687.6117044132476,38.96099611471477,5815517322893.456,-32.57823726494098,1.3681056422796156
0,-128868023104157.8,-617582696210929.2,-177.0456091972771,-443.1921481110479,7154649348474.241,-34476.001992141726,1.3895470979777018
0,-390046458439617.25,-1226487161652504.0,-143.05595091452457,-315.9348734754047,8802141659541.008,-35943.649674686436,1.4157049903248122
0,-650136509267650.1,-1777890358181591.0,-114.91243844185604,-233.9119638338906,10829000000000.014,-36066.043587923574,1.4483481045440567
1,-667777010030615.8,58959597257596.93,558.0687526479757,24.216286282336632,10829000000000.014,1133.4975990621317,1.4483481045440567
