particle_id,x,y,vx,vy,time,energy,faug
0,-175420157124839.2,4753179373.139079,748.8738817431171,0.0029910344156545,4727029947328.75,-692.0610540343914,1.3466160182432731
0,-585688465136464.4,-89050811415.18965,-472.061640454564,-0.0648010926707895,5815517322893.456,-39882.612159388154,1.3652820921726636
0,-1130888770806057.0,-162883707006.4941,-357.4745442063647,-0.047876113640473,7154649348474.241,-40786.42844449423,1.3873296332937637
0,-1649569390387673.0,-231733688567.02472,-277.32718275327073,-0.0364833584661929,8802141659541.008,-40820.403981421165,1.4139207633330242
1,-482553594927830.6,4797155350.378732,606.1387361555987,0.0022993074545779,8802141659541.008,809.0961058546382,1.4139207633330242
2,-482284399885539.75,4868081619.819017,606.358157679807,0.0023326454257868,8802141659541.008,874.1695124151302,1.4139207633330242
0,-2135923409789308.8,-295102370279.768,-206.37451858089503,-0.0266008555003518,10829000000000.014,-40819.81901311356,1.4468669947102983
1,1088914141671524.0,45083148239.94101,688.5062515469879,0.0150725789294434,10829000000000.014,127370.78319690027,1.4468669947102983
2,1243561680539674.8,125336156892.13976,794.3095010241534,0.0543504768236328,10829000000000.014,216045.0524343615,1.4468669947102983
