particle_id,x,y,vx,vy,time,energy,faug
0,-482664283176891.3,421972946252.6831,606.0484878735932,0.2022777866416913,8802141659541.008,782.3841720914934,1.413920825404397
0,-882082674997898.6,-5246521408411.062,-414.997514555503,-2.0677483725265873,10829000000000.014,-41378.67596726067,1.446867046313248
