particle_id,x,y,vx,vy,time,energy,faug
0,-348752347394455.6,6660680500676.482,651.1284996669546,3.666188155732808,7154649348474.241,166.21557382447645,1.3873503756367265
0,-767953997119370.9,-95319897362083.77,-430.2917617421764,-46.09627148414193,8802141659541.008,-41050.89967481,1.4139374880474085
0,-1482216596241739.8,-169750845954940.6,-293.7193502612246,-29.849589908717064,10829000000000.014,-42707.51070535476,1.4468808985854005
