particle_id,x,y,vx,vy,time,energy,faug
0,-121834736947435.48,784609829.8145019,802.9683895198331,0.0004369933957711,3842274192010.384,-1584.612435992749,1.3305470492360196
0,-504402495894103.9,-16565177129.14852,-492.07673076539186,-0.0148057957686232,4727029947328.75,-39627.54423763383,1.3466160182260256
0,-974580378984131.0,-30570313280.5321,-385.6465014261996,-0.0113957521993697,5815517322893.456,-40286.43605683827,1.3652820921593265
0,-1437490992635604.8,-44164889352.38312,-310.5797667515718,-0.0090668137981904,7154649348474.241,-40293.203220513235,1.387329633283258
0,-1891842111798718.0,-57349660063.77654,-244.02332494672177,-0.0070362091970781,8802141659541.008,-40293.19411786629,1.4139207633245534
0,-2321299592096287.0,-69643343046.64215,-183.6389042974305,-0.0052151688575854,10829000000000.014,-40292.98513446232,1.4468669947032562
