particle_id,x,y,vx,vy,time,energy,faug
0,-521150738723642.0,404141748569783.7,466.8458963958412,275.40837274792557,7154649348474.241,2297.994320079306,1.5338158419464087
0,326625312594053.94,686531883793329.6,513.0572241360682,61.32087140014006,8802141659541.008,-2726.8246389068663,1.516307056100204
0,1257098339758142.8,678557886860470.5,408.827672280862,-43.58286910780196,10829000000000.014,-4824.034467948164,1.524865546491836
