particle_id,x,y,vx,vy,time,energy,faug
0,-483265229248716.94,330723861769.38763,605.5589616599146,0.1586358124484631,8802141659541.008,637.1804828677559,1.4139208022664889
0,-881306616784568.9,-4105252139970.667,-414.82054732489456,-1.6180599825891433,10829000000000.014,-41533.13597360472,1.4468670270775807
