particle_id,x,y,vx,vy,time,energy,faug
0,-89327934290070.94,52350673821663.45,808.9655821957012,37.19650221456793,3123117714735.799,-1367.033023182361,1.3205493044097278
0,203658177369089.88,-333378693120825.2,181.4241938499057,-521.243693966276,3842274192010.384,-26094.93972508432,1.333559860479884
0,338130357690731.6,-746705309852187.2,131.79149384495182,-426.1137309986331,4727029947328.75,-26801.447482039148,1.348902631681229
0,465201395661526.75,-1172528265709087.2,104.17873043351672,-360.7579162836721,5815517322893.456,-26802.575978138353,1.3670456398465909
0,589391025776731.1,-1615829201490982.0,82.669240214847,-304.13078007103553,7154649348474.241,-26802.431579665412,1.3887161819410834
0,709388894159720.1,-2071476133801360.0,64.21962934501683,-251.9097930812255,8802141659541.008,-26801.625336148732,1.4150372972005365
0,823791137201078.5,-2535208493731815.5,49.72897746049191,-208.482342573004,10829000000000.014,-26801.62533614873,1.4477943601389136
