particle_id,x,y,vx,vy,time,energy,faug
0,-664556854157327.8,532202909.8931608,560.491004862818,0.0002179341027015,10829000000000.014,1229.4308393458778,1.4468669947030863
