particle_id,x,y,vx,vy,time,energy,faug
0,-660678615509356.8,7301486472462.886,562.9210117617125,2.9831977473428797,10829000000000.014,1953.5633673602424,1.4442215970948509
1,-658676043204121.2,7611378233800.26,564.1809680653236,3.1061217860518795,10829000000000.014,2325.240532682743,1.4442215970948509
2,-660501127185927.6,7211892590659.125,563.0328198056327,2.9462816571208426,10829000000000.014,1986.2312226117936,1.4442215970948509
