particle_id,x,y,vx,vy,time,energy,faug
0,-478676599824479.6,9889775027.315426,609.3051065583761,0.0047207819392538,8802141659541.008,1748.0042546400218,1.4118014996144046
1,-479559149973069.6,9220391203.833445,608.5831390489341,0.0044054246876504,8802141659541.008,1533.950953834894,1.4118014996144046
0,-4.631100658477286e+18,-3.4179075717982148e+16,-3282575.5208769785,-24226.427943042778,10829000000000.014,5387944485007.176,1.4442037106850871
1,5.244852400004297e+17,-1393966776427702.0,371749.2369745169,-988.0611151868388,10829000000000.014,69099235474.99385,1.4442037106850871
2,-660113373615107.0,9746473781.029564,563.2830794906324,0.0039807503188462,10829000000000.014,2050.5640937651624,1.4442037106850871
