particle_id,x,y,vx,vy,time,energy,faug
0,-662206608049333.5,52518614028672.85,561.6377567255619,21.497083756424264,10829000000000.014,2058.5629397430166,1.4453977842452022
