particle_id,x,y,vx,vy,time,energy,faug
0,-659008412253186.5,3675283651.460638,563.9786840186449,0.0015001102535984,10829000000000.014,2255.2978120665357,1.4442037106506331
