particle_id,x,y,vx,vy,time,energy,faug
0,-345800642567897.44,32594631078145.004,653.7434123500004,17.87721943499083,7154649348474.241,1452.0198158286512,1.386032096079708
0,-634630889417254.2,-432145059067518.7,-382.7132373268176,-217.287178321684,8802141659541.008,-38524.948926715704,1.4121559580869023
0,-1276639071601488.2,-785058940225021.8,-266.8812942337566,-142.58302973245765,10829000000000.014,-40192.7174295147,1.4444975557883182
