particle_id,x,y,vx,vy,time,energy,faug
0,-33339108945262.78,18480245939246.273,1001.3894987729748,-36.95170716544352,2063423411482.4,-3154.0477600254817,1.293817129806015
0,-20246693083629.258,-303641007012628.56,-94.38555332848806,-562.3307068308889,2538565384109.942,-31159.42456105817,1.3043749296161449
0,-72782515704588.97,-602553194494074.9,-85.67162687344002,-471.9227535649626,3123117714735.799,-31439.704438779547,1.3163700206072386
0,-131254976742008.16,-917654044236548.0,-77.30245044240094,-408.844833030158,3842274192010.384,-31439.415535052685,1.3300632015621725
0,-195945494169152.9,-1254340410249828.2,-69.23756788568015,-355.06553684241925,4727029947328.75,-31439.16336828014,1.3458238151218604
0,-266798908173347.97,-1612552949509030.2,-61.211969006291106,-305.2244647344624,5815517322893.456,-31438.971547995236,1.3641744153451274
0,-343107361048467.44,-1987585505411296.0,-52.99577121024154,-256.6533087750602,7154649348474.241,-31438.20845209957,1.3858676948717163
0,-423702345339018.9,-2371977919687746.0,-45.25901253022817,-212.60064323952625,8802141659541.008,-31438.208452099552,1.4120237408764658
0,-507956960274766.4,-2761441564867583.5,-38.20498257657755,-173.6895968447367,10829000000000.014,-31438.20845209957,1.4443879686057055
