particle_id,x,y,vx,vy,time,energy,faug
0,-341124220486607.9,14252476277168.287,659.2677381156511,7.727335782908238,7154649348474.241,2616.722912774916,1.3834376937984476
0,-754737285769857.6,-206164350067110.12,-425.39743413565975,-100.25953104785393,8802141659541.008,-38239.715598285125,1.4091449068621402
1,-474166436504788.25,11597768939776.604,612.9702124101699,5.509521911605652,8802141659541.008,2875.204037630814,1.4091449068621402
0,-1465783847834808.5,-369346545251404.3,-294.5304410085801,-66.00674567920112,10829000000000.014,-39820.11589264837,1.440844757007543
1,-879948899075308.1,-146543955046702.84,-414.1229474861997,-57.91892846461069,10829000000000.014,-39053.915356768106,1.440844757007543
