particle_id,x,y,vx,vy,time,energy,faug
0,-340352996083984.7,597989263.4422472,660.2225855936068,0.0003235255936076,7154649348474.241,2787.1317253872694,1.3833500097926583
0,-785468703418624.2,-8830322907.003475,-436.1570404495762,-0.0042604989454148,8802141659541.008,-38295.23174303256,1.4090745179384776
0,-1513783258970713.0,-15765905297.843325,-301.37476351379047,-0.0028052411286702,10829000000000.014,-39858.75756629869,1.4407865793776078
