particle_id,x,y,vx,vy,time,energy,faug
0,-340740319091024.0,2492236807.603674,659.8012592775315,0.0013494675162988,7154649348474.241,2665.0521304118156,1.3833500097952995
0,-784953498421710.4,-36755803247.50669,-435.9863066360664,-0.0177345893191524,8802141659541.008,-38425.652863110576,1.409074517940598
0,-1512776468471955.0,-65614886775.79438,-301.0820612659324,-0.0116681259603641,10829000000000.014,-39993.29104869166,1.4407865793793604
