particle_id,x,y,vx,vy,time,energy,faug
0,-474167664650930.4,1338651633.9480495,613.0046920562276,0.0006358491764719,8802141659541.008,2844.5485775614216,1.4090745179392286
0,-893186370089782.8,-17034699296.52435,-417.57497498464033,-0.0067076317793541,10829000000000.014,-39183.31658149809,1.4407865793782284
