particle_id,x,y,vx,vy,time,energy,faug
0,-341197008056688.5,8749832126.983765,659.3048411599895,0.0047423442549547,7154649348474.241,2521.1536618676037,1.3833500098386495
1,-341152428708912.3,10263541778.10299,659.3532776501803,0.0055622396801998,7154649348474.241,2535.1956748839875,1.3833500098386495
0,3986048740192176.0,-357765235582.41785,3089.059486277247,-0.2791148493962598,8802141659541.008,4737859.961875207,1.4090745179754005
1,4014959888432960.0,-424209258971.65265,3111.4532595500086,-0.3309118231925828,8802141659541.008,4807526.091711236,1.4090745179754005
0,1.0238420561936768e+16,-922708134279.7708,3082.472470755336,-0.2785224248386204,10829000000000.014,4737859.961874895,1.440786579408127
1,1.0312845807300692e+16,-1094011751546.796,3104.960825330131,-0.3302244705104127,10829000000000.014,4807526.091710923,1.440786579408127
2,-653277630653730.5,9894426850.078909,567.5948134467892,0.0040245583669823,10829000000000.014,3320.5817559321586,1.440786579408127
