particle_id,x,y,vx,vy,time,energy,faug
0,-251217865957492.3,78723057928930.45,688.6710437129375,49.988644373523,5815517322893.456,2343.647803554515,1.3666876756375066
0,67572507452132.93,-614008249697472.6,-54.935557957107456,-488.97764028992634,7154649348474.241,-29123.988356782807,1.387059315232857
0,-30098986394287.55,-1292643993005570.8,-59.94208306769807,-355.87386351052425,8802141659541.008,-30644.622072547,1.4120417448420874
0,-147566410387050.75,-1921184167538420.8,-55.5209705827108,-270.34389815011804,10829000000000.014,-30751.136627245814,1.443232977337389
