particle_id,x,y,vx,vy,time,energy,faug
0,-51109175995094.1,8307101571889.209,957.9744973081404,-6.989546543579424,2538565384109.942,-1152.0024323913383,1.3024222720894163
0,-307335973316148.4,-207543426585165.7,-457.7674683103682,-284.398427301712,3123117714735.799,-35276.88753770827,1.314500177658411
0,-605154211274808.5,-391239615254023.6,-379.9211855322115,-233.0636626809006,3842274192010.384,-35598.70337586908,1.32818280270523
0,-914877931491663.4,-580487959338605.1,-323.94830478514444,-197.23650847465737,4727029947328.75,-35598.445134198264,1.3438461490839992
0,-1239650381435657.5,-777586320871844.2,-275.2001818216959,-166.4914063584395,5815517322893.456,-35598.188659898304,1.362008483724134
0,-1576151154308036.8,-980509659579566.0,-229.1678213496523,-137.74091426241,7154649348474.241,-35598.07893227945,1.3834050060582332
0,-1915656531521216.0,-1183822722258398.0,-185.45677269851805,-110.6394473861729,8802141659541.008,-35597.65018709602,1.4091186679580283
0,-2250741342915087.5,-1382903490231549.5,-147.20959914931544,-87.07171421010885,10829000000000.014,-35597.65018709602,1.4408230709294612
