particle_id,x,y,vx,vy,time,energy,faug
0,-118380903350449.23,119886926215.7582,812.8040979210903,0.0611030951843938,3842274192010.384,599.7951843774063,1.3280632658501972
0,-509111322407255.75,-2581613097841.293,-495.4541966768482,-2.3067509350365247,4727029947328.75,-37240.02853777399,1.3437553017789976
0,-983756824348426.0,-4770362273957.434,-390.2558093677229,-1.785993776300813,5815517322893.456,-37863.80312317175,1.3619384315097651
0,-1453378631750922.0,-6907057823955.9,-315.9560027326605,-1.429530000504198,7154649348474.241,-37868.59224438632,1.3833500175932754
0,-1917256045456020.5,-8994200856863.967,-250.20090462885895,-1.11914064444632,8802141659541.008,-37868.57696795564,1.4090745242010074
0,-2360829205424947.5,-10965442051300.148,-191.4586613744595,-0.8449365279862806,10829000000000.014,-37868.44202514113,1.4407865845540049
