particle_id,x,y,vx,vy,time,energy,faug
0,-117968746242241.22,99056958278.29826,813.9968542729796,0.0499008981105779,3842274192010.384,860.607713489444,1.32806325953196
0,-509676109841079.25,-2138103616326.901,-495.86030856183874,-1.9103934858037397,4727029947328.75,-36954.64396119739,1.343755296976454
0,-984856322673232.4,-3951424877395.2134,-390.8061401425833,-1.4801370230559134,5815517322893.456,-37574.3282909751,1.3619384278061386
0,-1455278147788009.2,-5722793266763.305,-316.5961636989117,-1.1855435318002852,7154649348474.241,-37578.91394258288,1.3833500146858433
0,-1920288556641324.8,-7454512772314.1,-250.93485054693696,-0.9290677921460184,8802141659541.008,-37578.898034751815,1.4090745218668486
1,-473006023224813.1,104107197005.1819,613.9608557993648,0.0493860360471659,8802141659541.008,3127.850357756426,1.4090745218668486
0,-2365539518989357.0,-9092483044566.158,-192.38581538952857,-0.7029034823885999,10829000000000.014,-37578.90044160711,1.4407865826246675
1,-894700591459029.6,-1328980696680.613,-417.9301200962077,-0.5232403223565163,10829000000000.014,-38882.94393102624,1.4407865826246675
