particle_id,x,y,vx,vy,time,energy,faug
0,-28411697722196.42,87221525182.75008,1110.6787740220966,-0.4317868123490367,2063423411482.4,-1089.1111568625784,1.290110150480689
0,-319769744336931.94,-2783956702269.095,-558.8138104116053,-4.600517023900912,2538565384109.942,-33973.29138420423,1.300792369641369
0,-617825399780295.2,-5227030497339.199,-471.3403305988533,-3.850769138411527,3123117714735.799,-34179.08655630218,1.3127487245701877
0,-932629121826770.2,-7792861159401.054,-408.4368772663041,-3.322097181119013,3842274192010.384,-34178.7939361444,1.326254469805087
0,-1268774727344041.5,-10521944523204.133,-354.19790578448874,-2.8706777776528174,4727029947328.75,-34178.54297104397,1.3416760180349778
0,-1625620428674862.0,-13409139435981.203,-303.5615362396828,-2.451920261498115,5815517322893.456,-34178.34926677938,1.359513816897859
0,-1997717513149399.2,-16409158714857.8,-253.88848231013648,-2.043076198196567,7154649348474.241,-34178.26949742326,1.380472652608376
0,-2376109247913679.5,-19447875387251.35,-208.10907943077547,-1.667714625049029,8802141659541.008,-34178.26949742324,1.4055836048586154
0,-2754468432744757.5,-22472868286327.54,-167.24646142507933,-1.3337965158793983,10829000000000.014,-34178.26949742325,1.4364281963359449
