particle_id,x,y,vx,vy,time,energy,faug
0,-167245025136601.25,718539973.4203041,765.3761231772174,0.0004176235620317,4727029947328.75,3459.0019983490347,1.341676007640109
0,-596842199655771.9,-13989450083.279495,-478.3993836896123,-0.0101747924311753,5815517322893.456,-35377.08263191243,1.3595138088972645
0,-1152708970693059.0,-25667292605.980515,-366.5728610584242,-0.0076247641922832,7154649348474.241,-36195.99486569366,1.3804726463430184
0,-1687879388526869.2,-36711406770.58846,-288.14974989419915,-0.0059000565707286,8802141659541.008,-36217.64448641801,1.4055835998442416
0,-2198329383727048.0,-47078284143.697105,-219.70494374303536,-0.0044231465216055,10829000000000.014,-36216.59362997789,1.4364281922081896
