particle_id,x,y,vx,vy,time,energy,faug
0,-501501099243356.56,202771003183610.25,582.6733321174262,101.5701429157433,8802141659541.008,5299.33381263254,1.4216716515031402
0,531217615141823.94,-440737247761012.6,192.4849955165107,-478.00015346965375,10829000000000.014,-18924.30237671884,1.4494869242684394
1,-672121225020061.0,198948593958072.56,551.5032053714799,82.80084690649834,10829000000000.014,5464.423068200849,1.4494869242684394
