particle_id,x,y,vx,vy,time,energy,faug
0,-642883941788957.0,69132312807.3786,574.1903069907135,0.0279359487534362,10829000000000.014,5267.3143021247815,1.4364281938323435
