particle_id,x,y,vx,vy,time,energy,faug
0,-568872331358886.8,345070876368450.0,524.2389870790057,183.82218490436185,8802141659541.008,5958.886159968446,1.450709813013188
0,607264628464827.8,314347396676587.2,499.03744620534985,-211.7690270322635,10829000000000.014,-5765.497226693318,1.4721302339779636
