particle_id,x,y,vx,vy,time,energy,faug
0,-457339542657233.75,2852566407736.583,626.9810005152106,1.3282220451409104,8802141659541.008,6981.7888564390305,1.4011466242795507
0,-914380051381842.0,-37976586645632.266,-422.668876518838,-14.934236358133775,10829000000000.014,-34769.24483253462,1.430913067299148
