particle_id,x,y,vx,vy,time,energy,faug
0,-457780025535905.3,4038904270.3134255,626.6138963652347,0.001881635948422,8802141659541.008,6870.834536250855,1.401143895449085
0,-914658437463492.8,-53731501012.68192,-422.7562777062626,-0.0211260506412566,10829000000000.014,-34893.005585373656,1.4309108325068045
