particle_id,x,y,vx,vy,time,energy,faug
0,-633405601773606.2,2955375177.7484784,580.2482736142006,0.0011867559890351,10829000000000.014,7058.924060763122,1.430910832505027
1,-630329138368047.1,3249147483.090295,582.223761326432,0.0013019697453879,10829000000000.014,7643.758192164096,1.430910832505027
