particle_id,x,y,vx,vy,time,energy,faug
0,-328533621941284.56,133564610499.0004,673.2305659320217,0.0703429533599542,7154649348474.241,6534.852256132814,1.3768003658815
0,-801248369969552.1,-2049318068322.4348,-441.47276377236767,-0.9880685410204516,8802141659541.008,-34275.725378095056,1.401143901797474
1,-457840671301156.25,129951522068.04028,626.5630350872933,0.0605461493382009,8802141659541.008,6855.8217854636605,1.401143901797474
0,-1544672552267921.8,-3675451932361.4336,-310.32434426609046,-0.6652234518719179,10829000000000.014,-35717.213951457255,1.430910837705869
1,-914575501532679.2,-1728518317287.652,-422.7348363686448,-0.6796175900604141,10829000000000.014,-34909.68670731857,1.430910837705869
