particle_id,x,y,vx,vy,time,energy,faug
0,-329870743457895.9,77442059268.77907,671.7438467151085,0.0409172841577027,7154649348474.241,6108.729548718693,1.3768003610472284
0,-799461022451778.1,-1183095085298.0544,-440.8639365214379,-0.5704659790028065,8802141659541.008,-34733.13157395828,1.4011438979435984
0,-1541171373000817.0,-2120827798418.7117,-309.3133474578353,-0.3831382507609563,10829000000000.014,-36188.07060190368,1.4309108345497064
