particle_id,x,y,vx,vy,time,energy,faug
0,-640628855889686.9,455591080094581.1,469.3556567645478,251.19587479137377,8802141659541.008,8354.895373503008,1.5129848156388814
0,420615509109300.1,728572991186761.4,517.6549111947447,5.6864535762571595,10829000000000.014,2154.455404605018,1.5136417905029484
