particle_id,x,y,vx,vy,time,energy,faug
0,-458534549316290.6,305606184797.8417,625.9814096727583,0.1425098985248103,8802141659541.008,6684.087770160462,1.4011439364814628
0,-913655735818585.2,-4057317663771.56,-422.5075953567865,-1.5953470986040037,10829000000000.014,-35092.82613594175,1.4309108661106007
