particle_id,x,y,vx,vy,time,energy,faug
0,-74066144361285.31,19985017234.89904,903.118792447264,-0.0015460833916307,3123117714735.799,3889.545331554138,1.3106994731968014
0,-443875797518243.25,-503184857856.2294,-522.3410096949123,-0.5517303621610676,3842274192010.384,-32182.484028695035,1.3239301217726227
0,-857959981429754.0,-937633576595.8688,-425.734044380212,-0.4443659503546632,4727029947328.75,-32579.66026140406,1.3390089957852378
0,-1281379130983187.5,-1377885508059.3923,-356.8443604213436,-0.3697237836995545,5815517322893.456,-32579.47054837158,1.3564107838812816
0,-1716986386033422.5,-1827725011062.9023,-296.66288114318235,-0.3053511896119538,7154649348474.241,-32579.32640924616,1.376800358101918
0,-2157117630025891.2,-2279171624326.402,-240.52759799116504,-0.2458231005260228,8802141659541.008,-32577.917863684383,1.4011438955956006
0,-2593280675155528.5,-2723276061208.5557,-192.78130906478688,-0.1955293141563363,10829000000000.014,-32577.91786368438,1.4309108326267943
