particle_id,x,y,vx,vy,time,energy,faug
0,-614186704563664.4,55164638332.974655,592.6666266149059,0.0218483766908272,10829000000000.014,10738.7401606738,1.4239915237959766
