particle_id,x,y,vx,vy,time,energy,faug
0,-228509288176520.97,15321581497659.24,728.5842589417291,8.503605180790085,5815517322893.456,8173.729231959849,1.3526111178696594
0,-648989405316049.8,-263328050862477.28,-438.6898535769828,-157.80400630363854,7154649348474.241,-30979.699281019435,1.3722608589099814
0,-1268537805594606.2,-482483919374469.5,-328.25434855022974,-114.51864353703724,8802141659541.008,-32011.22616797225,1.3956335291477562
0,-1850667392336289.2,-683301209899252.2,-251.07216288581083,-85.61867867774059,10829000000000.014,-32067.78689950436,1.424064493400681
1,-619808291810720.0,13620242956315.557,588.9878125083728,5.41749410628138,10829000000000.014,9683.047896102304,1.424064493400681
