particle_id,x,y,vx,vy,time,energy,faug
0,-111040471999489.44,167120476416093.8,561.7437762642742,394.54321912010846,2063423411482.4,11858.529377063796,1.3890903594848891
0,162368375811992.12,317671453901187.5,564.6189965203288,256.66441835164596,2538565384109.942,9953.04223024618,1.3610143429857762
0,477486821688259.44,446376762878224.0,515.13167049931,193.20670342061993,3123117714735.799,9861.727811938792,1.35143617609641
0,830505649388555.0,570792284403598.2,469.034673840169,156.56994055742385,3842274192010.384,9862.016109891209,1.351461624072667
0,1226024267898157.0,696830122034172.6,427.016171762259,130.39593299843563,4727029947328.75,9862.21455350428,1.357748577440826
0,1668346904565637.5,826596977559994.8,387.3476701420154,109.38448119904196,5815517322893.456,9862.327765261274,1.3689591015767395
0,2161180748610456.0,960723669326465.0,351.2459907451316,92.43150273523126,7154649348474.241,9862.499738374165,1.3847382699934498
0,2714372570053264.0,1102017610851766.6,322.3045795756321,80.12760383807495,8802141659541.008,9862.499738374172,1.4054037250800058
0,3341875260375947.0,1254239199820411.2,298.41273339514044,70.79611796604614,10829000000000.014,9862.499738374188,1.431942805493544
