particle_id,x,y,vx,vy,time,energy,faug
0,-220191901820300.28,42721940696675.99,738.8652595972521,22.966128513185495,5815517322893.456,12534.044369378797,1.3486755322058586
0,-351831373681908.06,-598645841512112.2,-288.9764794290888,-387.6057241848279,7154649348474.241,-23479.09770371871,1.3672221917231533
0,-769380800888471.2,-1142955627997960.2,-225.8032041365003,-287.84228747835937,8802141659541.008,-24498.049110672266,1.3892730095144477
0,-1177776134500114.8,-1654698480573777.8,-179.97795400098866,-221.76246066910952,10829000000000.014,-24536.87394599946,1.4159955240612825
