particle_id,x,y,vx,vy,time,energy,faug
0,-39384844387688.85,883020199.0233694,1061.4495703427012,-0.0024736246081854,2538565384109.942,9055.648416520096,1.2936447877041464
0,-387944555455815.4,-26931699412.998425,-552.6843334591454,-0.0362032925862375,3123117714735.799,-24475.19977563183,1.3047374450778724
0,-749639210808641.9,-50513501706.12297,-463.8277571191869,-0.0301341042254569,3842274192010.384,-24706.119516456543,1.317190310313323
0,-1129855711931292.5,-75152617655.13487,-399.999196002253,-0.0258627081673817,4727029947328.75,-24705.841145771337,1.3313062173554908
0,-1533715739155379.8,-101212423675.92796,-344.8580975659912,-0.0222101559752476,5815517322893.456,-24705.602106906874,1.347491647487428
0,-1959563731287220.8,-128586351467.74706,-293.2505474031438,-0.0188144734857289,7154649348474.241,-24705.519400409983,1.3663071888007297
0,-2402096332147093.0,-156923271621.34714,-247.0899176989632,-0.0157921643989494,8802141659541.008,-24705.44647925831,1.388552206489178
0,-2861161305652588.5,-186207766456.1246,-208.15799274710605,-0.0132536312209735,10829000000000.014,-24705.446479258306,1.4154139356401731
1,-600120949272893.0,922089493.3376554,601.8777539534531,0.0003611800201292,10829000000000.014,13471.059738896787,1.4154139356401731
