particle_id,x,y,vx,vy,time,energy,faug
0,-309642268899922.94,58989721405451.195,692.1082953189709,29.89271264372617,7154649348474.241,13904.547071493696,1.367769107071843
0,-362218624103502.56,-708512347385163.2,-267.3753748079534,-384.7274057021043,8802141659541.008,-22556.37233441825,1.3897031856295443
0,-831792090523353.9,-1356891522912416.2,-203.8672169629243,-272.354568152188,10829000000000.014,-23933.552779329228,1.4163422390730165
1,-600546954670083.5,52931343559038.97,601.1514240815337,20.771016658713943,10829000000000.014,13801.353279086616,1.4163422390730165
