particle_id,x,y,vx,vy,time,energy,faug
0,-431596436476837.8,9525230341185.389,648.9142584894873,4.278713910972796,8802141659541.008,13453.547667376784,1.3885796812522004
0,-938790505332323.0,-135215953319268.44,-428.6743083341594,-53.19170733062852,10829000000000.014,-27790.487388871567,1.4154361185096846
