particle_id,x,y,vx,vy,time,energy,faug
0,-211969620188493.75,204843384643360.5,642.6649774966361,188.33925364540812,4727029947328.75,14465.405230603676,1.360006521311106
0,490435462019986.25,182836610366792.25,556.9680710539246,-142.18734257656422,5815517322893.456,4678.967488130671,1.3686030602663906
0,1141818883144510.5,-26968515709755.56,434.9069624085266,-160.53041966442913,7154649348474.241,3448.5314346101513,1.3822530193054503
0,1791151837077526.0,-286358497839523.9,359.3945526993225,-153.24415708636923,8802141659541.008,3429.9869463128416,1.4009160088513135
0,2456458720816278.0,-585123708823889.9,302.944193549967,-142.004299272192,10829000000000.014,3430.3013317843433,1.4252802666523283
