particle_id,x,y,vx,vy,time,energy,faug
0,-216479525552695.38,52815866812.41774,747.8051903966267,0.0271415182805879,5815517322893.456,12960.237640944018,1.3474916490632969
0,-719646419932419.6,-986983392079.8132,-471.6449760973652,-0.5838064143606098,7154649348474.241,-26253.448024940997,1.366307190020346
1,-310416513212302.7,52906075013.636765,693.7909268936768,0.0265291703136434,7154649348474.241,12359.79801426662,1.366307190020346
0,-1389520542545252.2,-1804917910552.3755,-356.8701192492284,-0.430903818477812,8802141659541.008,-27163.235804147916,1.3885522074508678
1,-825581110418433.2,-860369070142.3143,-449.9158247807394,-0.4144387609187282,8802141659541.008,-28014.705103813103,1.3885522074508678
0,-2026291084922029.2,-2566911878855.6914,-276.6860164786482,-0.3281152767348342,10829000000000.014,-27198.088254399074,1.415413936416653
1,-1592352994145458.2,-1552951041672.274,-323.9924028901822,-0.2877524605898794,10829000000000.014,-29282.659470526298,1.415413936416653
