particle_id,x,y,vx,vy,time,energy,faug
0,-19876004678450.19,3672997625.862571,1275.89853144882,-0.0438879543064417,2063423411482.4,7122.284735013498,1.2836814793368998
0,-329734329803211.9,-132788477896.6898,-572.6041364863435,-0.2190283816451309,2538565384109.942,-23988.29956123719,1.2936447877494437
0,-636846424685057.1,-249821257896.6616,-488.0289424995444,-0.1854543648759442,3123117714735.799,-24145.968768574123,1.3047374451113212
0,-964392920406346.0,-374043129920.9422,-427.08487622820246,-0.1616914697889546,3842274192010.384,-24145.674822720117,1.3171903103382434
0,-1317900578257480.2,-507676858369.521,-374.73943690338706,-0.1414617217856024,4727029947328.75,-24145.442723218977,1.3313062173742534
0,-1698223104301708.2,-651051586658.3545,-326.11972907734236,-0.1227793400269404,5815517322893.456,-24145.274772828045,1.3474916475017311
0,-2102142210428770.0,-802912007321.7368,-279.17004685312384,-0.1048144728354382,7154649348474.241,-24145.25532361521,1.3663071888117997
0,-2526268691303817.0,-961932192713.5664,-238.2104109072256,-0.08919407843477,8802141659541.008,-24145.255323615213,1.3885522064979066
0,-2970985284596626.5,-1128221088574.3914,-202.53867660241832,-0.0756295738885066,10829000000000.014,-24145.25532361522,1.4154139356472208
