particle_id,x,y,vx,vy,time,energy,faug
0,-594739643149933.8,339294539.7426374,605.4308999172436,0.0001323072310852,10829000000000.014,14524.991652730443,1.4154139356399202
