particle_id,x,y,vx,vy,time,energy,faug
0,-104145935015699.48,37775105901679.38,843.2739473277187,13.750590192471565,3842274192010.384,12032.19866438699,1.31848552916205
0,-55202113381749.445,-504637990736298.0,-122.54087434683962,-517.2256663248245,4727029947328.75,-18933.24420176528,1.3322797023554014
0,-179925757826573.25,-1004544940976737.6,-107.5300599708548,-415.3487967055587,5815517322893.456,-19506.2220434896,1.3482328733965236
0,-314467562116222.25,-1511011649249771.0,-94.01536946945208,-345.8909625140245,7154649348474.241,-19506.85542245058,1.3668803599982124
0,-458249228191286.56,-2029102198926442.8,-81.06415966637226,-286.30846671355175,8802141659541.008,-19506.862821101065,1.3890038903220576
1,-431685714814655.9,36526653318835.35,648.4062461399478,16.438405707230658,8802141659541.008,13721.20874246303,1.3890038903220576
0,-610585638496982.6,-2557436271672935.5,-70.01734206183893,-238.7512091782583,10829000000000.014,-19506.862821101065,1.415778474798297
1,-803966210506299.0,-483952384204063.8,-390.1610280304624,-196.57421243943205,10829000000000.014,-26578.288621157844,1.415778474798297
