particle_id,x,y,vx,vy,time,energy,faug
0,-218615101749180.6,36359609006.04585,744.3947360354038,0.018959507878614,5815517322893.456,12082.671169795562,1.347491648475743
0,-716737130214465.1,-673917431709.8484,-470.3119692836677,-0.3986687533045013,7154649348474.241,-27204.296122055577,1.366307189565619
0,-1383825454792181.0,-1231559601969.6172,-354.92984780674544,-0.2933220547388807,8802141659541.008,-28133.022882697864,1.388552207092307
0,-2016252843076044.5,-1749412902800.3623,-274.3373622491949,-0.222550751254976,10829000000000.014,-28171.208527525858,1.4154139361271467
