particle_id,x,y,vx,vy,time,energy,faug
0,-430833844772787.6,3146708448.617164,649.6081770728077,0.001411638126296,8802141659541.008,13625.73788642272,1.3885522064924023
0,-950241354799195.0,-44997767202.93443,-431.8583674627376,-0.0176590433351617,10829000000000.014,-27675.044590550373,1.4154139356427766
