particle_id,x,y,vx,vy,time,energy,faug
0,-217201005106107.12,5607951917910.3545,746.5940202925843,2.897440079080659,5815517322893.456,12682.764176531173,1.3475093625534282
0,-710707918938756.8,-103946738688127.34,-467.4256563066274,-61.5881448910548,7154649348474.241,-26490.86753244765,1.36632089879148
0,-1374464050667799.0,-190194523767414.12,-353.5465238337444,-45.41873789601257,8802141659541.008,-27408.431386643257,1.3885630169129306
0,-2005168522878615.2,-270479714237512.3,-273.97193293622666,-34.55453198757032,10829000000000.014,-27444.30821552226,1.4154226640137688
