particle_id,x,y,vx,vy,time,energy,faug
0,-597037617906882.2,17551592672.82752,603.9115745870487,0.0068574202236081,10829000000000.014,14074.355080336682,1.4154139357153377
