particle_id,x,y,vx,vy,time,energy,faug
0,-178303424788968.72,133440267847356.4,710.2982921208916,104.609631303735,4727029947328.75,13390.382302359998,1.348459789417641
0,488958144923610.75,-163312155776015.53,420.64518444098286,-372.4881641879787,5815517322893.456,-3987.417785166035,1.360292778907054
0,964076031827645.6,-622271150041810.0,309.9012307870848,-317.6899280237533,7154649348474.241,-5210.3556923739525,1.376069491522603
0,1419359337473856.2,-1107241144286842.8,248.12132663633156,-273.47887265611473,8802141659541.008,-5227.687394309556,1.39617119734617
0,1871384289132955.2,-1620337664380082.2,202.5727854753972,-236.01296993270435,10829000000000.014,-5227.7899525857065,1.421521371766378
