particle_id,x,y,vx,vy,time,energy,faug
0,-59846229203559.27,1369040595007.9043,979.87920971946,-1.3263114073110602,3123117714735.799,14698.394578754203,1.3005284963527306
0,-461080162736802.5,-38160398718446.18,-537.8457237488279,-41.7764396392586,3842274192010.384,-20031.458855356206,1.312450940963383
0,-891419049252231.0,-71403340834322.44,-446.1035166670146,-34.31737496948621,4727029947328.75,-20325.74808563161,1.3259155506172
0,-1338815552782463.8,-105715480724244.34,-380.37991968050494,-29.092824852602984,5815517322893.456,-20325.505512559463,1.3412860824160604
0,-1808099712273189.5,-141518844523609.66,-323.3446691189342,-24.6099504218185,7154649348474.241,-20325.37445690509,1.3590589528073398
0,-2295889130198636.5,-178555680855800.78,-272.30513828974625,-20.627960237752504,8802141659541.008,-20325.41128345442,1.379933023429918
0,-2803305793161453.0,-216910273559522.0,-231.1229605289305,-17.433283601668528,10829000000000.014,-20325.41128345441,1.4049298895660896
