particle_id,x,y,vx,vy,time,energy,faug
0,-206203832995629.9,1725810277369.3606,764.6209555837971,0.8185636338942773,5815517322893.456,17201.7166892839,1.3412868780565963
0,-732859670040973.8,-33524656571371.59,-477.7283408501303,-19.822753922727426,7154649348474.241,-21645.357947791505,1.3590595649576
0,-1415603092466769.8,-61505938858435.62,-365.8885595603841,-14.845925261721671,8802141659541.008,-22468.17966524331,1.3799335025910702
1,-412785951691512.2,1973593031655.2827,665.4986838028378,0.8587884090750846,8802141659541.008,18239.511269363284,1.3799335025910702
0,-2072650475677644.8,-87954791889456.53,-287.74081640448776,-11.492435527448457,10829000000000.014,-22490.27578323824,1.4049302728316266
1,-973775662127346.2,-29596754166869.008,-438.1710787388336,-11.604851902035405,10829000000000.014,-22730.034596781756,1.4049302728316266
