particle_id,x,y,vx,vy,time,energy,faug
0,-926611763384000.4,683562506645415.8,391.6695836217594,314.55236112013523,10829000000000.014,20908.35847736709,1.6305361613913232
1,-989267078760166.2,733199640734482.8,357.66182342642827,340.08702410526405,10829000000000.014,21633.605236944917,1.6305361613913232
