particle_id,x,y,vx,vy,time,energy,faug
0,-574021025788803.0,31832909917.508224,619.2717931451721,0.0121841841706472,10829000000000.014,18626.239670369047,1.404929244745648
