particle_id,x,y,vx,vy,time,energy,faug
0,-14797154138504.914,1838387247356.305,1432.549569468755,-40.20194964491096,2063423411482.4,11343.48876075761,1.2802891242472376
0,-327058171295494.7,-72276502764945.73,-568.0218957196371,-119.29354814109352,2538565384109.942,-18371.43757929455,1.28988147595446
0,-632612069860019.4,-136217579789548.5,-486.8035460180495,-101.5985902254721,3123117714735.799,-18507.623621079576,1.3005333831442725
0,-960173014530703.6,-204452722363242.25,-428.2020505151289,-89.05516739291096,3842274192010.384,-18507.33140819946,1.3124545693146148
0,-1315638198047529.2,-278276722279547.75,-377.955861108599,-78.3935978254152,4727029947328.75,-18507.110237717265,1.3259182712938649
0,-1700620038630011.5,-358028732591958.6,-331.3986143594336,-68.57000201034114,5815517322893.456,-18506.95662243673,1.3412881464456536
0,-2113195476513364.0,-443290580085979.06,-287.002903861673,-59.24060443835464,7154649348474.241,-18505.65407322166,1.3590605408289438
0,-2552918239576217.5,-533950015832388.5,-249.182571997372,-51.318655575412016,8802141659541.008,-18505.654073221664,1.3799342664539
0,-3023132047494128.0,-630684313032669.8,-216.63050885333865,-44.51898068941165,10829000000000.014,-18505.65407322166,1.404930883820097
