particle_id,x,y,vx,vy,time,energy,faug
0,-295190511861981.2,3601538173.193941,711.7377164585131,0.0017166138802578,7154649348474.241,17324.569552491244,1.3590579225398487
0,-846144753428930.1,-61472688881.119415,-457.2498146246628,-0.0295910325139947,8802141659541.008,-22665.755948412,1.379932216985697
0,-1632662490547898.2,-111501016071.11584,-335.4155441185635,-0.0210264494277906,10829000000000.014,-23800.05125012624,1.4049292445165742
1,-574473845253759.1,3922627283.702317,618.9664411262676,0.001502051632083,10829000000000.014,18535.876251650247,1.4049292445165742
