particle_id,x,y,vx,vy,time,energy,faug
0,-95670602030698.7,3789109275.719601,886.0852428720143,0.000250660006742,3842274192010.384,14959.579042972357,1.3124485870320517
0,-539969305592812.1,-92926673106.72858,-517.8572094202619,-0.0828589561401919,4727029947328.75,-21429.69841851259,1.325913785535116
0,-1043685094547519.0,-172950896867.0322,-419.9467922387915,-0.0663502047785398,5815517322893.456,-21858.805139206335,1.341284743336549
0,-1556273137568528.5,-253605943111.07217,-350.22580448374777,-0.0548990333244623,7154649348474.241,-21858.828498784336,1.359057922543168
0,-2080610129724846.5,-335503594480.1134,-289.5087734334326,-0.045058792214113,8802141659541.008,-21858.710245812166,1.379932216988295
0,-2613870440809571.5,-418222215851.1484,-240.41037661872645,-0.0371722730780813,10829000000000.014,-21858.710245812177,1.4049292445186523
