particle_id,x,y,vx,vy,time,energy,faug
0,-34800397503049.973,32194866186.581455,1112.5479040854416,-0.1311708983228977,2538565384109.942,12965.609727224102,1.2898705349095416
0,-393603668736724.06,-1029298994288.5692,-559.040689092996,-1.3825239213358838,3123117714735.799,-19895.803898276034,1.3005253278261355
0,-760473789873734.0,-1932627696809.8577,-471.6105333234937,-1.1574285123734147,3842274192010.384,-20100.80221453987,1.3124485883646688
0,-1148019496686086.5,-2881508347906.088,-408.73606095323794,-0.9986963144274784,4727029947328.75,-20100.520645525365,1.3259137865343746
0,-1561910494425145.5,-3890949358418.165,-354.52550999965996,-0.863165513640089,5815517322893.456,-20100.289664952616,1.341284744094638
0,-2001386869646362.5,-4959123513826.862,-303.94067583964045,-0.7375015012114443,7154649348474.241,-20100.07417672025,1.3590579231264297
0,-2463293298942954.5,-6078067247999.101,-259.84442077955975,-0.628466911627671,8802141659541.008,-20100.07417672024,1.3799322174448447
0,-2950394133029792.0,-7254368632147.148,-223.01356701637644,-0.5377481861997395,10829000000000.014,-20100.074176720245,1.4049292448838326
