particle_id,x,y,vx,vy,time,energy,faug
0,-256257615854745.75,26997781.33713419,688.2083620281646,1.6893205967349447e-05,5815517322893.456,-3134.3633510695654,1.3697842688305018
0,-665557945380309.1,-432070208.62159246,-447.3926511887209,-0.00025601966855,7154649348474.241,-43755.54001583587,1.3927096493851427
0,-1283276951989786.2,-778383694.7058446,-320.04205725892194,-0.0001762724773338,8802141659541.008,-45070.643116645864,1.420506227630728
0,-1836767707874775.5,-1078609690.8283885,-231.68146399092188,-0.000123578370697,10829000000000.014,-45219.37473444005,1.4551865189853208
