particle_id,x,y,vx,vy,time,energy,faug
0,-681292710345152.8,1412782326.6459377,550.047624469212,0.0005839328049655,10829000000000.014,-1831.670519416366,1.4551865189861513
