particle_id,x,y,vx,vy,time,energy,faug
0,-181356799927227.03,15062156868.535065,737.2939030196545,0.0099450172452592,4727029947328.75,-3689.219848112378,1.3504555768347264
0,-577603423777020.2,-274383681037.2429,-467.51506912816154,-0.1997385540498213,5815517322893.456,-43128.7304263156,1.3697842689942168
0,-1115059588344518.4,-500681340908.8178,-350.8301654143149,-0.1459520965728878,7154649348474.241,-44098.22393986261,1.3927096495146989
0,-1621645663148429.5,-709384077333.5662,-269.36440413109113,-0.1098723293329054,8802141659541.008,-44144.27053826465,1.420506227735818
0,-2090304962877639.5,-898475848875.1798,-196.60341884428792,-0.0783304798186765,10829000000000.014,-44144.16753767021,1.4551865190733873
