particle_id,x,y,vx,vy,time,energy,faug
0,-256220530932013.6,31565177952.57483,688.2605721117045,0.0197485937725714,5815517322893.456,-3119.659886453562,1.369784269493763
1,-256241092696552.88,31975903149.15574,688.2316054785792,0.0200070005214907,5815517322893.456,-3127.8239760137512,1.369784269493763
0,-7121567779715368.0,939307922106126.0,-6200.651550161644,828.6246183407844,7154649348474.241,19548879.42348249,1.3927096499100151
1,-3.205181468683029e+17,6.38358420350204e+17,-282943.05025095335,563686.6817155088,7154649348474.241,198899722228.64062,1.3927096499100151
0,-1.7335261865222238e+16,2304218292697321.0,-6198.926537529872,828.3962029020992,8802141659541.008,19548878.61176727,1.42050622805648
1,-7.866646423095809e+17,1.5670279032474143e+18,-282943.0472046208,563686.6881086265,8802141659541.008,198899725080.4881,1.42050622805648
0,-2.9899003549204704e+16,3983179659746751.0,-6198.421200851339,828.3289572382192,10829000000000.014,19548878.611767273,1.4551865193421063
1,-1.3601501173839962e+18,2.7095409683920015e+18,-282943.0471819259,563686.6880634174,10829000000000.014,198899725080.48813,1.4551865193421063
2,-681319815022225.0,33761018548.269817,550.0308009338248,0.0139543444022976,10829000000000.014,-1836.5871841268672,1.4551865193421063
