particle_id,x,y,vx,vy,time,energy,faug
0,-357719765041331.94,66902613630.23916,641.6152482486591,0.0374415069786499,7154649348474.241,-2639.079995577282,1.3927096515115631
0,-762415400666230.0,-933360851146.942,-428.6536155013482,-0.4508948782764705,8802141659541.008,-44103.6288229239,1.4205062293555797
0,-1468740468775626.5,-1654570382350.9658,-288.18727339421645,-0.2863043757125099,10829000000000.014,-45859.66372381849,1.455186520430769
