particle_id,x,y,vx,vy,time,energy,faug
0,-681262868920312.0,443056456256.1925,550.0661252257414,0.1831216977593097,10829000000000.014,-1826.2291704531815,1.4551865792767964
