particle_id,x,y,vx,vy,time,energy,faug
0,-256324449753675.5,6763725630873.697,688.0642547841635,4.2342539274243975,5815517322893.456,-3135.2870983298926,1.3698144659760922
0,-656339017502902.4,-107542690119746.28,-443.4142420349841,-63.91017243132117,7154649348474.241,-43543.649468712625,1.3927335451952405
1,-357760103303792.44,7158611184630.22,641.5471727987243,4.006945059356204,7154649348474.241,-2633.5870332000195,1.3927335451952405
0,-1268940056179374.0,-194022887831914.47,-317.5924543480611,-44.03752898356062,8802141659541.008,-44859.90347062895,1.4205256103508712
1,-755327030174514.9,-99413897451729.84,-426.2499418789769,-48.12360039244376,8802141659541.008,-44038.775932258766,1.4205256103508712
0,-1818589521553686.0,-269071174993234.16,-230.27258185483225,-30.91433930430775,10829000000000.014,-45007.54834024806,1.455202761707718
1,-1457964211459225.0,-176396737691719.8,-286.8023207812887,-30.56651291776038,10829000000000.014,-45797.652206706494,1.455202761707718
