particle_id,x,y,vx,vy,time,energy,faug
0,-85817743699906.42,7855917981326.519,851.0894334918701,2.9035282521602372,3123117714735.799,-5061.417138805264,1.3195473208890116
0,-389394495866327.2,-174116797561034.97,-471.8499232505579,-193.17616282890285,3842274192010.384,-41614.45869647815,1.3339531480403788
0,-760664723441148.9,-324746442980339.6,-379.14352516769225,-152.74830627605573,4727029947328.75,-42127.53603593183,1.3505176082645574
0,-1135120637384320.5,-474811706251120.75,-313.1999125664241,-124.89925492184425,5815517322893.456,-42128.27035049223,1.3698324113869842
0,-1513830768421282.5,-625121050379097.9,-255.14536765474608,-100.77842278178922,7154649348474.241,-42128.12432706995,1.3927477451727777
0,-1886669211261888.5,-771600729324694.1,-199.60679065671664,-77.95827765846369,8802141659541.008,-42128.09423357995,1.420537128038646
0,-2237526605411096.0,-907702873759893.6,-149.42057659418802,-57.51628759833446,10829000000000.014,-42128.094233579934,1.4552124132915438
