particle_id,x,y,vx,vy,time,energy,faug
0,-682644430688974.5,42375648384920.25,549.0128612686818,17.536881388790643,10829000000000.014,-1821.4878161941017,1.455865503120545
1,-682670255515281.1,43118999528067.6,548.9899487517976,17.845097338184072,10829000000000.014,-1817.1379325767048,1.455865503120545
2,-682645532862446.9,43545127576621.195,549.0012387422438,18.02141998206477,10829000000000.014,-1807.4089492861824,1.455865503120545
