particle_id,x,y,vx,vy,time,energy,faug
0,-257682642197652.25,33050445599897.555,685.0441263156498,20.89869826221583,5815517322893.456,-3090.5222484966507,1.3705768225346713
0,-467266659994175.25,-453305847431973.8,-355.8713146755674,-285.2596041420466,7154649348474.241,-41676.43373666456,1.393336324176022
0,-964266417125204.8,-840236629183358.2,-260.34084093798555,-197.78938872523815,8802141659541.008,-43066.14678066625,1.4210142615411765
0,-1419588171038323.0,-1179194275185918.5,-193.0636392129505,-140.62761071292243,10829000000000.014,-43214.44268671812,1.4556120838965918
