particle_id,x,y,vx,vy,time,energy,faug
0,-767344542426027.6,336170767652652.1,490.2772441877425,146.89920683956387,10829000000000.014,-1261.1867619721306,1.5082572324011898
