particle_id,x,y,vx,vy,time,energy,faug
0,-681289403427864.0,162520871.52789304,550.0496770356225,6.717319381635488e-05,10829000000000.014,-1831.0706313669216,1.4551865189853328
