particle_id,x,y,vx,vy,time,energy,faug
0,-356278941723024.7,1261055720568.7378,718.5058626638053,0.4782179355446729,8802141659541.008,33090.14803900203,1.3569797051105952
0,-1050072179339854.0,-21905664216132.87,-459.9211581953608,-8.569338114086902,10829000000000.014,-6752.794323943119,1.3774725138503472
