particle_id,x,y,vx,vy,time,energy,faug
0,-40701341628883.31,382265376.14684856,1134.2748156074902,-0.0014548550517733,3123117714735.799,28312.752021080116,1.2887737095259444
0,-486795905145134.9,-12449882551.255474,-561.3785658889578,-0.0135882773573829,3842274192010.384,-4282.535276062117,1.2993035658949377
0,-940478143225970.0,-23384737215.10762,-474.4573442839426,-0.0113991813169895,4727029947328.75,-4478.662983618866,1.3110762294991751
0,-1420557945843896.0,-34892665190.06642,-411.9249994510809,-0.0098544249417361,5815517322893.456,-4478.401988789861,1.3243571240507546
0,-1934254587079202.5,-47160022785.09307,-358.046751032787,-0.0085361635487745,7154649348474.241,-4478.29678244629,1.339498371129698
0,-2483832664815323.0,-60242470636.961845,-312.845848690563,-0.0074369854615188,8802141659541.008,-4478.35424063776,1.356979253604062
0,-3079915934781165.5,-74395570789.53247,-277.84334100301305,-0.0065897689862994,10829000000000.014,-4478.354240637753,1.3774721611631662
