particle_id,x,y,vx,vy,time,energy,faug
0,-272473252208679.75,146902865351571.22,720.2200242910693,71.5357305524006,7154649348474.241,33188.531001193274,1.346302715121801
0,536350553271696.25,-565108973592389.9,235.42827347086725,-481.65623546874343,8802141659541.008,9603.477459749469,1.3621634001593192
0,919991732748688.2,-1426572472091779.2,158.78511036772375,-382.40824706348315,10829000000000.014,8330.23314054616,1.3814986645043084
