particle_id,x,y,vx,vy,time,energy,faug
0,-166970276306109.22,383345382.3046631,836.9495635923503,9.67689767733452e-05,5815517322893.456,33558.372190797,1.324357124050717
0,-787226632497756.5,-8644321259.668428,-503.3956699335739,-0.0050995678152803,7154649348474.241,-3789.571911101884,1.3394983711296695
0,-1521382989848522.8,-16017801274.01048,-400.9402374707108,-0.003999770468021,8802141659541.008,-4337.431124357492,1.35697925360404
0,-2256150690025315.0,-23310530346.64358,-330.0522796211168,-0.0032607287356278,10829000000000.014,-4337.759058838601,1.377472161163149
