particle_id,x,y,vx,vy,time,energy,faug
0,-253926950955958.25,828948825622.6774,764.298248499699,0.3201235198277866,7154649348474.241,31044.48593503717,1.3394986024343851
1,-254025555742313.88,846333756542.9951,764.1643269521967,0.327064656370654,7154649348474.241,31011.33418531,1.3394986024343851
0,4836433224324152.0,6737624489114196.0,3454.2812077307217,4812.918316428769,8802141659541.008,17532123.994734313,1.3569794312683587
1,2511680519970013.5,1.188960007770344e+16,1796.7251616839264,8499.400088049031,8802141659541.008,37723093.79376238,1.3569794312683587
2,-352620831866176.6,808294648540.45,722.1439597073133,0.3028417141346485,8802141659541.008,34070.25349179015,1.3569794312683587
0,1.1836553726077648e+16,1.6491031022899184e+16,3453.349848790952,4811.620780452237,10829000000000.014,17532123.98931579,1.3774722999428608
1,6153186821375450.0,2.9115728333654636e+16,1796.5714390173998,8498.672554525723,10829000000000.014,37723093.78832901,1.3774722999428608
2,5.209046466624336e+16,-2420995566401680.0,31954.32654742321,-1485.8056369124208,10829000000000.014,511640757.5191238,1.3774722999428608
