particle_id,x,y,vx,vy,time,energy,faug
0,-91051103235915.3,86142300987616.56,834.459431533075,42.74855644148062,3842274192010.384,30649.415577659616,1.3056765204318646
0,417829610048031.9,-281379953874176.44,387.2548283297092,-442.14268215827474,4727029947328.75,11929.712489834812,1.315760354487182
0,789618973321681.9,-724541455999232.5,308.86860463687805,-379.3762274919825,5815517322893.456,11404.319366889962,1.3278431620148765
0,1168823099477800.8,-1199612979967237.5,261.4145289911281,-333.1306688262379,7154649348474.241,11404.424143311871,1.3421276676487113
0,1566652242487479.2,-1713936861476732.5,224.7381920550035,-294.2335368260318,8802141659541.008,11404.507987255403,1.3589924899101185
1,-356717065511623.9,79577787061660.1,714.3479448929006,30.865438103303287,8802141659541.008,34575.98920956763,1.3589924899101185
0,1994079441885393.5,-2279110568033042.5,199.3667501909208,-265.86374387977776,10829000000000.014,11404.507987255412,1.3790412958010576
1,-345097401393175.25,-944633328328272.4,-226.68220050695797,-423.8661427022688,10829000000000.014,-598.2301678184303,1.3790412958010576
