particle_id,x,y,vx,vy,time,energy,faug
0,-361171044324042.25,29202919922395.625,713.1872196967583,11.277367188326188,8802141659541.008,31997.46958260698,1.3572887608601103
0,-922378277054611.2,-473457782033004.5,-420.75836164272386,-188.98007169109695,10829000000000.014,-7232.754461373581,1.377713845833339
