particle_id,x,y,vx,vy,time,energy,faug
0,-506127543266003.94,2072861776.634172,666.7423611656258,0.0007312844780673,10829000000000.014,32522.509543836204,1.37747216116432
