particle_id,x,y,vx,vy,time,energy,faug
0,-493350710741029.6,221797143111.7347,676.1106564717913,0.0766868998513798,10829000000000.014,35210.204180033936,1.3774721696185557
