particle_id,x,y,vx,vy,time,energy,faug
0,-289337006402033.0,185129417426204.62,694.404296121736,98.16283405547566,7154649348474.241,32012.876216106142,1.3505446179160845
0,667444703159089.9,-332443876503956.7,359.483435980059,-414.21389522226394,8802141659541.008,12480.226238241305,1.3653526684079114
0,1264439514240302.8,-1088884326135541.6,251.341029578566,-340.5762838932051,10829000000000.014,11021.618975636928,1.3839529453860693
1,-526586302323607.5,171277475329388.75,645.6484775074837,63.79399075463261,10829000000000.014,32771.7922106132,1.3839529453860693
