particle_id,x,y,vx,vy,time,energy,faug
0,-248166417062370.8,899441788.2254803,772.2028858871768,0.0003327313091331,7154649348474.241,32984.870475730975,1.339498371129931
0,-910141596027369.4,-17782890958.536163,-480.96444664480566,-0.0085435212083155,8802141659541.008,-5706.699700203491,1.356979253604241
0,-1757955255845830.8,-32665646980.364723,-370.2056933049524,-0.0064369580332628,10829000000000.014,-6493.370798441785,1.377472161163306
