particle_id,x,y,vx,vy,time,energy,faug
0,-125276026070266.0,67896161715394.12,836.8496793611914,23.288891249193973,4727029947328.75,30147.25302858092,1.3139899062341631
0,219177776121261.1,-571937088954636.8,102.82368512508302,-540.8627742855979,5815517322893.456,3768.75963873876,1.326530782217955
0,331534743604173.44,-1221065215608558.0,71.12107236417845,-442.12527132404296,7154649348474.241,3167.4547077505267,1.3411405772362264
0,433487804219759.8,-1889864433691480.5,54.28172051709886,-374.4546267124529,8802141659541.008,3167.0366276134446,1.358238161269938
0,530984998186588.7,-2592096331576674.0,43.2530017050959,-323.64825474360083,10829000000000.014,3167.0919263972683,1.378454178820818
1,-503741665916197.0,66154722662599.27,667.318338044219,23.3733266894452,10829000000000.014,33711.902004952426,1.378454178820818
