particle_id,x,y,vx,vy,time,energy,faug
0,-261546171886219.1,98228434763410.12,743.1853071135338,43.04474211603734,7154649348474.241,32356.972492447705,1.3437191188557154
0,162254130154341.12,-810629361809536.2,-1.2009125511544616,-513.3097192844924,8802141659541.008,2630.0917656196543,1.360204925190447
0,138883058365640.62,-1713103753929891.0,-17.17374827504173,-394.862447468625,10829000000000.014,1556.09050571041,1.379982930071733
