particle_id,x,y,vx,vy,time,energy,faug
0,-215817128029057.97,10163358247.261244,820.0457276782129,0.0025825417345002,7154649348474.241,43947.85160417919,1.3268780852348332
0,-954325448104839.6,-221981819639.88733,-497.8954929957808,-0.1064961355456304,8802141659541.008,6256.2894676156575,1.3423921988386356
0,-1844135976949950.5,-410546983110.738,-393.5589050870624,-0.0827935943002958,10829000000000.014,5656.591866401373,1.3603481434425606
