particle_id,x,y,vx,vy,time,energy,faug
0,-122223501557727.88,129113648391751.6,800.2177254021007,73.14783779604804,4727029947328.75,44031.78059731651,1.3103638664496122
0,570971948872341.0,-204912080234875.2,469.1734566913295,-364.9894260382053,5815517322893.456,28136.418066981103,1.319959390667255
1,-166290428907449.22,106412406130020.4,804.7011131435903,42.63543106624233,5815517322893.456,41637.678202565,1.319959390667255
0,1127310471345995.0,-661497484153529.8,376.9100284002767,-320.74966003687945,7154649348474.241,27555.783665887633,1.3318320144671882
1,447747128114568.2,-568068154204668.6,235.1484900988226,-505.4201362969379,7154649348474.241,18297.878844115097,1.3318320144671882
0,1698193168414045.2,-1158757519205410.0,320.83922341565693,-285.028986391568,8802141659541.008,27555.758826201425,1.3461302450244017
1,776580139327310.0,-1317431669167526.8,174.99075400635172,-416.2589159223926,8802141659541.008,17581.198127834068,1.3461302450244017
0,2306755491603770.5,-1707162558711692.8,283.9129400070511,-258.7812007765048,10829000000000.014,27555.758826201403,1.3632145035165726
1,1094006711379820.2,-2095034036583652.8,142.02530490926327,-356.7326320444832,10829000000000.014,17579.99602442167,1.3632145035165726
