particle_id,x,y,vx,vy,time,energy,faug
0,-88682013649160.36,84351991865.50017,987.8566889453784,-0.0601515995399324,4727029947328.75,43477.25263025635,1.301281015012489
0,-702795972598202.0,-2377553657043.701,-540.8885892272115,-1.7188464021580447,5815517322893.456,8855.591904048924,1.3132980666831
0,-1358284529303513.0,-4449417715889.939,-449.2201514554863,-1.414118135312147,7154649348474.241,8569.020286485917,1.3268780877473063
0,-2040612917077888.8,-6590967835882.986,-383.625564426712,-1.2008502059514314,8802141659541.008,8569.111481675689,1.34239220074636
0,-2765353655923239.5,-8854851663303.615,-336.2890727599668,-1.0486168865415937,10829000000000.014,8569.111481675682,1.360348144911862
