particle_id,x,y,vx,vy,time,energy,faug
0,-451816642185877.3,19124244067808.004,707.6300589871128,6.0992546018837155,10829000000000.014,44148.58591405887,1.3604160704207602
