particle_id,x,y,vx,vy,time,energy,faug
0,-146838284322266.3,11374728647559.844,880.518374965701,0.8019495715437794,5815517322893.456,42068.797034671006,1.3133589733766284
0,-767063933422351.8,-269012533175508.9,-492.4444561825347,-159.49168092995748,7154649348474.241,5898.431590028544,1.326923787488851
0,-1492057624725576.8,-501999778083961.4,-399.33891558855674,-127.56520215305255,8802141659541.008,5455.5461954463535,1.3424268986193315
0,-2230687930422554.5,-736905992257301.8,-335.50234210325704,-106.29020249538549,10829000000000.014,5455.227909158733,1.3603748676175718
