particle_id,x,y,vx,vy,time,energy,faug
0,-149617667205116.06,2231497912966.4165,874.701653134472,0.2161170249182261,5815517322893.456,40811.955246310274,1.3133003905493092
0,-808934302127532.2,-53673810060103.18,-513.7866088042437,-31.63749509264757,7154649348474.241,4218.380384224409,1.3268798315367547
0,-1563905730523885.0,-99818325360126.4,-415.13826452982926,-25.227976181474016,8802141659541.008,3765.2195157052192,1.3423935248051042
0,-2330397080719946.5,-146199510263503.34,-347.4629851079941,-20.94694025442805,10829000000000.014,3764.869212062549,1.3603491646809889
