particle_id,x,y,vx,vy,time,energy,faug
0,-315749357495390.56,6893252490225.577,760.5768222381134,2.205387552931968,8802141659541.008,44067.923788634886,1.3424058516734552
0,-1097127703038736.8,-132263564950510.4,-473.9533295501481,-51.72375016374529,10829000000000.014,5172.313760420759,1.3603586584879754
