particle_id,x,y,vx,vy,time,energy,faug
0,-259175004327431.75,34174232190220.203,826.5239428484583,6.592741637047736,8802141659541.008,59986.350673473906,1.325994129141436
0,-950890460103376.4,-687313754009243.9,-423.53035278217834,-274.6307305503907,10829000000000.014,23580.266153507284,1.3412781273506629
