particle_id,x,y,vx,vy,time,energy,faug
0,-175887937011411.16,566610749407.8733,890.5315913520861,0.0101922888133963,7154649348474.241,57500.948054942535,1.3122968162584918
0,-1008412564407249.6,-13992815502412.355,-519.0125561660619,-6.6997077459444245,8802141659541.008,21195.093193672772,1.325741226400088
1,-255929159454088.53,668216921977.6927,832.6259533950824,0.1184759164067777,8802141659541.008,60523.07862748596,1.325741226400088
0,-1949149208797983.5,-26051472123933.645,-421.4633966827722,-5.373300519870523,10829000000000.014,20774.497827871193,1.341086353674914
1,-1187046065773911.8,-14947294775893.809,-501.98192335341184,-5.826712026197799,10829000000000.014,23087.98642084186,1.341086353674914
