particle_id,x,y,vx,vy,time,energy,faug
0,-24985119057908.45,994008209.3008132,1497.1045206937,-0.0143192577296544,3842274192010.384,54019.328139705816,1.2801646470039203
0,-626510764968192.2,-40844224738.05592,-581.9142329358436,-0.0361326112008621,4727029947328.75,24596.69622253193,1.2897493748714712
0,-1209678665787104.5,-76931293165.11342,-499.1671433084872,-0.0308108335459908,5815517322893.456,24465.95576860401,1.3003902851200997
0,-1835396227107276.0,-115484368521.9143,-439.4735037051428,-0.0270360990722722,7154649348474.241,24466.0917098568,1.3122966947380368
0,-2517272737530868.5,-157379846884.73117,-392.8661586454941,-0.0241129414243781,8802141659541.008,24466.865853706855,1.325741135290314
0,-3277765476591640.5,-204019133920.09872,-360.3984371730793,-0.0220875507142556,10829000000000.014,24466.865853706848,1.3410862845650766
