particle_id,x,y,vx,vy,time,energy,faug
0,-259837811446874.03,675307378.8273445,827.4379069480067,0.0001280410954601,8802141659541.008,59442.385374566365,1.325741135290126
0,-1181817930209521.8,-14959976971.079872,-500.3338012076735,-0.0058324866509637,10829000000000.014,21902.04752341754,1.341086284564934
