particle_id,x,y,vx,vy,time,energy,faug
0,-178375498300246.94,15386481558120.969,884.744873602821,0.6333339740467073,7154649348474.241,56786.86279581551,1.3123799223110182
0,-934199680427694.6,-364226601922592.1,-488.4105101919105,-175.7290459045948,8802141659541.008,20765.407631315567,1.3258035280311895
0,-1819633033135430.5,-680330713807299.4,-396.749674895443,-140.79482121647098,10829000000000.014,20330.839768316713,1.341133607822182
1,-372853494197301.3,15168252999334.432,774.5909514244336,3.658141229209929,10829000000000.014,61494.39191458232,1.341133607822182
