particle_id,x,y,vx,vy,time,energy,faug
0,-112135056261323.95,4849080904.367289,977.6473041738346,-0.0024437967489681,5815517322893.456,56191.531992822536,1.3003902851286806
0,-860687122373293.9,-135020189449.26686,-538.9637534259479,-0.0793602352473632,7154649348474.241,21406.030064111168,1.3122966947444077
0,-1663473344695147.2,-252579356283.44897,-446.8127218816331,-0.0651582512156475,8802141659541.008,21109.257369607643,1.3257411352950903
0,-2499771380164236.0,-374174264976.1347,-385.18373187222744,-0.0558687827512213,10829000000000.014,21109.214293272053,1.3410862845686995
