particle_id,x,y,vx,vy,time,energy,faug
0,-377176919050694.25,459847384652.7753,770.7751107963394,0.1133001619563722,10829000000000.014,60488.6961814262,1.341086327916893
