particle_id,x,y,vx,vy,time,energy,faug
0,-255927291879141.3,3961108797093.803,832.6039292372504,0.7025822831027051,8802141659541.008,60528.358657309494,1.3257449356700537
0,-1183710996859489.8,-88483577735062.16,-500.88611147433255,-34.503650434758065,10829000000000.014,23108.64820787497,1.3410891672677543
