particle_id,x,y,vx,vy,time,energy,faug
0,-283581918653685.44,388165109299948.06,444.1489996305328,509.88318944984263,3842274192010.384,65864.76982600079,1.4659700222118894
0,125064401807284.95,792994073553702.0,464.7775217569932,412.3397336777022,4727029947328.75,65345.64800035526,1.3911281493504188
0,619564145026760.5,1202395063970767.8,442.32600774677223,346.78218868013926,5815517322893.456,65343.04111199525,1.364386314935112
0,1192283960657177.2,1633638142455933.5,413.79550678640584,301.09884622182204,7154649348474.241,65343.57987193968,1.3556195290415882
0,1852412115654864.8,2102025466731072.0,389.7286550675325,271.11826557491594,8802141659541.008,65343.57987193968,1.3563614640756765
0,2622986737215509.5,2630514788292542.5,372.0965584591957,252.3111124312193,10829000000000.014,65343.579871939655,1.363421877885811
