particle_id,x,y,vx,vy,time,energy,faug
0,-26640222101061.508,7785858824.600912,1457.689240103138,-0.0989326879227806,3842274192010.384,53393.63070383482,1.2801646470716903
0,-624889941471756.1,-313362222124.33997,-580.7081419740867,-0.2772619759447073,4727029947328.75,23712.253372392268,1.289749374921001
0,-1206597995756451.8,-590143264827.6886,-497.7298949239115,-0.2362163474006007,5815517322893.456,23578.244916072566,1.3003902851565627
0,-1830278883256635.2,-885598009669.905,-437.8775214845482,-0.2071103431937974,7154649348474.241,23578.38124476612,1.3122966947651076
0,-2509327273298765.0,-1206365245014.965,-391.0250896763216,-0.1845137177548953,8802141659541.008,23578.405878344012,1.3257411353106103
0,-3265850790741172.5,-1563054302992.2605,-358.3370137438665,-0.1688339341658494,10829000000000.014,23578.40587834403,1.341086284580472
