particle_id,x,y,vx,vy,time,energy,faug
0,-62227299318582.914,917584359.9186285,1129.911181544603,-0.0022454892466795,4727029947328.75,55890.617158061825,1.2897493748711897
0,-736045169473659.9,-29775500902.953373,-560.9254814769621,-0.0214725668190934,5815517322893.456,23242.03097561805,1.300390285119892
1,-111404129883067.77,965545882.2261084,980.0744582043152,-0.0005037002111141,5815517322893.456,56484.28214218246,1.300390285119892
0,-1422036955138396.5,-55923659064.87656,-473.9060882986323,-0.01800621588732,7154649348474.241,23044.046387055612,1.312296694737883
1,-861641411380896.1,-26964119543.787743,-539.430501807575,-0.0158477480101237,7154649348474.241,21738.836561915043,1.312296694737883
0,-2147781089742976.0,-83435303997.25925,-411.86450262072094,-0.0155821196326074,8802141659541.008,23044.074302516434,1.3257411352901984
1,-1665310690523065.0,-50446156282.84339,-447.3966836602902,-0.0130181416441219,8802141659541.008,21444.52887865786,1.3257411352901984
0,-2935127688600192.0,-113179736757.907,-369.4478184962098,-0.0139404322698768,10829000000000.014,23044.074302516397,1.3410862845649891
1,-2502900445781187.5,-74746173941.58122,-385.8810354305488,-0.0111682182439628,10829000000000.014,21444.397210379095,1.3410862845649891
