particle_id,x,y,vx,vy,time,energy,faug
0,-257549794129373.44,14690896398.911545,830.4653219759784,0.0026806045621991,8802141659541.008,60074.90694682143,1.3257411353423714
0,-1184935628412523.2,-327307396847.97974,-501.31693080845207,-0.1275968641943156,10829000000000.014,22595.63153287847,1.341086284604564
