particle_id,x,y,vx,vy,time,energy,faug
0,-381443964559733.94,14881573538457.588,766.7671264481895,3.7492231875675865,10829000000000.014,59579.21572060196,1.3411159676677744
