particle_id,x,y,vx,vy,time,energy,faug
0,-192085323716863.16,2897493778.5583344,932.5964478425192,-0.0003950110154143,8802141659541.008,78053.01899813127,1.307208974556773
0,-1273258511166658.5,-76117000450.45807,-529.4813245202258,-0.0295903882046164,10829000000000.014,42509.74812132507,1.3199800038556078
