particle_id,x,y,vx,vy,time,energy,faug
0,-111327002347102.22,6895962407.195705,1060.273493452751,-0.006788657945152,7154649348474.241,78586.5484629327,1.295854419283746
0,-1092967383135532.0,-210081347335.2843,-552.5209065194583,-0.1002028907259139,8802141659541.008,45037.08290035966,1.307208974564302
1,-209413898128652.8,7111030072.037282,901.9985004699668,-0.0001678241190595,8802141659541.008,73337.49055297248,1.307208974564302
0,-2112017717228880.0,-394026296056.20496,-463.9470247680989,-0.083451706434415,10829000000000.014,44805.31134349369,1.3199800038612284
1,-1250117592835465.5,-178740276780.04993,-522.0544624759611,-0.069539990363013,10829000000000.014,37243.847987952206,1.3199800038612284
