particle_id,x,y,vx,vy,time,energy,faug
0,-247669041421249.28,214560225477681.5,791.1107090280551,66.16946573032635,8802141659541.008,76337.42766693604,1.3147412785634367
0,954588159186971.0,-529827459744454.4,400.7697126031108,-417.4238022877353,10829000000000.014,57988.09232441681,1.3255449747903874
