particle_id,x,y,vx,vy,time,energy,faug
0,-312891489372099.4,3965447643.462629,834.7764992862931,0.0005547158046698,10829000000000.014,74891.53371654433,1.319980003857195
