particle_id,x,y,vx,vy,time,energy,faug
0,-123369553947904.02,1668873566457.8413,1019.8465640711444,-1.1362011431364476,7154649348474.241,74815.08376148617,1.2958552932114311
0,-1076587904549759.8,-48745084688920.234,-545.9737989150001,-23.26955060127926,8802141659541.008,40690.70256677078,1.3072096210254922
0,-2080754489959979.5,-91327739417076.6,-455.9529309019991,-19.261920764252988,10829000000000.014,40431.42474843139,1.3199804864852025
1,-281693119784347.94,2058983888533.0676,870.9010895730331,0.1259518855005666,10829000000000.014,81894.54897316446,1.3199804864852025
