particle_id,x,y,vx,vy,time,energy,faug
0,-206687965370969.7,1134561378.5214405,906.6032830337184,-4.487390112806334e-05,8802141659541.008,74082.49180332624,1.3072089745557345
0,-1253775614135890.0,-28715567468.24034,-523.2275028910369,-0.0111706212238868,10829000000000.014,38074.45910261074,1.3199800038548322
