particle_id,x,y,vx,vy,time,energy,faug
0,-36999203011118.49,-1081812456362.4991,-1195.4733791116962,-27.336427169518185,3123117714735.799,53631.05441841949,1.2604628641871989
0,-557739283290024.56,-12044475312573.434,-626.2369004781036,-13.018345902535687,3842274192010.384,43899.28569295138,1.268110539527445
0,-1074849116831507.0,-22770588852756.996,-551.0558335520338,-11.411847164703332,4727029947328.75,43852.08454652247,1.2764740183047572
0,-1642970812955205.8,-34522853915606.4,-496.6484272337259,-10.264253627332227,5815517322893.456,43852.313823235454,1.2856724020327743
0,-2275771981550376.5,-47591017747550.63,-451.8752337607653,-9.325780643805782,7154649348474.241,43853.83499747853,1.295854452672599
0,-2991496698412620.0,-62354916433313.89,-419.897017232193,-8.658138068320708,8802141659541.008,43853.834997478494,1.3072089992627118
0,-3816843726795834.5,-79367973020385.06,-396.41598886907695,-8.169284300580145,10829000000000.014,43853.83499747847,1.319980022300162
