particle_id,x,y,vx,vy,time,energy,faug
0,-304101700478314.44,9818803857078.855,844.4322617121856,1.1816146774905794,10829000000000.014,76886.80477040156,1.319992632626566
