particle_id,x,y,vx,vy,time,energy,faug
0,-86484075483242.22,12314194874069.514,1260.7636798441767,-32.432259194524015,8802141659541.008,104400.86405205644,1.2871545699970213
0,-1335297312931413.2,-431295647415557.6,-547.762505220868,-167.3988005989528,10829000000000.014,73418.25781689241,1.2974908355195025
