particle_id,x,y,vx,vy,time,energy,faug
0,-59485846525575.73,-1806152349044.989,-1099.5597655006102,-27.096925813853115,3842274192010.384,77806.71214574389,1.254447663484337
0,-706559079795877.6,-16872259637413.91,-641.3374154133764,-14.785348888254305,4727029947328.75,69438.91597041534,1.261563184432234
0,-1360560241205401.2,-31920642627340.137,-568.3717369258062,-13.05984231543499,5815517322893.456,69407.65214664314,1.2693111111211557
0,-2083823804315868.0,-48523749740482.32,-515.7305525307505,-11.829738834142653,7154649348474.241,69408.19075231085,1.277790966324431
0,-2900584473755761.0,-67248187022060.9,-479.74067063536137,-10.993508979447236,8802141659541.008,69408.19075231082,1.2871257593771142
0,-3846318583182286.5,-88913650051104.83,-455.7148327239226,-10.437299825435064,10829000000000.014,69408.19075231084,1.2974696692075591
