particle_id,x,y,vx,vy,time,energy,faug
0,-57438712620873.35,-6078714725.470352,-1004.9805273493702,-0.090986535839494,2538565384109.942,74637.653566744,1.2418013028491903
0,-497468963782827.0,-44742152840.39284,-675.5728712462087,-0.0589860802391182,3123117714735.799,68338.17090721469,1.2478828232338257
0,-956001772902117.6,-84720789361.20525,-607.0616590468679,-0.0528742769440375,3842274192010.384,68328.24082079576,1.2544475669932935
0,-1469583872674605.5,-129422300987.26248,-557.4371768546064,-0.0484912518185952,4727029947328.75,68328.43904358223,1.2615631151819555
0,-2052321377329614.5,-180091351738.5261,-515.7019982855768,-0.0448227214975689,5815517322893.456,68328.95783365826,1.2693110611804654
0,-2719676799047740.5,-238077500171.89783,-483.9660742438495,-0.0420412428116682,7154649348474.241,68328.95783365828,1.277790930112964
0,-3496532576526622.0,-305548884592.298,-461.0273543514666,-0.0400349633183538,8802141659541.008,68328.95783365825,1.287125732958608
0,-4411965691477787.0,-385034155252.8923,-443.6217463105086,-0.0385149604007021,10829000000000.014,68328.95783365825,1.297469649797812
1,-195847727083940.4,948990133.3024964,1001.6539986574372,-0.0003500905514069,10829000000000.014,100739.75934890914,1.297469649797812
