particle_id,x,y,vx,vy,time,energy,faug
0,-94145820952757.2,8916730331.252804,1224.3753288699384,-0.0196959736033745,8802141659541.008,102622.16544662068,1.2871257329736492
0,-1396077106616233.5,-311213315690.73755,-569.1955607362637,-0.1203931401132598,10829000000000.014,71012.77569679669,1.2974696498088631
