particle_id,x,y,vx,vy,time,energy,faug
0,-200372581394448.62,25831429856.732903,993.0349813601592,-0.0085899608685676,10829000000000.014,99776.75136514888,1.2974696498697582
