particle_id,x,y,vx,vy,time,energy,faug
0,-525298342450508.5,720602127867640.2,600.2303768972663,313.6516756214376,10829000000000.014,102814.13414393418,1.382448677768893
