particle_id,x,y,vx,vy,time,energy,faug
0,-56482103911226.58,-275567758676.93164,-1008.1179827742288,-4.198028512060962,2538565384109.942,73200.77266010497,1.2418013057010535
0,-495740420398770.9,-2049091021773.8716,-673.6481682334601,-2.702372104194138,3123117714735.799,66807.70200654899,1.2478828252638072
0,-952793614548575.2,-3879924712950.868,-604.9017749816569,-2.4205473043576036,3842274192010.384,66796.99081052645,1.2544475684438936
0,-1464384808444634.2,-5925649460227.462,-555.1072027012611,-2.218460166321403,4727029947328.75,66797.19118683302,1.2615631162230314
0,-2044498058207401.2,-8242969700209.086,-513.2024015601802,-2.049217165534528,5815517322893.456,66798.29380025755,1.26931106193125
0,-2708323476980637.0,-10892796409123.264,-481.21341350142006,-1.920401479536012,7154649348474.241,66798.29380025755,1.27779093065735
0,-3480467256067858.0,-13973633751318.764,-458.07338993168446,-1.8274151094762945,8802141659541.008,66798.29380025752,1.2871257333557713
0,-4389732206659298.5,-17600556075997.867,-440.4996808631723,-1.7569062623996017,10829000000000.014,66798.29380025755,1.297469650089609
