particle_id,x,y,vx,vy,time,energy,faug
0,-230777191717691.38,517216935278361.6,634.5415414138952,430.1673050323385,5815517322893.456,139846.07415037928,1.357603514901013
0,621414568709012.0,997738691181418.0,620.9725974713076,309.13332636954806,7154649348474.241,138522.4904195544,1.3211208911107413
0,1606158922150074.2,1458495125163872.8,576.9648942350975,257.77776155382224,8802141659541.008,138516.6803926999,1.3063259409415635
0,2742848715199086.5,1953680337102628.0,548.379989628477,234.7525641675535,10829000000000.014,138516.6803927,1.3013808447369706
1,-269736276464457.97,520241115946004.06,756.9094003436318,184.941267772345,10829000000000.014,133000.82493072358,1.3013808447369706
