particle_id,x,y,vx,vy,time,energy,faug
0,-909200422817.75,42504469483.66229,1410.434881855342,-0.2527803175652423,10829000000000.014,-70563430.82921983,1.274099750640253
1,-56440440212279.375,63408993062.27216,1659.9916467395724,-1.1452516625521385,10829000000000.014,151322.67843819316,1.274099750640253
2,-35134071682806.25,58702008359.56449,1971.4316057752076,-0.9447216348835964,10829000000000.014,16607.84441751009,1.274099750640253
