particle_id,x,y,vx,vy,time,energy,faug
0,-705622524589049.5,1052422402376582.6,492.50861996137314,486.4454046095772,10829000000000.014,141571.60211259295,1.5006480807037843
