particle_id,x,y,vx,vy,time,energy,faug
0,-95655677261005.3,-621128092209.3375,-1081.5717469142598,-5.748720327342948,5815517322893.456,108638.90314450348,1.251602042221132
0,-1078439002243730.8,-5581361765367.6875,-645.7596897729198,-3.229038986365389,7154649348474.241,100589.62845757566,1.2584749797651955
0,-2076146756608559.5,-10561067215337.355,-573.5169396933824,-2.8586871669318707,8802141659541.008,100562.28864391684,1.2659437213572655
0,-3191849322589356.5,-16118104794164.094,-533.1499082835186,-2.6540943437731124,10829000000000.014,100562.2886439168,1.2740997518118231
