particle_id,x,y,vx,vy,time,energy,faug
0,-114874035019160.56,74259177298.3205,-7944.413725396746,4.788454371979596,8802141659541.008,31012177.661359612,1.2659437186967832
1,63770348344068.97,10849728522.503874,3269.7203481923543,0.6616304260173035,8802141659541.008,4429598.222644316,1.2659437186967832
0,-1.601895767107716e+16,9653752195245.764,-7843.504474527245,4.724363179545204,10829000000000.014,30752010.13490475,1.2740997498873263
1,5965192297261757.0,1221053196207.1577,2894.0474138083737,0.5935271062347769,10829000000000.014,4165514.204172088,1.2740997498873263
