particle_id,x,y,vx,vy,time,energy,faug
0,-100255267808205.69,-1565084383949.6846,-982.3263952023176,-13.373015073148494,3842274192010.384,116353.55607297349,1.2393553946494524
0,-777687336988336.9,-10581151704741.598,-693.7175131299549,-9.185724665155758,4727029947328.75,110850.49081185544,1.2452496940852802
0,-1492776866690877.2,-20038247986221.586,-627.3641999812245,-8.28963202707022,5815517322893.456,110846.09424728766,1.2516020502056393
0,-2298660850918112.0,-30680535891924.78,-580.5680665463093,-7.663344900502634,7154649348474.241,110846.6383917544,1.2584749854847366
0,-3228229136373956.5,-42947036724440.266,-551.2065226786398,-7.272091690829734,8802141659541.008,110846.6383917544,1.2659437254732608
0,-4324070254644257.0,-57402366215703.29,-531.9807250744684,-7.016593653704419,10829000000000.014,110846.6383917544,1.2740997547891844
