particle_id,x,y,vx,vy,time,energy,faug
0,-36520523340193.94,483571131.11288273,1947.4642438697897,-0.0074771931203728,10829000000000.014,40025.34542483837,1.2740997498801985
1,-12879030693671.312,318111918.9901004,2641.3049811900746,-0.0160194862438571,10829000000000.014,-1639934.4777957303,1.2740997498801985
