particle_id,x,y,vx,vy,time,energy,faug
0,-57032050191218.5,1743721662.9586203,1630.1111954967223,-0.0130028283756726,10829000000000.014,114152.91969183972,1.274099749880593
1,-54440804926277.625,1538441916.5906343,1661.487339812504,-0.0124502092665531,10829000000000.014,111366.26682977867,1.274099749880593
