particle_id,x,y,vx,vy,time,energy,faug
0,-5487566931549.23,296450760305530.1,859.4145981436957,240.5954858773875,4727029947328.75,189100.0626456082,1.2552044032432566
0,877910399915004.9,453980865391173.1,767.3828127395784,105.116329130182,5815517322893.456,186260.54342504873,1.2511839484857388
0,1862128559798362.5,576154234824673.1,708.4939931462476,81.68470368446164,7154649348474.241,186259.1067173796,1.2508195527092822
0,2996233925914121.0,701382635221283.1,673.4521208812623,72.17501494097601,8802141659541.008,186259.1061021868,1.252822003913464
0,4339342365921949.0,842858058997398.4,654.1523860972934,68.04330948479978,10829000000000.014,186259.10610218684,1.256512758175135
