particle_id,x,y,vx,vy,time,energy,faug
0,-164989513155328.1,-279250950522.5581,-1001.5393296345034,-1.45392483311569,7154649348474.241,145940.58838785102,1.2383696186794315
0,-1407695357770686.8,-2031921628743.1511,-677.7976300379459,-0.950087103431975,8802141659541.008,139746.0210768645,1.2441895039916169
0,-2706930088608339.5,-3850600747546.209,-614.4079852564332,-0.8592912678866642,10829000000000.014,139736.66785562466,1.2504576320979843
