particle_id,x,y,vx,vy,time,energy,faug
0,-139813811302044.23,-5916304195.325273,-969.0180878478108,-0.0363473616058462,4727029947328.75,145247.93994808226,1.2278781727316397
0,-989007637695091.4,-37222298847.98001,-712.876709187193,-0.0261714533872154,5815517322893.456,140439.41889725527,1.2329469133174031
0,-1895993908181591.2,-70484899875.41817,-648.6255560616731,-0.0237696780351337,7154649348474.241,140437.96884957823,1.2383696183092856
1,-191920159807319.56,-6141304072.582557,-978.9426079150968,-0.0274176140483199,7154649348474.241,161178.4884969688,1.2383696183092856
0,-2927802521306066.0,-108279842347.02124,-609.5126391334591,-0.0223193980388896,8802141659541.008,140437.96596098194,1.2441895037287105
1,-1458258940968405.2,-40858568734.4604,-697.7094820374327,-0.0190346300602507,8802141659541.008,155828.26512010652,1.2441895037287105
0,-4138175162639198.5,-152593619965.0576,-587.3648076223095,-0.0215015015354806,10829000000000.014,140437.96596098194,1.2504576319105611
1,-2801105724037390.5,-77451319808.54782,-637.4778397137765,-0.0173586838447945,10829000000000.014,155824.4989694658,1.2504576319105611
