particle_id,x,y,vx,vy,time,energy,faug
0,124490973008413.23,-73176471802018.14,666.3048882205338,-779.2716789497292,3842274192010.384,232743.87848001427,1.2069587103911752
0,617541089418333.4,-685746011753194.6,518.0918039488377,-653.4526104910037,4727029947328.75,229402.7750182193,1.2104396321359188
0,1159334682461033.8,-1371788289904304.2,481.6323875176404,-611.5163538593735,5815517322893.456,229402.99136064388,1.2142071875794611
0,1787322389322078.5,-2170406111955023.2,459.4288991071656,-584.8982509044772,7154649348474.241,229402.99398589987,1.218257899140644
0,2532949390428812.5,-3120256138793943.0,447.20382216470273,-569.9462158788192,8802141659541.008,229402.99398589993,1.2225988128993912
0,3430782840645174.5,-4264846683133619.0,439.5270877064683,-560.4464578925841,10829000000000.014,229402.99398589993,1.2272456329285495
