particle_id,x,y,vx,vy,time,energy,faug
0,76257714818650.75,350350929264302.06,932.9954470871224,121.0608260601939,7154649348474.241,234400.01381745143,1.2305449131606228
0,1474938977076837.8,386413885190317.6,794.1669666903452,-7.299865971160737,8802141659541.008,230810.591286136,1.2309858583462523
0,3020198290589847.0,358405855741321.0,740.6525827605221,-17.280248574483675,10829000000000.014,230809.9475758432,1.233038192077013
