particle_id,x,y,vx,vy,time,energy,faug
0,145739077185143.53,-195903016223069.12,267.61646332190264,-1011.296531104379,10829000000000.014,213345.1868445961,1.227664888980237
