particle_id,x,y,vx,vy,time,energy,faug
0,-52107542600011.93,-197567349443228.56,-372.99453156527665,-905.6194027456132,5815517322893.456,202867.88737020805,1.2139662461917065
0,-487871699835518.06,-1214642556489756.0,-304.4360730378813,-703.6257089885763,7154649348474.241,199067.8141421902,1.2180894187611302
0,-969132901639922.0,-2324092574976833.5,-282.78466108200007,-650.8042299673683,8802141659541.008,199068.084001652,1.2224806815333364
0,-1530103184989787.2,-3614096279650630.5,-272.2741598074203,-625.7898800865406,10829000000000.014,199068.0840016519,1.227162573106401
