particle_id,x,y,vx,vy,time,energy,faug
0,185808984832292.53,-70464599359495.27,651.5144812449247,-837.0281347338534,8802141659541.008,215142.9734584426,1.2236705046670888
0,1094213044172564.0,-1468765253696072.2,398.59862199139593,-635.2203996716503,10829000000000.014,208943.6008687821,1.227997274887556
