particle_id,x,y,vx,vy,time,energy,faug
0,-146768464486111.56,-863499658141.6855,-977.4087462587016,-5.374063767826458,3123117714735.799,205134.33826911973,1.2026039587129516
0,-770057310078106.1,-4272088767594.016,-816.2567099138178,-4.4566450392416,3842274192010.384,202680.08674366667,1.2061414160010608
0,-1465420119235960.8,-8066780541939.615,-761.4473178751178,-4.153880035246201,4727029947328.75,202680.32406303615,1.2098708773141564
0,-2271192935237123.5,-12461483162012.969,-722.6167634098675,-3.94049640607976,5815517322893.456,202680.59277215868,1.213810361765353
0,-3220760892171032.5,-17639020262018.695,-698.377802809786,-3.8076254630112225,7154649348474.241,202680.5927721587,1.2179803200695678
0,-4357231018193826.5,-23834854367660.355,-682.8208063835526,-3.7224754392479,8802141659541.008,202680.5927721587,1.2224041404703332
1,-304912264369181.8,-611262441153.6681,-961.2089651118532,-1.7418652210526364,8802141659541.008,210487.10840144695,1.2224041404703332
0,-5729311024453492.0,-31314702465532.992,-672.0571645331047,-3.6636204644137607,10829000000000.014,202680.59277215877,1.2271087340233384
1,-1932889815079523.2,-3526201916238.823,-741.830648903993,-1.3241364127570163,10829000000000.014,206532.64294710173,1.2271087340233384
