particle_id,x,y,vx,vy,time,energy,faug
0,-290940768492799.4,-204391906741148.3,-824.5955767451474,-504.64837302629286,10829000000000.014,219761.64492214777,1.2271425021970153
