particle_id,x,y,vx,vy,time,energy,faug
0,-438770675600683.75,-258062306961.59616,-985.6510568386726,-0.5448008148140905,8802141659541.008,290810.0401664553,1.2010863784900965
0,-2227282649007858.0,-1242138606013.2085,-834.4807148371711,-0.4585066687986418,10829000000000.014,288611.9555280872,1.2045435239465632
1,-497481398432601.25,-200387433231.87543,-974.7085419297904,-0.3660970206289969,10829000000000.014,282859.39094072836,1.2045435239465632
