particle_id,x,y,vx,vy,time,energy,faug
0,-483856611852230.4,-2353421206638.27,-971.7212310039672,-4.3948226048766825,10829000000000.014,275987.8457633314,1.2045435250671008
