particle_id,x,y,vx,vy,time,energy,faug
0,293865855468803.75,160553107992911.66,1000.100798746462,-249.49081144150847,8802141659541.008,296105.4052730817,1.2061992972439175
0,2030710594804616.0,-398162977016328.25,799.4919095326446,-271.9315113111529,10829000000000.014,292454.4980409321,1.2080561512075194
