particle_id,x,y,vx,vy,time,energy,faug
0,-359584216312505.75,-1664344433202.4556,-986.9258847801306,-4.296182649411123,7154649348474.241,279229.9660114377,1.1977988174639007
0,-1817038067087978.0,-7980629829594.363,-836.4655930352372,-3.620054665422997,8802141659541.008,277066.6500970077,1.2010863791148831
0,-3460775927228639.0,-15091675018326.406,-794.2256503782446,-3.4351979225231823,10829000000000.014,277067.2647743982,1.2045435243810143
