particle_id,x,y,vx,vy,time,energy,faug
0,116773558576808.6,15627767708083.729,1048.2138241253374,-302.2059390497055,2063423411482.4,319532.5678521148,1.1835226747363792
0,573949740894105.2,-126748445760211.88,920.3809312016758,-293.27961251910176,2538565384109.942,317936.712344175,1.1852245706188689
0,1097120283628338.6,-294621850402151.06,874.6681128548947,-281.9811533806089,3123117714735.799,317936.892211968,1.1872924800238798
0,1713617672035830.5,-493952214188462.9,842.2851924902218,-272.9427622736574,3842274192010.384,317936.90400178713,1.189649386712465
0,2446927149505949.0,-731961112899564.2,817.9930863232794,-265.8068651608088,4727029947328.75,317937.0680726723,1.1922477926159236
0,3327975635944086.5,-1018476087180986.6,802.4582117887533,-261.10629998649824,5815517322893.456,317937.06807267223,1.1950597190365386
0,4394819842903729.0,-1365746351374952.5,791.864925909069,-257.8393606394399,7154649348474.241,317937.06807267223,1.1980704866974825
0,5692614130232421.0,-1788414402244122.2,784.2706449895022,-255.46643221623916,8802141659541.008,317937.0680726722,1.2012748453505522
0,7276046550729093.0,-2304263902429546.0,778.6410001617147,-253.69068790757345,10829000000000.014,317937.0680726723,1.2046745178412528
