particle_id,x,y,vx,vy,time,energy,faug
0,-216151924994779.5,-19523184981575.1,-1005.2728246309174,-86.23809378177869,3842274192010.384,274002.2515830883,1.1888264986096813
0,-1027029670338688.6,-88865625366875.47,-872.2337927419878,-74.51197013567672,4727029947328.75,272304.98875474365,1.1916802768302506
0,-1946157209597543.2,-167356792367926.6,-821.9007027633935,-70.17165275885351,5815517322893.456,272305.1671627704,1.194667515381993
0,-3023950141163345.0,-259363581530384.0,-792.1279108507238,-67.6147175417241,7154649348474.241,272305.6224379561,1.1977989142903038
0,-4313731989307683.0,-369451605921953.6,-775.5751969397298,-66.19602362803238,8802141659541.008,272305.6224379561,1.2010864463305615
0,-5873992159253171.0,-502618051092875.1,-765.0855881669835,-65.29804935236645,10829000000000.014,272305.6224379561,1.2045435711200514
