particle_id,x,y,vx,vy,time,energy,faug
0,-274524324731892.1,-217953788128284.3,-798.8358058014733,-580.8800863545279,7154649348474.241,276610.6684585366,1.1978251541553349
0,-1453171228166468.2,-1069545771522930.2,-676.2906914384454,-487.6784367195463,8802141659541.008,274350.445943699,1.2011046605630151
0,-2781795661114802.5,-2027114096336873.5,-641.826204854097,-462.4392038315093,10829000000000.014,274350.4826600605,1.2045562360067763
