particle_id,x,y,vx,vy,time,energy,faug
0,-362215323928105.25,-1106868345445.678,-988.0977286239856,-2.8416722490833486,7154649348474.241,281332.7642287796,1.1977988169046203
0,-1823041854859205.5,-5289812031049.188,-838.7527917223432,-2.3984351940428708,8802141659541.008,279200.05629910785,1.2010863787266377
0,-3471703276756306.0,-10002429232957.56,-796.7594003545566,-2.2770185190782417,10829000000000.014,279199.9951331753,1.204543524111044
