particle_id,x,y,vx,vy,time,energy,faug
0,-373454865247991.5,-3861593013361.22,-993.2496712581656,-9.69221345485308,7154649348474.241,290411.21183049935,1.1977988202776095
0,-1848704411051060.8,-18200023566074.07,-848.509977243172,-8.236568144444808,8802141659541.008,288404.88494438527,1.2010863810681247
0,-3518375647697022.5,-34402023666947.938,-807.5653725047832,-7.83485451709619,10829000000000.014,288404.8245513104,1.204543525739219
