particle_id,x,y,vx,vy,time,energy,faug
0,-312098149375535.7,-126758567256.12576,-998.4061494024749,-0.3836015061052575,5815517322893.456,285045.602818612,1.1946673743574785
0,-1522333793253278.0,-590046631427.9296,-857.6947597546332,-0.327946928009042,7154649348474.241,283150.6349025944,1.1977988165472249
0,-2890466410754129.0,-1112973066885.2698,-811.2362581896285,-0.3100014897343907,8802141659541.008,283151.9904093247,1.201086378478538
0,-4510791375409723.0,-1732094695171.365,-790.650733976376,-0.3020859569337124,10829000000000.014,283151.99040932464,1.2045435239385258
