particle_id,x,y,vx,vy,time,energy,faug
0,-169925766607603.38,-147886053776826.44,-793.9019574189857,-643.9421820411076,3842274192010.384,291825.8944490403,1.1888458137660365
0,-814886163681824.8,-668942799804733.0,-695.7867548157856,-561.3751976503712,4727029947328.75,290273.3962971921,1.191693624960078
0,-1549231057398747.8,-1261167400172205.5,-657.5335178749294,-530.1179412251752,5815517322893.456,290273.6112972386,1.194676752875469
0,-2412751316173615.0,-1957240439365135.2,-635.3732258511242,-512.1097664765314,7154649348474.241,290273.6112972385,1.1978053165836764
0,-3448189693466815.5,-2791749338844925.0,-623.0676223587811,-502.1370974521144,8802141659541.008,290273.61129723856,1.2010908906531108
0,-4702357015754494.0,-3802467373266561.0,-615.2811124899371,-495.83680889911096,10829000000000.014,290273.6112972386,1.204546661487493
