particle_id,x,y,vx,vy,time,energy,faug
0,325164226100887.2,420159452549851.2,1069.556926924171,177.37562486681654,7154649348474.241,423729.87308983377,1.1901970041607752
0,1995656712024158.5,644434984016386.8,978.5759839581184,119.72016632066752,8802141659541.008,422707.78479377454,1.1886010281128196
1,367490282691987.5,435023832191830.75,1054.3455402690754,102.58727132000726,8802141659541.008,397064.129995598,1.1886010281128196
0,3941568974739541.0,876387586175228.2,948.008104925507,111.40596358100092,10829000000000.014,422707.7847937746,1.1885033156224574
1,2367338617367233.5,553526785824870.7,947.8495161849804,43.8021343185038,10829000000000.014,395597.456661003,1.1885033156224574
