particle_id,x,y,vx,vy,time,energy,faug
0,-93342939711028.23,-461379101962335.7,-273.55628251176995,-1029.2772626230274,7154649348474.241,390957.72199678665,1.1783201064457212
0,-517141673951792.06,-2038127729436800.0,-247.9354119302968,-918.8713182652702,8802141659541.008,389802.1304876795,1.180694998432901
0,-1009938645433138.2,-3862615257586061.0,-239.97360890951796,-887.9631854436083,10829000000000.014,389802.13048767945,1.1831754005359376
