particle_id,x,y,vx,vy,time,energy,faug
0,-709235319739446.4,-421942402430.3349,-1046.92620858366,-0.5983308549250417,10829000000000.014,399233.78974353184,1.183145023491305
