particle_id,x,y,vx,vy,time,energy,faug
0,-357984062544996.6,4116481862586.853,-1616.0156655890114,20.74723553493464,10829000000000.014,1059725.3823105283,1.1831450409367346
1,911404802625166.4,110739466321382.5,1331.410998152404,80.99347581985182,10829000000000.014,765685.0401393035,1.1831450409367346
