particle_id,x,y,vx,vy,time,energy,faug
0,-340221367736104.56,-12548422792363.316,-1076.934291801258,-38.39021461196726,4727029947328.75,385825.2708910295,1.1737385474524624
0,-1439259073081968.2,-51669425046563.43,-972.3264809379313,-34.59203118369038,5815517322893.456,384910.33970980614,1.175953774083951
0,-2709242385387677.5,-96842633539821.6,-930.9151686900254,-33.10874712862702,7154649348474.241,384910.369873194,1.1782559381513085
0,-4224935483182403.0,-150746669072007.94,-911.8847976489824,-32.42912013170745,8802141659541.008,384910.3698731942,1.1806508786534136
0,-6061311325657134.0,-216051975791626.2,-901.411326707803,-32.05561176565314,10829000000000.014,384910.369873194,1.1831450303498692
