particle_id,x,y,vx,vy,time,energy,faug
0,-404164981941663.0,-385427367968.6915,-1065.4980569990448,-0.9799326883539546,5815517322893.456,383204.349228187,1.1759537529840605
0,-1737173629315147.8,-1609381973500.3523,-957.0671371217884,-0.8782478261096966,7154649348474.241,382190.7926279543,1.1782559236563663
1,-504926238456934.56,-363476527376.5175,-1070.6218221888032,-0.743981758920338,7154649348474.241,404145.8224899313,1.1782559236563663
0,-3276809961913300.0,-3021953671143.8604,-919.4334154077544,-0.843462874806975,8802141659541.008,382190.8214364959,1.1806508686854895
1,-2155344285209185.5,-1508576740640.917,-964.0854247676858,-0.6685274675758437,8802141659541.008,403175.24252373487,1.1806508686854895
0,-5121756441021403.0,-4714378143661.652,-903.4315359802174,-0.8287196593598819,10829000000000.014,382190.821436496,1.1831450234875658
1,-4071989254616025.0,-2837439035455.279,-933.5490150878542,-0.6472017142194376,10829000000000.014,403175.24252373487,1.1831450234875658
2,-715128075485051.0,-333736014693.84705,-1049.400298870328,-0.4707252664192637,10829000000000.014,402698.6438135325,1.1831450234875658
