particle_id,x,y,vx,vy,time,energy,faug
0,-189201590987990.97,-333427682425487.56,-562.353485401927,-896.9796065294964,5815517322893.456,370521.7426035955,1.1759905083206417
0,-891877259295322.5,-1449105166592437.5,-504.218904676439,-799.2938061019237,7154649348474.241,369363.8394308709,1.1782811708381946
0,-1702443600983772.0,-2733374592831721.5,-483.7493175303776,-766.2361574745387,8802141659541.008,369365.3250996315,1.1806682295560953
0,-2672738561377395.0,-4270084779994777.5,-474.9818770772697,-752.1942708615071,10829000000000.014,369365.32509963145,1.1831569748278497
