particle_id,x,y,vx,vy,time,energy,faug
0,-492727363634115.2,-37162245934.72287,-1062.524626227001,-0.0772399869261882,7154649348474.241,393043.1279026075,1.1782559236431982
0,-2126592285912586.8,-155735543831.12936,-953.3005459947348,-0.0691412423494389,8802141659541.008,392003.3769403369,1.180650868676434
1,-605108550069459.1,-33671333132.880013,-1061.9477663162677,-0.0569493084764981,8802141659541.008,406174.80545611714,1.180650868676434
0,-4020383443076982.5,-293066657691.17444,-921.9581913641408,-0.0668512501688435,10829000000000.014,392003.376940337,1.1831450234813317
1,-2614338961366727.0,-141238506902.37936,-954.8595576083076,-0.0510898765088048,10829000000000.014,405130.1988855736,1.1831450234813317
