particle_id,x,y,vx,vy,time,energy,faug
0,-350299953866371.56,-745772773063.7292,-1087.794940762035,-2.242147015022364,4727029947328.75,399625.2291517608,1.1737385167936072
0,-1463428708868535.5,-3037091583953.8276,-986.0062678490312,-2.0286382700066796,5815517322893.456,398784.8525203867,1.1759537530431063
0,-2752340511959083.5,-5688478540612.19,-945.5035528896263,-1.9447640267818556,7154649348474.241,398786.7878381965,1.1782559236969288
0,-4292593475999858.5,-8856405278011.71,-927.0300102277712,-1.9066165169477864,8802141659541.008,398786.7878381965,1.1806508687133836
0,-6160018135479087.0,-12697058484397.182,-916.8671884498834,-1.8856588089730917,10829000000000.014,398786.7878381965,1.183145023506769
1,-655430431548682.0,-561142557859.3593,-1025.1954663032857,-0.838404206499665,10829000000000.014,368122.10856899933,1.183145023506769
