particle_id,x,y,vx,vy,time,energy,faug
0,-181225837210387.84,616800362.5546576,737.5459650572798,0.0004068497328226,4727029947328.75,-3623.273885558301,1.3503683172716676
0,-577783265549026.2,-11243126565.29736,-467.6170336702903,-0.0081844308644918,5815517322893.456,-43056.129024452355,1.369681765029159
0,-1115413574323034.2,-20517036586.854057,-350.97981058842737,-0.0059820101409845,7154649348474.241,-44024.11954163916,1.3925868810651538
0,-1622272446523026.0,-29072081382.800316,-269.5442223037538,-0.0045045215929314,8802141659541.008,-44069.861769283285,1.4203555117395756
0,-2091330290204163.2,-36826078127.3132,-196.82226980612847,-0.00321304674563,10829000000000.014,-44070.00758490893,1.4549953709536645
1,-680830792920267.4,684536656.3312539,550.3343724754301,0.0002828637207258,10829000000000.014,-1747.8576804720217,1.4549953709536645
