particle_id,x,y,vx,vy,time,energy,faug
0,-357490781136988.94,4588929663.569353,641.8569837004492,0.0025671098394005,7154649348474.241,-2568.182470310392,1.3925868810752349
0,-762718952734791.0,-64068619103.88989,-428.7502599604031,-0.0309501715637597,8802141659541.008,-44027.78549300136,1.4203555117477515
0,-1469332573823197.8,-113585744270.9386,-288.36159265465415,-0.0196624045376159,10829000000000.014,-45781.176263496265,1.4549953709605148
