particle_id,x,y,vx,vy,time,energy,faug
0,-494841473183847.25,136224345514.7822,596.1892911835328,0.0661017381338022,8802141659541.008,-2142.235526579636,1.4203555208815604
0,5071012561385433.0,-11509951268328.39,3538.0790433873444,-8.099542386497797,10829000000000.014,6232871.513834772,1.4549953786133545
1,-680951127346105.0,136844491634.47444,550.259661513321,0.0565504131824307,10829000000000.014,-1769.6928683789447,1.4549953786133545
2,-680841667576977.2,149118146098.9967,550.3276183243123,0.0616188463302526,10829000000000.014,-1749.82811797873,1.4549953786133545
