particle_id,x,y,vx,vy,time,energy,faug
0,-680833455172748.9,37760710160.38356,550.3327194138483,0.0156034743714945,10829000000000.014,-1748.340641898365,1.4549953714201886
