particle_id,x,y,vx,vy,time,energy,faug
0,-680928222623222.2,368323866585.326,550.2738684329282,0.152206439115011,10829000000000.014,-1765.519769226754,1.4549954204241171
