particle_id,x,y,vx,vy,time,energy,faug
0,-680895937946140.6,955775661739.9211,550.2938260551014,0.3949587558785054,10829000000000.014,-1759.5503320628195,1.4549956904560468
