particle_id,x,y,vx,vy,time,energy,faug
0,-357966928585793.7,20554193297553.89,641.1450037999259,11.51743484796214,7154649348474.241,-2567.4058433347673,1.3927889534130105
0,-705580680200048.9,-276550494916872.3,-409.2005602406484,-135.86474378813284,8802141659541.008,-43547.29705048482,1.4205193700409324
0,-1382096466048475.8,-494095682652672.06,-277.0017720834615,-86.50937434045042,10829000000000.014,-45325.67498045948,1.4551326428930196
