particle_id,x,y,vx,vy,time,energy,faug
0,-256098465523009.16,92446134.3682401,688.4325991827575,5.7813710992612e-05,5815517322893.456,-3071.1685522279295,1.3696817650288535
0,-665966013213617.9,-1481176989.663058,-447.7162866189675,-0.0008779699185804,7154649348474.241,-43559.71643951547,1.3925868810649122
0,-1284333126968808.8,-2669279027.619584,-320.4890287966849,-0.0006050032437799,8802141659541.008,-44870.75893789887,1.4203555117393796
0,-1838830726895580.8,-3700246692.240695,-232.22487285593616,-0.0004246396207009,10829000000000.014,-45017.669977420446,1.4549953709535002
