particle_id,x,y,vx,vy,time,energy,faug
0,-944782309563964.8,641157152720091.6,267.24995508068173,370.76349093845585,8802141659541.008,-20.823028878454352,2.086655752117469
0,-320970363028714.5,1298353251987459.2,334.56056467784197,271.8699931522691,10829000000000.014,-1143.8742670082283,1.7782965524164078
