particle_id,x,y,vx,vy,time,energy,faug
0,-538492493075346.06,451143820850397.06,347.90472857060695,391.8049178446864,5815517322893.456,-183.03583653562237,1.5793795363908525
0,-25005921652785.406,901274654647346.2,400.5219139130653,278.28711952966734,7154649348474.241,-1531.3681152132483,1.52543827346683
0,620906470057348.2,1270814753377886.2,377.7233611844159,180.50600202258772,8802141659541.008,-2009.0085941276336,1.5153220022867586
0,1341920011816115.5,1563955112262213.5,333.88432406415495,114.94054684151637,10829000000000.014,-2035.7703681750063,1.528568592707931
