particle_id,x,y,vx,vy,time,energy,faug
0,-357555071230565.9,261957895.2761604,641.7891048065977,0.0001465596198127,7154649348474.241,-2588.090062903968,1.3925868810649449
0,-762629803798309.5,-3656532544.679316,-428.7189211691132,-0.0017663876007171,8802141659541.008,-44051.37493384449,1.420355511739406
0,-1469152239841311.0,-6482361998.116041,-288.30694283339614,-0.001121997480524,10829000000000.014,-45805.55803449327,1.4549953709535222
