particle_id,x,y,vx,vy,time,energy,faug
0,-255851963681334.8,414151344.2772103,688.7801033525815,0.0002587768007944,5815517322893.456,-2973.267412879446,1.369547645096476
0,-666297648138773.9,-6642001425.245812,-447.8590640540285,-0.0039369984131423,7154649348474.241,-43454.388432800086,1.3924262659554876
1,-357239278565496.9,386605563.7828119,642.1225953753712,0.0002161753016373,7154649348474.241,-2490.290745984734,1.3924262659554876
0,-1284983185901954.5,-11971022602.846815,-320.71758093749906,-0.0027143154015137,8802141659541.008,-44762.59350376746,1.4201583647000058
1,-763050381406215.1,-5402068937.17354,-428.85487390356985,-0.0026095644070014,8802141659541.008,-43945.200079604154,1.4201583647000058
0,-1840003942964229.5,-16597716728.7732,-232.50997380280683,-0.0019063366341429,10829000000000.014,-44908.435914339265,1.4547453890687274
1,-1469977300126178.8,-9578218183.845484,-288.5510462008881,-0.0016587537784946,10829000000000.014,-45695.70659024697,1.4547453890687274
