particle_id,x,y,vx,vy,time,energy,faug
0,-85465537636151.67,2204070758.7109866,853.4267053196916,0.0007726782912198,3123117714735.799,-4946.929760027619,1.319287102373604
0,-428480876695025.1,-51192624789.210594,-508.499258699836,-0.0562087198161648,3842274192010.384,-41966.33326175659,1.3336977663633176
0,-828132724018461.5,-95015596291.62024,-407.7110317827132,-0.0444274879146171,4727029947328.75,-42469.2307398822,1.350254132615257
0,-1230426943853665.5,-138645735338.4172,-336.17035542078645,-0.0362975925859817,5815517322893.456,-42469.899017396805,1.36954764510059
0,-1636497829697565.5,-182303799980.9025,-273.2780062004,-0.0292530597360508,7154649348474.241,-42469.75300077486,1.3924262659587423
0,-2035288206377823.2,-224785969316.6922,-213.1508488942002,-0.0225846491046529,8802141659541.008,-42469.68781064763,1.4201583647026452
0,-2409098052977588.0,-264148058968.63104,-158.75734489946922,-0.0165989068984994,10829000000000.014,-42469.68781064764,1.4547453890709383
