particle_id,x,y,vx,vy,time,energy,faug
0,-494503242733509.4,3063808491.1680093,596.4614612315142,0.0014862050106179,8802141659541.008,-2061.505440944573,1.420158364704252
0,-866712907362369.1,-36875834355.527794,-411.56365049392616,-0.0145542728261266,10829000000000.014,-44399.87792297118,1.454745389072284
