particle_id,x,y,vx,vy,time,energy,faug
0,-125933280195493.5,15658807341.766811,791.6433881806754,0.0095243107848435,3842274192010.384,-4172.888077844575,1.3336977666527683
0,-498802118412341.94,-322925760315.0473,-488.07510125311256,-0.2887245239129286,4727029947328.75,-42453.47412488128,1.3502541328363955
0,-963657145603436.8,-594997331549.2446,-380.13899824337494,-0.2206034288697661,5815517322893.456,-43156.06874165053,1.3695476452721935
0,-1418533732792107.2,-857229691200.1022,-304.1357464553553,-0.1742070472534979,7154649348474.241,-43165.89058077117,1.3924262660945077
0,-1861450085930639.2,-1109274479788.2366,-236.59783588430764,-0.1336894951967137,8802141659541.008,-43165.89117117482,1.4201583648127367
0,-2273989090978346.5,-1340460941227.399,-174.22844643428525,-0.0967246541203141,10829000000000.014,-43165.923780047946,1.4547453891631572
