particle_id,x,y,vx,vy,time,energy,faug
0,-85435702286595.3,26019123263.98198,853.5467757849462,0.0090978303605207,3123117714735.799,-4923.707021128095,1.3192871033633975
0,-428521016469774.3,-604457313505.4574,-508.5352268344325,-0.6636827782247907,3842274192010.384,-41940.663091123744,1.3336977671098702
0,-828210799364664.6,-1121910248312.6418,-407.75870221345775,-0.5246041815542399,4727029947328.75,-42443.25422703456,1.3502541331856186
0,-1230561101271371.5,-1637112208489.8303,-336.22539785596797,-0.428627952559651,5815517322893.456,-42443.91715222821,1.3695476455431903
0,-1636710869674131.8,-2152675164912.1636,-273.34063695919303,-0.3454658931659963,7154649348474.241,-42443.77112509839,1.392426266308909
0,-2035611802820514.5,-2654397384181.586,-213.22342968538604,-0.2667472722224798,8802141659541.008,-42443.76166520907,1.4201583649865936
0,-2409588940054074.5,-3119356875726.91,-158.84954646979855,-0.1961009194701919,10829000000000.014,-42443.76166520908,1.4547453893087896
