particle_id,x,y,vx,vy,time,energy,faug
0,-494536329202034.56,191311997535.7668,596.4348246935537,0.0928053761486614,8802141659541.008,-2069.396165838756,1.4201583837607283
0,-866664849906255.2,-2302397866640.9673,-411.55180909228176,-0.908719488956655,10829000000000.014,-44409.08756871302,1.454745405035062
1,-680361760531913.0,199348688868.22488,550.6256176831749,0.0823540482002039,10829000000000.014,-1662.7087946760876,1.454745405035062
