particle_id,x,y,vx,vy,time,energy,faug
0,-494569397974754.9,67082906164.96332,596.4082193071222,0.0325429251956078,8802141659541.008,-2077.297680491989,1.4201583665512656
0,-866624905625252.2,-807255977211.5261,-411.54317915593487,-0.3186120753371698,10829000000000.014,-44417.500242996,1.454745390619447
1,-680370984500870.5,66644365916.92552,550.61989306253,0.0275319612533897,10829000000000.014,-1664.3886228257034,1.454745390619447
