particle_id,x,y,vx,vy,time,energy,faug
0,-494441304286894.2,50279160361.41005,596.5113109762856,0.0243881726453901,8802141659541.008,-2046.7174298782777,1.4201583658612584
1,-494508517001894.7,52629051926.23779,596.4572156138073,0.0255296497188966,8802141659541.008,-2062.764099966502,1.4201583658612584
0,2.209745748247767e+17,-1671137430460326.0,156649.2097854534,-1184.5505994004225,10829000000000.014,12270188442.882675,1.454745390041458
1,1.990841095613399e+17,-1481480756808877.0,141133.1429223988,-1050.121874066537,10829000000000.014,9959832727.1541,1.454745390041458
2,-680417822574630.5,50839835097.40515,550.5908050927706,0.0210033580388585,10829000000000.014,-1672.8930888685572,1.454745390041458
