particle_id,x,y,vx,vy,time,energy,faug
0,-181047592618537.9,3189643112292.519,737.8638551317888,2.1014430123278784,4727029947328.75,-3524.259421498573,1.350264447164896
0,-574945160819213.8,-58038899382472.56,-465.9697172045248,-42.282964753953394,5815517322893.456,-42919.52401309647,1.3695556490937455
0,-1110827005184384.8,-105960770264286.4,-349.93006569734956,-30.91829382783588,7154649348474.241,-43886.22662404729,1.3924325983245858
1,-357222931783325.75,3837389752358.689,642.1325005268855,2.1457231884162313,7154649348474.241,-2480.0569563320896,1.3924325983245858
0,-1616309687598914.0,-150189129914388.0,-268.8963594231298,-23.29462415900079,8802141659541.008,-43931.544968199385,1.4201634995588417
1,-761041214250852.0,-53553510821570.45,-428.1735153561696,-25.88503804250388,8802141659541.008,-43916.63607936835,1.4201634995588417
0,-2084439213519845.5,-190304838511017.56,-196.54851035090152,-16.632842414064267,10829000000000.014,-43931.634122785734,1.4547496902978667
1,-1466940066542947.5,-94980598434188.98,-288.1731764372489,-16.456191425898613,10829000000000.014,-45667.621594486984,1.4547496902978667
