particle_id,x,y,vx,vy,time,energy,faug
0,-494495400690532.7,480138778289.5487,596.467718894854,0.2329060076359771,8802141659541.008,-2059.5819287988415,1.4201584878026412
0,-866700109264893.6,-5778954835470.549,-411.55894958302304,-2.280860852829651,10829000000000.014,-44398.52909888129,1.4547454921864178
1,-680325234945114.2,548131672503.87573,550.6482732958599,0.2264373188997721,10829000000000.014,-1656.0395590658882,1.4547454921864178
