particle_id,x,y,vx,vy,time,energy,faug
0,-357340078749588.6,8811157964174.727,641.9773624066455,4.9285028023062125,7154649348474.241,-2494.256758473639,1.3924671684873362
0,-752259241374050.6,-122255976993572.34,-425.1921658416805,-59.240971283389925,8802141659541.008,-43859.474977655336,1.4201915311168969
0,-1453539360801501.2,-217073362997196.47,-286.417571709892,-37.67074457019239,10829000000000.014,-45614.719563451144,1.4547731703838744
