particle_id,x,y,vx,vy,time,energy,faug
0,-357294343950070.3,104712528.49723168,642.0644313700035,5.8557074821451296e-05,7154649348474.241,-2507.3466156779614,1.3924262659554154
0,-762945018425777.8,-1462780705.91637,-428.7978871270165,-0.0007065816819153,8802141659541.008,-43981.62839056122,1.4201583646999474
1,-494540118059172.1,120633995.40636906,596.4317840083239,5.851971605645126e-05,8802141659541.008,-2070.308823770494,1.4201583646999474
0,-1469721257855163.0,-2593420191.691494,-288.4636176789992,-0.0004490328117872,10829000000000.014,-45733.168317579904,1.4547453890686783
1,-866721820689069.1,-1451969390.2736008,-411.6052504877596,-0.0005731342125545,10829000000000.014,-44381.81559458979,1.4547453890686783
