particle_id,x,y,vx,vy,time,energy,faug
0,-281868208518444.75,143325178131057.62,639.0809731498535,102.21525189199716,5815517322893.456,-2310.743135174096,1.3843127801039252
1,-286488609405568.2,155829353515354.88,631.562309986407,112.785329865159,5815517322893.456,-2215.872409832489,1.3843127801039252
0,449702785845837.6,-283803513352273.7,284.6116365408792,-447.3695471035396,7154649348474.241,-23318.40755093659,1.403929998787262
1,481078892279426.9,-208903261499993.44,335.87014327665855,-417.58801422948034,7154649348474.241,-21631.132317497453,1.403929998787262
0,801449207879404.0,-925679633864024.4,169.07372718652644,-345.5211567940199,8802141659541.008,-25555.053687420324,1.429387386165935
1,902843258965323.0,-817644037404342.0,205.68011641995272,-331.06691341073247,8802141659541.008,-23949.306750195337,1.429387386165935
0,1083329133741744.6,-1549917310773515.5,114.5174175881018,-274.9876008743878,10829000000000.014,-25732.27240332309,1.4624186163320996
1,1250147307767204.0,-1419989248710937.0,143.1469878446442,-267.16499078593034,10829000000000.014,-24132.49069377283,1.4624186163320996
2,-698462450283077.8,154948523372606.88,537.0786086882581,65.01935176051376,10829000000000.014,-1535.2536623713677,1.4624186163320996
