particle_id,x,y,vx,vy,time,energy,faug
0,-85462007106465.19,147900152.94269603,853.4409126055069,5.183325923772733e-05,3123117714735.799,-4944.181930542807,1.3192871023642128
0,-428485541389235.1,-3435271465.9743505,-508.5032998108838,-0.0037718730370291,3842274192010.384,-41963.45689492054,1.3336977663562342
0,-828141656979651.2,-6376011077.022081,-407.71639624352696,-0.0029813141532641,4727029947328.75,-42466.31938145441,1.3502541326098452
0,-1230442185417336.2,-9303827270.0601,-336.17654465080665,-0.0024357704273516,5815517322893.456,-42466.987045644295,1.3695476450963904
0,-1636521937101658.5,-12233537345.529392,-273.2850425861073,-0.0019630589029989,7154649348474.241,-42466.841027980874,1.39242626595542
0,-2035324756394718.8,-15084367232.166018,-213.15909338478173,-0.0015155892040956,8802141659541.008,-42466.76050108581,1.420158364699951
0,-2409153577008147.5,-17725875573.95074,-158.7677915315766,-0.0011139365823664,10829000000000.014,-42466.7605010858,1.4547453890686814
