particle_id,x,y,vx,vy,time,energy,faug
0,-684920374976165.0,76951297857682.36,547.1624235900471,31.92263040546477,10829000000000.014,-1648.055009895383,1.4566038516107158
