particle_id,x,y,vx,vy,time,energy,faug
0,-529626113756950.75,400727469062365.2,460.2354419888581,273.4903097803692,7154649348474.241,-705.9395127605239,1.6041515953736858
0,309931012262938.94,681440017449902.8,510.0321450322248,58.979964338343976,8802141659541.008,-5766.694447282382,1.5603738331679593
0,1232696142083270.5,663896745155779.2,403.80926384954574,-49.6382974990746,10829000000000.014,-8010.395637632246,1.559267562379226
1,-849549186020230.0,464768323416566.06,439.93396385420584,208.87046024571637,10829000000000.014,-722.3271682616905,1.559267562379226
