particle_id,x,y,vx,vy,time,energy,faug
0,-356838782126186.0,744225877.5340095,642.545788887005,0.0004158446116781,7154649348474.241,-2366.210958622454,1.392216206920906
0,-763582041484083.2,-10412875894.598642,-429.0256068017387,-0.0050299791013828,8802141659541.008,-43811.50119110319,1.419900581155962
0,-1471017547583080.2,-18465925150.35772,-288.8580712435863,-0.0032001269067252,10829000000000.014,-45557.37502865852,1.454418611250104
1,-679755149386543.8,680835030.2678013,551.0024293577026,0.0002811720467155,10829000000000.014,-1552.5377409492794,1.454418611250104
