particle_id,x,y,vx,vy,time,energy,faug
0,-679741423411176.4,29133746367.962906,551.010957056195,0.0120315999172288,10829000000000.014,-1550.0438504973135,1.4544186115637254
