particle_id,x,y,vx,vy,time,energy,faug
0,-356820522708751.44,20455013792.320877,642.565089632637,0.0114290951784416,7154649348474.241,-2360.5524886348285,1.392216207102527
0,-763605415398277.8,-286214103610.9435,-429.0325356461815,-0.1382564175088759,8802141659541.008,-43805.856185821336,1.419900581303203
0,-1471062058253471.2,-507568135787.3715,-288.87092437216313,-0.0879635650679655,10829000000000.014,-45551.52893992455,1.4544186113734026
