particle_id,x,y,vx,vy,time,energy,faug
0,-255637570203160.75,10291306230.252384,689.0825328998638,0.0064255270966964,5815517322893.456,-2888.0975722888834,1.3693722094972585
0,-666585990041924.4,-165187417579.5762,-447.9831846374416,-0.097912378696954,7154649348474.241,-43362.82112960699,1.3922162069922115
0,-1285548261424405.2,-297747757945.06836,-320.91618099715674,-0.0675337600983857,8802141659541.008,-44668.56316209303,1.4199005812137695
0,-1841023556378114.5,-412890919253.3612,-232.75765153333387,-0.0474569458407533,10829000000000.014,-44813.48083953865,1.4544186112985116
