particle_id,x,y,vx,vy,time,energy,faug
0,-125729970254951.31,40870655799.08737,792.196777302189,0.0247598607271121,3842274192010.384,-4044.613565663749,1.3335685804325768
0,-499079272281661.7,-843842881391.3647,-488.272615947841,-0.7544587276917055,4727029947328.75,-42313.571843727244,1.3501047560971873
0,-964198080146588.0,-1554923489742.7307,-380.41249079143114,-0.5766674616024992,5815517322893.456,-43013.946902594354,1.3693722108918358
0,-1419474166109123.2,-2240535347639.142,-304.4564805588242,-0.4555594343216403,7154649348474.241,-43023.596954279754,1.392216208095341
0,-1862960218580236.8,-2899815812289.972,-236.96812698724187,-0.3498052490782557,8802141659541.008,-43023.596995747386,1.4199005821080823
0,-2276342504395600.0,-3505049128664.9727,-174.69856717840582,-0.2534049253092727,10829000000000.014,-43023.49940437464,1.454418612047402
