particle_id,x,y,vx,vy,time,energy,faug
0,-180795111776972.56,829807598579.5259,738.374295931512,0.5455712621658889,4727029947328.75,-3405.699898187595,1.3501052697979117
0,-578158642354359.1,-15153919264619.77,-467.8221275165709,-11.0315630774473,5815517322893.456,-42819.79403135138,1.3693726094654548
0,-1116212991496249.2,-27659210899371.625,-351.37539047333587,-8.069625492524969,7154649348474.241,-43782.9737166156,1.3922165233723662
0,-1623829762466620.5,-39204764864640.69,-270.0615037539674,-6.082135432705634,8802141659541.008,-43827.74364873826,1.4199008377046496
0,-2094071215208085.2,-49681745871653.17,-197.49125392427624,-4.345776306251534,10829000000000.014,-43827.81082540013,1.4544188260819253
1,-679809686449773.8,816541806689.1769,550.9684728830624,0.3372263378535373,10829000000000.014,-1562.350946700171,1.4544188260819253
