particle_id,x,y,vx,vy,time,energy,faug
0,-709376877205501.4,197960645569500.28,529.1483634664601,83.76318649127874,10829000000000.014,-1359.2402860867442,1.470860184572278
