particle_id,x,y,vx,vy,time,energy,faug
0,-739342594287686.6,281004368267906.0,508.4704997821843,121.15130910798932,10829000000000.014,-1118.5340264370898,1.4815168297877468
