particle_id,x,y,vx,vy,time,energy,faug
0,-1130778793928493.0,701125266847188.6,285.2603274552076,328.1204969090379,10829000000000.014,74.9990430498583,1.8387368241000075
