particle_id,x,y,vx,vy,time,energy,faug
0,-255167139376979.97,45374934.73149684,689.7467581235,2.828334869086819e-05,5815517322893.456,-2701.1467925005127,1.3691428195218127
0,-667033376810749.6,-729318456.9909743,-448.0349079401667,-0.0004321311983016,7154649348474.241,-43283.903969197185,1.391941603056304
0,-1286181044175791.2,-1314505393.482729,-321.0665887901223,-0.0002981925204541,8802141659541.008,-44586.36308271749,1.4195636797459033
0,-1842016174244524.8,-1823029769.0440145,-232.95881015041195,-0.000209648892315,10829000000000.014,-44730.31799211305,1.4539916953779704
