particle_id,x,y,vx,vy,time,energy,faug
0,-125513695361339.6,1290513598.951451,792.786408877118,0.0007784544716043,3842274192010.384,-3908.1489206754486,1.333399607139455
0,-499376180198709.25,-26677944619.460705,-488.48489436121673,-0.0238516875501564,4727029947328.75,-42164.11647809496,1.3499094026910237
0,-964777834530574.4,-49162886379.041885,-380.7054142074931,-0.0182381560331027,5815517322893.456,-42862.12966712394,1.369142819522927
0,-1420481491738151.2,-70850799194.44531,-304.7995709088992,-0.0144137639053957,7154649348474.241,-42871.59880344117,1.3919416030571854
1,-356324806865762.25,1237584387.076364,643.0893068216669,0.0006908747457056,7154649348474.241,-2206.894939201069,1.3919416030571854
0,-1864576663056208.0,-91716019401.4116,-237.36388340086737,-0.0110745042589028,8802141659541.008,-42871.59826786699,1.4195636797466171
1,-764262771714419.9,-17345040633.084743,-429.243263211048,-0.0083782554677619,8802141659541.008,-43640.77917398515,1.4195636797466171
0,-2278858566989653.0,-110887922778.08372,-175.19972099424817,-0.0080332869526929,10829000000000.014,-42871.574017448496,1.453991695378568
1,-1472346940414650.0,-30766042690.29409,-289.2496774738571,-0.0053363881933639,10829000000000.014,-45380.7413451673,1.453991695378568
