particle_id,x,y,vx,vy,time,energy,faug
0,-493421934319570.0,2928121229.3040147,597.3321942236237,0.0014189040869666,8802141659541.008,-1803.209444825916,1.419563679750521
1,-493474722138341.0,2893158261.921192,597.2896639899463,0.0014020334567004,8802141659541.008,-1815.8258591873457,1.419563679750521
0,2.4343169791552848e+20,-4.408958119258817e+18,172546493.4838263,-3125107.362343358,10829000000000.014,1.4891029354795142e+16,1.4539916953818357
1,2.7141754710667624e+19,-1.596513052980099e+17,19238327.761008214,-113162.21857122418,10829000000000.014,185063030363840.8,1.4539916953818357
2,-678850384449975.5,3190170974.5971375,551.5647070475769,0.0013168389285343,10829000000000.014,-1388.085088994616,1.4539916953818357
