particle_id,x,y,vx,vy,time,energy,faug
0,-255235541559537.75,41752589284.632515,689.6501224944777,0.0260317725960925,5815517322893.456,-2728.3348636018636,1.3691428207396017
0,-667126562972662.5,-671238910589.1311,-448.2161050454616,-0.397857307593325,7154649348474.241,-43190.97860443055,1.391941604019363
0,-1286607901801736.8,-1210102575822.1184,-321.2886212737635,-0.2746394420553174,8802141659541.008,-44492.10995269114,1.4195636805264202
0,-1842935473281930.5,-1678570284013.8008,-233.22199424345115,-0.1931921124674674,10829000000000.014,-44635.30327850762,1.4539916960313
