particle_id,x,y,vx,vy,time,energy,faug
0,-255266588846887.3,5189120015.998565,689.6062689930397,0.0032356526531119,5815517322893.456,-2740.6761026214517,1.3691428195401254
0,-667085160872781.1,-83413144895.8042,-448.1982794757065,-0.0494408004455729,7154649348474.241,-43204.24325284937,1.3919416030707863
0,-1286526648401775.5,-150374390693.65396,-321.25998655310696,-0.034126670502841,8802141659541.008,-44505.72993016546,1.4195636797576403
0,-1842788637483975.5,-208584083098.8913,-233.1862422620881,-0.0240041282677244,10829000000000.014,-44649.055839186505,1.4539916953877947
