particle_id,x,y,vx,vy,time,energy,faug
0,-678980254022630.6,114941652.83322784,551.4839782699582,4.744894482599737e-05,10829000000000.014,-1411.6996215321124,1.453991695377975
