particle_id,x,y,vx,vy,time,energy,faug
0,-255153519140669.4,767645180592.1414,689.7653492515699,0.4784710989824148,5815517322893.456,-2695.4020689801837,1.3691431475815166
0,-667115730503489.4,-12343967600540.275,-448.20943422711514,-7.316727638647067,7154649348474.241,-43154.45323087947,1.391941862494287
0,-1286631718534672.0,-22254684766023.07,-321.329563634918,-5.051569474205228,8802141659541.008,-44454.67856487423,1.419563890008981
0,-1843076057856788.0,-30872267861800.62,-233.29454425982368,-3.5542499737632087,10829000000000.014,-44597.51856960507,1.45399187137811
