particle_id,x,y,vx,vy,time,energy,faug
0,-683969602888825.4,80366042948658.44,547.6914661312113,33.32819271305936,10829000000000.014,-1399.5920240275443,1.4571775810711405
