particle_id,x,y,vx,vy,time,energy,faug
0,-688288986929419.5,111093333413866.14,544.421141819972,46.24937629586234,10829000000000.014,-1348.0855920823233,1.4591025658968164
