particle_id,x,y,vx,vy,time,energy,faug
0,-180185456943817.72,1196858303.1997876,739.5536670668864,0.0007832069756406,4727029947328.75,-3099.109010689601,1.3496540456169048
0,-579198987822282.6,-21924190101.013813,-468.41010399698933,-0.0159586755255579,5815517322893.456,-42488.930214867374,1.368843034006401
0,-1118185753937982.6,-40025469487.30436,-352.1459662578684,-0.0116872747909987,7154649348474.241,-43445.176968385545,1.3915828264462795
0,-1627170525143943.5,-56756901557.27435,-270.9454656646974,-0.0088200722951107,8802141659541.008,-43488.5943403832,1.4191236655277255
0,-2099340383566186.0,-71964891001.56496,-198.53854978761703,-0.0063170040194571,10829000000000.014,-43488.67734325734,1.4534343811668156
