particle_id,x,y,vx,vy,time,energy,faug
0,-55306963387207.74,32275530859.541187,933.18510661343,-0.0155171981712114,2538565384109.942,-5418.275253979955,1.306192682311137
0,-367331026281840.56,-848560266523.1185,-529.613481031378,-1.1437860974499297,3123117714735.799,-40950.875473018736,1.3188323290457555
0,-709999705965904.1,-1584071219219.7185,-435.0256001313035,-0.9293675640316847,3842274192010.384,-41300.746478755405,1.3331786964187575
0,-1062988927206693.6,-2335567698412.621,-367.43437923054535,-0.7797889616783741,4727029947328.75,-41300.50282746833,1.3496540469026224
0,-1429320191975202.2,-3110753224959.5127,-308.5633623684186,-0.6510812932061449,5815517322893.456,-41300.24013393607,1.3688430350035377
0,-1803787903626900.8,-3898535166472.8433,-252.86089678169165,-0.5302875470064665,7154649348474.241,-41300.1184656449,1.3915828272345965
0,-2173607181189778.0,-4671301766848.411,-198.6850717923095,-0.4135324446355427,8802141659541.008,-41300.04872684842,1.4191236661663662
0,-2524539017697897.5,-5398394171777.799,-150.02085408240993,-0.3092092707841773,10829000000000.014,-41300.04872684842,1.4534343817011008
