particle_id,x,y,vx,vy,time,energy,faug
0,-55328707003542.34,141324769169.9313,933.0435664587532,-0.0676705105450129,2538565384109.942,-5438.578342522087,1.3061927284962185
0,-367283772126693.1,-3714774859631.761,-529.5597322239886,-5.007237658461181,3123117714735.799,-40973.383845622826,1.3188323634969528
0,-709911859369902.8,-6934612281360.6045,-434.96749326981063,-4.0684105187091975,3842274192010.384,-41323.454959349416,1.3331787223933609
0,-1062848503899324.8,-10224315809352.08,-367.3736838201194,-3.4134935555792683,4727029947328.75,-41323.21139167472,1.3496540667376544
0,-1429112050631837.0,-13617585298599.236,-308.49963220979396,-2.849952884798717,5815517322893.456,-41322.94867424525,1.368843050386571
0,-1803491870763953.5,-17065807921798.877,-252.7933263673228,-2.321055267701107,7154649348474.241,-41322.826958327074,1.3915828393961238
0,-2173193776966412.0,-20448006478850.07,-198.60844767723916,-1.809792031313544,8802141659541.008,-41322.76758666782,1.4191236760188053
0,-2523955841361366.5,-23629735696458.99,-149.92999360323557,-1.3529111805576943,10829000000000.014,-41322.76758666782,1.453434389943631
