particle_id,x,y,vx,vy,time,energy,faug
0,-254725832259701.8,5109112663602.924,690.3415938049899,3.1800871259865513,5815517322893.456,-2511.0297566335357,1.3688609132383274
0,-662433174139487.1,-81981110310715.36,-446.1001725606822,-48.66106559239538,7154649348474.241,-42908.469328148334,1.3915969611577694
0,-1279400975239891.2,-147928159381278.0,-320.20010759214426,-33.63255934893963,8802141659541.008,-44205.24540286727,1.4191351163552284
0,-1834263763568586.0,-205340976592245.5,-232.82115813435104,-23.69923100869982,10829000000000.014,-44346.13431970547,1.4534439608164906
1,-677958090367552.0,4635514177192.645,552.1171463949099,1.9125375843484755,10829000000000.014,-1222.6943042581552,1.4534439608164906
