particle_id,x,y,vx,vy,time,energy,faug
0,-678947487805746.1,35306598410043.06,551.3658713326944,14.580267840236829,10829000000000.014,-1228.2975617176853,1.4538344765736673
