particle_id,x,y,vx,vy,time,energy,faug
0,-682889530215152.0,80739547245803.6,548.3512768225074,33.46504302662438,10829000000000.014,-1195.15535872677,1.456037191838543
