particle_id,x,y,vx,vy,time,energy,faug
0,-272657455004550.7,284966953212553.3,373.27254084869605,462.05450158912856,3123117714735.799,397.80514644869254,1.5788373703478689
0,14595673306078.3,580089625475710.4,409.642196443141,361.49378263369255,3842274192010.384,-322.95080633167527,1.4724115761956449
0,370454854225341.06,862101827348848.4,391.3874626634755,283.60514757745443,4727029947328.75,-379.4607265471859,1.439030664116458
0,779466770324365.5,1138065610940989.5,360.333701338117,228.01542998655697,5815517322893.456,-379.20050992511096,1.4313646280874588
0,1238523727438933.5,1412168660704244.5,326.1575429868665,184.2811021231359,7154649348474.241,-379.0812015147676,1.4378631617055786
0,1747081244185213.8,1684823128312453.2,293.39885021299557,149.94850775875787,8802141659541.008,-378.94730514455296,1.455017467732036
0,2312648395872775.0,1961885731198088.0,266.4153341384092,125.53724118910044,10829000000000.014,-378.94730514456023,1.4825927009011357
