particle_id,x,y,vx,vy,time,energy,faug
0,-676355693991356.0,4576961902.474392,553.1167291967934,0.001886721501541,10829000000000.014,-933.8794252796506,1.4527075640192142
