particle_id,x,y,vx,vy,time,energy,faug
0,-253982786808406.47,776417274.3388231,691.4228146174569,0.0004819097809417,5815517322893.456,-2230.0699164008547,1.368451508699959
0,-668814835209037.0,-12543871456.249607,-448.94617855573625,-0.0074344848327545,7154649348474.241,-42653.7938178308,1.3911144250940983
1,-355117963167325.1,856292049.5210682,644.3673605356171,0.0004769739763562,7154649348474.241,-1832.4643736397848,1.3911144250940983
0,-1289919199027090.0,-22625880503.30389,-322.4519605302066,-0.0051449192520921,8802141659541.008,-43940.61300462917,1.418549469242497
1,-765861975707901.8,-12048874379.096231,-429.7559688795497,-0.0058194911737351,8802141659541.008,-43239.37306230194,1.418549469242497
0,-1848906990618475.2,-31414335012.859665,-234.67051500964683,-0.0036306795333242,10829000000000.014,-44078.50902606506,1.45270756401289
1,-1475470842703861.5,-21382930110.930893,-290.1693979719193,-0.0037164565531845,10829000000000.014,-44965.5077870133,1.45270756401289
2,-676747303119472.1,818109934.1071224,552.8729349470105,0.0003373144753884,10829000000000.014,-1005.2533727773698,1.45270756401289
