particle_id,x,y,vx,vy,time,energy,faug
0,-355034412191735.8,14289267070.78214,644.4559374529061,0.0079582285347729,7154649348474.241,-1806.5241120877329,1.3911144251937388
0,-765969369259297.6,-201117788481.76697,-429.78808783418015,-0.0971367586375166,8802141659541.008,-43213.41529199069,1.4185494693231768
0,-1475675559314878.5,-356931296687.0094,-290.2284339235577,-0.0620443719368347,10829000000000.014,-44938.63580917338,1.4527075640803395
