particle_id,x,y,vx,vy,time,energy,faug
0,-354905498959263.2,1198348598769.7092,644.5918981554379,0.6672497882518386,7154649348474.241,-1765.990264819353,1.391115130036801
0,-765939662027488.8,-16871381514223.297,-429.7745200153952,-8.148988470954865,8802141659541.008,-43168.40299586005,1.418550040040465
0,-1475703835408344.8,-29944698500583.426,-290.28727024636436,-5.206538185215085,10829000000000.014,-44892.219718342465,1.452708041207009
