particle_id,x,y,vx,vy,time,energy,faug
0,-676876838534355.8,12263872842829.338,552.7754164050897,5.0571078617629635,10829000000000.014,-1007.4262794695388,1.452758156249036
