particle_id,x,y,vx,vy,time,energy,faug
0,-169791009270460.7,156758694964678.28,649.5985204229853,174.7501659890316,3842274192010.384,-1475.3037662918214,1.3636882899905578
0,402044800731774.8,108920813300821.4,543.6622063639855,-179.79362886001394,4727029947328.75,-12321.386156910768,1.3719545259629569
0,914132502263894.0,-95957988192198.58,417.9891603910975,-187.7305771955653,5815517322893.456,-13632.32736941475,1.3855511808272798
0,1419201657507805.8,-338839300388423.4,342.49855932653526,-174.43130388313816,7154649348474.241,-13655.116806628575,1.4043883438362983
0,1929917478909070.5,-611896636931091.0,281.10318931250686,-157.26440267717686,8802141659541.008,-13654.962124383725,1.4291646649681788
0,2447059951248717.0,-912955863371470.8,233.36457324148083,-140.80275337517557,10829000000000.014,-13654.962124383725,1.4615054367753904
