particle_id,x,y,vx,vy,time,energy,faug
0,-355119805209012.94,482373119.8902691,644.3654078260605,0.000268693606919,7154649348474.241,-1833.036248885881,1.3911144250938732
0,-765858148602503.9,-6787403115.283381,-429.7537505830774,-0.0032782428137915,8802141659541.008,-43240.759303583705,1.4185494692423146
0,-1475461237192917.0,-12045453990.20301,-290.1660648219771,-0.0020935412818677,10829000000000.014,-44966.931827780194,1.4527075640127376
