particle_id,x,y,vx,vy,time,energy,faug
0,-253196106774956.25,77098344.2132465,692.5391398646863,4.77168898682563e-05,5815517322893.456,-1916.8441615250483,1.3679406105285976
0,-669849741325919.6,-1249387707.1381834,-449.3754384095972,-0.000740417986769,7154649348474.241,-42332.788956226825,1.3905034966222825
0,-1291915950975847.2,-2254232054.5900397,-323.143138141049,-0.00051316362182,8802141659541.008,-43610.96457994355,1.4178010040723523
0,-1852485340400228.8,-3131545534.7499123,-235.5319271676208,-0.0003628118336089,10829000000000.014,-43745.73862838077,1.4517609199098904
1,-674520866307992.8,66119667.63029033,554.2598024544742,2.7228512468473498e-05,10829000000000.014,-599.1002396364929,1.4517609199098904
