particle_id,x,y,vx,vy,time,energy,faug
0,-674887981044766.0,2717630798.5227323,554.0309876309104,0.0011193644547774,10829000000000.014,-666.1316672759422,1.4517609199132562
