particle_id,x,y,vx,vy,time,energy,faug
0,-353664725954880.5,1293575367.60386,645.9098052122079,0.0007186259836476,7154649348474.241,-1380.94456690675,1.390503496623051
0,-767785156515039.6,-18288872024.834084,-430.37221409721445,-0.0088323362516692,8802141659541.008,-42757.253698327506,1.4178010040729745
0,-1479222963302589.2,-32476844671.09849,-291.2716786764533,-0.0056583081778903,10829000000000.014,-44466.885535144174,1.45176091991041
