particle_id,x,y,vx,vy,time,energy,faug
0,-674412308621869.4,12692738693.926744,554.327474442333,0.0052266401387193,10829000000000.014,-579.2740516787162,1.4517609199651609
