particle_id,x,y,vx,vy,time,energy,faug
0,-490027701133901.06,805444500114.3104,600.0715792495266,0.3890048988228131,8802141659541.008,-990.374434512807,1.4178012966608955
0,-872460457828673.0,-9813963281770.49,-412.8270875996268,-3.8712612355491194,10829000000000.014,-43262.65040402992,1.4517611642950066
