particle_id,x,y,vx,vy,time,energy,faug
0,-490214186125432.6,255029385.63377696,599.9209692133102,0.0001231940474993,8802141659541.008,-1035.2443515493069,1.417801004072374
0,-872293614171696.5,-3106027362.327469,-412.8020131672764,-0.0012252587716105,10829000000000.014,-43303.67143443038,1.4517609199099084
