particle_id,x,y,vx,vy,time,energy,faug
0,-816264782599750.4,574178637969809.0,350.625166726455,327.6661340980879,8802141659541.008,851.1142878078244,1.7128140088129014
0,-12156148949951.14,1109456584596070.4,420.4435096823633,190.84877337235855,10829000000000.014,-1565.8828109291644,1.6434624125184176
