particle_id,x,y,vx,vy,time,energy,faug
0,-370115660210002.2,124203433826639.92,622.2649152288643,72.63335977534848,7154649348474.241,-1145.9554908649588,1.4012576684827454
0,249986500357993.75,-595746100152915.0,30.95522478216339,-490.4730351260411,8802141659541.008,-30415.058252238145,1.4264154149189627
0,254018049848362.53,-1406304872960687.0,-13.435854280004174,-335.70557616806224,10829000000000.014,-32878.710007344365,1.4589055410364686
