particle_id,x,y,vx,vy,time,energy,faug
0,-388850497767270.3,365421043092626.94,405.4332960195045,387.216649530526,4727029947328.75,749.4270780006482,1.5693836704948816
0,88017076285466.14,717433295547782.1,448.34011146761895,260.52761366957054,5815517322893.456,-942.7923466794018,1.5002134053678535
0,666826836749102.8,997127870949494.4,412.4741168430692,168.8087324868831,7154649348474.241,-1375.3202895851136,1.48124107522081
0,1305265046094239.5,1223948921135140.5,363.6918213752142,112.1741273822846,8802141659541.008,-1382.421548681712,1.485129946571259
0,1991700677341106.0,1408236721138174.8,317.0396347613678,74.17962576323464,10829000000000.014,-1382.231141579694,1.5049372559111238
