particle_id,x,y,vx,vy,time,energy,faug
0,-352381474728383.44,78392959.91178761,647.2750056508416,4.344583157758411e-05,7154649348474.241,-981.6568174185232,1.3897076794390475
0,-769549201429044.2,-1113175539.606578,-430.98551670286423,-0.0005376020462084,8802141659541.008,-42294.762260304706,1.416826788519881
0,-1482764174803972.0,-1977989335.9337468,-292.33445209780507,-0.0003454245305536,10829000000000.014,-43989.14537130078,1.4505300393407052
