particle_id,x,y,vx,vy,time,energy,faug
0,-672575267622263.2,3671232775.844638,555.4733532038875,0.0015102094398696,10829000000000.014,-243.4502440398792,1.4505300393450773
