particle_id,x,y,vx,vy,time,energy,faug
0,-123637659577273.48,1140612807.1969905,797.9420816502441,0.000661698830743,3842274192010.384,-2723.7750696390285,1.3320213655788031
0,-501939301290849.94,-23833991202.96807,-490.3144249786767,-0.0213057551214216,4727029947328.75,-40871.802944321054,1.34831710562463
0,-969777405453785.6,-43954224000.36622,-383.2278942319142,-0.0163465665054658,5815517322893.456,-41549.64635467247,1.3672746927401906
0,-1429162147435870.5,-63424790176.89299,-307.7529111958403,-0.0129636864505927,7154649348474.241,-41557.65451626998,1.389707679439674
0,-1878499475120632.8,-82235078826.60129,-240.7689669955113,-0.0100120875073215,8802141659541.008,-41557.64933358408,1.4168267885203871
0,-2300534257665761.0,-99650744660.13152,-179.5151242087991,-0.007344755635066,10829000000000.014,-41557.66396175802,1.4505300393411276
