particle_id,x,y,vx,vy,time,energy,faug
0,-123498422591571.8,917921333.9271116,798.327718094204,0.0005308994493873,3842274192010.384,-2635.8306153899757,1.3320213655782998
0,-502129765629836.25,-19195998499.22193,-490.4507587725356,-0.0171595578088744,4727029947328.75,-40775.571806620865,1.3483171056242458
0,-970149083103873.8,-35402837783.17345,-383.4153269179854,-0.0131687217526688,5815517322893.456,-41451.93435606999,1.367274692739893
0,-1429807181957228.2,-51090135470.56152,-307.9721367264339,-0.0104461434286602,7154649348474.241,-41459.84077184063,1.3897076794394392
0,-1879533461820060.8,-66250079042.21186,-241.02150856964417,-0.008070793637515,8802141659541.008,-41459.83526654422,1.4168267885201975
0,-2302144147319418.0,-80293843895.61455,-179.83537677168738,-0.0059254788180142,10829000000000.014,-41459.793541056424,1.4505300393409692
