particle_id,x,y,vx,vy,time,energy,faug
0,-178195529211074.22,56971433792.317085,743.4204541085263,0.036697399137398,4727029947328.75,-2095.1678289716365,1.3483171084816077
0,-581906084434902.5,-1053468907215.5356,-469.9294424742602,-0.7667268422257234,5815517322893.456,-41402.88082193423,1.367274694953058
0,-1123485046706566.4,-1924792026443.8176,-354.3718047896794,-0.563602501404723,7154649348474.241,-42336.972266772675,1.3897076811862976
0,-1636523744489519.2,-2733193290187.9434,-273.61559497919234,-0.4270950965425053,8802141659541.008,-42376.21755897252,1.4168267899324347
0,-2114625531046543.5,-3471906852515.83,-201.812687085885,-0.3082256409031856,10829000000000.014,-42376.332717315076,1.4505300405191504
