particle_id,x,y,vx,vy,time,energy,faug
0,-352488609021975.94,1638091638463.9102,647.1595192960501,0.9080275557982866,7154649348474.241,-1014.065799581498,1.3897088756312097
0,2.1146768672725748e+16,-1592126539470766.0,16978.496040120463,-1278.0216796564148,8802141659541.008,144945077.3933799,1.4168277555732436
1,-488116716423846.1,1451686584407.9426,601.6178718061234,0.6997842230606192,8802141659541.008,-531.2349578123831,1.4168277555732436
2,-488246893602943.75,1623335086485.713,601.512287596968,0.7826299214899344,8802141659541.008,-562.400357802544,1.4168277555732436
0,5.555947365483191e+16,-4182472745396241.5,16978.26945362458,-1278.0046138576738,10829000000000.014,144945083.5089827,1.4505308461195223
1,-1.3207125588418574e+17,-9387504163769800.0,-92362.09035617214,-6567.025992062716,10829000000000.014,4286939780.643138,1.4505308461195223
2,-1.8631997785870147e+17,-1.862735687310464e+16,-130306.6803855296,-13030.030008213069,10829000000000.014,8574805609.017319,1.4505308461195223
