particle_id,x,y,vx,vy,time,energy,faug
0,-252207154299388.56,225178645.7478034,693.9459802712938,0.0001388576209423,5815517322893.456,-1522.7176954858296,1.3672746927394228
0,-671201841828914.0,-3663441020.262036,-449.97637510741146,-0.002171000015817,7154649348474.241,-41895.54299213673,1.389707679439068
0,-1294592317581518.8,-6612718277.807248,-324.08910358018056,-0.0015076771357942,8802141659541.008,-43162.34985307228,1.4168267885198975
0,-1857320640954676.8,-9193179225.908413,-236.7057630855067,-0.0010686339012201,10829000000000.014,-43292.99620239483,1.450530039340719
1,-671966783869517.2,212267335.381633,555.8532021348625,8.728932460936183e-05,10829000000000.014,-132.08192665074603,1.450530039340719
