particle_id,x,y,vx,vy,time,energy,faug
0,-184775376428582.56,64167729651471.55,721.8863933654438,45.812025225094814,4727029947328.75,-1750.378850645502,1.3517720196584042
0,82214290011116.38,-523237801792267.6,-25.52927945432929,-503.913140475297,5815517322893.456,-32242.910043893902,1.3699401347261526
0,37761185053059.695,-1102493650119265.0,-36.675749276718015,-380.0718760112512,7154649348474.241,-33471.64737574819,1.391805659371003
0,-23793611102959.336,-1657338831997171.8,-37.351409206962074,-299.12213590636827,8802141659541.008,-33518.309166572806,1.4185195452549124
0,-97612856696908.05,-2189015647301960.0,-35.27616020527127,-229.81933211168752,10829000000000.014,-33517.67146864408,1.451940285985146
