particle_id,x,y,vx,vy,time,energy,faug
0,-488547264905979.7,367249035.013382,601.2696491774096,0.0001771082892551,8802141659541.008,-635.1565426576126,1.4168267885199275
0,-874446868024522.1,-4493161388.987766,-413.2730913384788,-0.0017720473193063,10829000000000.014,-42884.75401425111,1.450530039340744
