particle_id,x,y,vx,vy,time,energy,faug
0,-671789361484606.4,554765175.8417524,555.9639870529702,0.0002281098949629,10829000000000.014,-99.59654860105366,1.4505300393408076
