particle_id,x,y,vx,vy,time,energy,faug
0,-256390572767924.4,1982217245.9415288,688.0211048256765,0.0012409003480046,5815517322893.456,-3187.1491451291367,1.36986259163235
0,-665574122954837.6,-31722750785.094704,-447.54846969099174,-0.018804075588403,7154649348474.241,-43683.79357686796,1.392803465031002
0,-1283566361514110.0,-57161650431.14461,-320.2197937522439,-0.012950113028407,8802141659541.008,-44998.19210690766,1.4206214138862086
0,-1837447477855622.8,-79222148494.06726,-231.88883135123817,-0.0090825828667331,10829000000000.014,-45146.36990442636,1.4553326297411044
