particle_id,x,y,vx,vy,time,energy,faug
0,-357905757003972.3,11035218418.258823,641.418970385324,0.0061778133450408,7154649348474.241,-2696.6562632246932,1.3928034650907253
0,-762170065496827.8,-153858625772.39682,-428.5756495915077,-0.0743282761322179,8802141659541.008,-44165.170906767744,1.4206214139346582
0,-1468261624739419.2,-272723598357.78015,-288.04603651043857,-0.0471766591219148,10829000000000.014,-45923.35394184946,1.455332629781712
