particle_id,x,y,vx,vy,time,energy,faug
0,-256350920122350.72,4816384753.394051,688.0769447168432,0.0030147182515781,5815517322893.456,-3171.4072505032527,1.3698625916487188
0,-665626433269848.1,-77091670166.61343,-447.57018993113854,-0.045696899694563,7154649348474.241,-43667.53361063388,1.392803465043956
0,-1283667544777439.8,-138914650869.88483,-320.25498266629506,-0.0314732893009585,8802141659541.008,-44981.4863137643,1.4206214138967177
0,-1837629318491736.0,-192531714605.15967,-231.9328253282985,-0.0220760275328948,10829000000000.014,-45129.49685657967,1.4553326297499125
