particle_id,x,y,vx,vy,time,energy,faug
0,-181435917073728.7,338583458113.26904,737.1414155102322,0.2236883726236535,4727029947328.75,-3728.95147751976,1.350522356535752
0,-577461153576394.0,-6165395064612.236,-467.4348149278028,-4.488182954515003,5815517322893.456,-43171.384941996366,1.3698626772618638
0,-1114791938028522.2,-11249978727729.25,-350.72741785945107,-3.2790934979375836,7154649348474.241,-44141.785203032465,1.3928035327995445
1,-357896925308499.3,374756342639.3813,641.4282194596612,0.2097954888789596,7154649348474.241,-2693.8733974161732,1.3928035327995445
0,-1621196671506840.5,-15938521327233.225,-269.2477517309009,-2.468079357050426,8802141659541.008,-44188.013518910346,1.4206214688626115
1,-762162393963578.2,-5225126832364.199,-428.5727890895434,-2.524242525118744,8802141659541.008,-44162.048162497726,1.4206214688626115
0,-2089602016017896.0,-20185576484368.414,-196.46533804283183,-1.7589938585471443,10829000000000.014,-44188.15653203377,1.45533267581856
1,-1468255022244833.5,-9261907684619.977,-288.04900354086175,-1.6021868066501317,10829000000000.014,-45920.13595088592,1.45533267581856
