particle_id,x,y,vx,vy,time,energy,faug
0,-357919149861746.44,967018072623.1328,641.4043741974399,0.5413766968528834,7154649348474.241,-2700.473587792687,1.3928039027225845
0,-762023580215806.5,-13480915478075.004,-428.5263817740662,-6.512802691243469,8802141659541.008,-44168.18763752103,1.4206217689580436
1,-495321675723988.9,817385628120.2375,595.8028942236249,0.3968122128840969,8802141659541.008,-2256.664114645915,1.4206217689580436
0,-1468031797417891.5,-23895997883094.305,-288.01109527117535,-4.133625596380235,10829000000000.014,-45926.56918427103,1.4553329273379234
1,-865588414021666.4,-9815468969220.768,-411.3153175199048,-3.874476908644873,10829000000000.014,-44607.45672765277,1.4553329273379234
2,-681525065756188.6,990613533594.6672,549.9033066807178,0.4094923390464118,10829000000000.014,-1873.676231022924,1.4553329273379234
