particle_id,x,y,vx,vy,time,energy,faug
0,-495347797751793.06,2381313823449.0796,595.780728034094,1.1560780341885168,8802141659541.008,-2261.782281677879,1.420623707117182
1,-495342132750867.2,2226536275308.128,595.7854488016899,1.0809303393138805,8802141659541.008,-2260.5896712975227,1.420623707117182
0,4.856435416765987e+16,-6991253394405910.0,34444.07227286108,-4957.032059682896,10829000000000.014,605480436.7646803,1.4553345517667629
1,4.898540688155537e+16,-6613157046765110.0,34742.51263479177,-4688.932106027261,10829000000000.014,614511450.167626,1.4553345517667629
