particle_id,x,y,vx,vy,time,energy,faug
0,-681675070714812.1,11216479171344.79,549.7964896524919,4.637130842187905,10829000000000.014,-1883.1272454118296,1.4553829276879098
1,-681649242521377.8,10298117532136.77,549.8146885367607,4.257376388570086,10829000000000.014,-1881.253312890738,1.4553829276879098
