particle_id,x,y,vx,vy,time,energy,faug
0,-130445021419643.2,44867777626023.1,769.6313599336379,32.223908687657044,3842274192010.384,-4085.080653714598,1.336546146440193
0,8182237403670.28,-464891825945573.75,-74.3744859043703,-508.2969864441507,4727029947328.75,-35170.54449624472,1.3525153066605544
0,-71377415608395.19,-947222255582938.8,-70.6222396143711,-394.52058737790776,5815517322893.456,-36063.30791502989,1.3714061218095188
0,-161078128668961.03,-1421234291759046.0,-63.3711764401552,-318.6664280217103,7154649348474.241,-36076.44249405826,1.3940230914447709
0,-258541824982669.0,-1889311209373429.5,-55.08879257527903,-252.7435402654889,8802141659541.008,-36076.4332482459,1.4216097041885245
0,-361168371011840.0,-2338405514734278.5,-46.6008790994474,-194.4706711452548,10829000000000.014,-36076.41540457533,1.4561602880118705
