particle_id,x,y,vx,vy,time,energy,faug
0,-495362871902753.4,118376926.08859894,595.7699222667162,5.747010237421457e-05,8802141659541.008,-2266.6391770103073,1.4206214138842903
0,-865733055222167.5,-1421811786.1736407,-411.4446135099625,-0.0005613772408248,10829000000000.014,-44552.36300410819,1.4553326297394968
