particle_id,x,y,vx,vy,time,energy,faug
0,-421548295394292.9,384387376330140.56,365.7853973676531,410.4003021925673,4727029947328.75,-336.9647711402213,1.7007217175659015
0,11645415588267.951,770188608543952.5,411.69512703949846,298.4917111734041,5815517322893.456,-1540.2304848735805,1.5523048342437822
0,550340505353451.2,1103031138600235.6,388.1944303222627,208.20511365129357,7154649348474.241,-1831.6036968598344,1.511822733473701
1,-540531129126571.75,411303432252392.0,450.8315322018249,281.7406326467613,7154649348474.241,-841.4273324699898,1.511822733473701
0,1156278665610624.2,1391178972181369.8,347.6498903296998,147.05484512717615,8802141659541.008,-1834.284648445915,1.5068728295993483
1,282245512191119.75,715093690830171.5,503.32587080531425,78.67978351358535,8802141659541.008,-5491.786159153809,1.5068728295993483
0,1816353654999532.0,1640839782678983.8,306.41311680408154,104.14711609355524,10829000000000.014,-1834.12888861556,1.5226725217395964
1,1201800911587507.2,735739481839035.9,405.375570454395,-32.840153731577544,10829000000000.014,-7611.841221249735,1.5226725217395964
