particle_id,x,y,vx,vy,time,energy,faug
0,-250805550652258.6,3862472555.51284,695.9465687887938,0.0023693022398895,5815517322893.456,-963.4492689369944,1.3664079870597734
0,-673093692114571.2,-63185878634.53258,-450.8003129648329,-0.0374418977382546,7154649348474.241,-41291.64805849931,1.3886727226940216
0,-1298304543545294.0,-114120089080.25536,-325.39033303090633,-0.0260734396137256,8802141659541.008,-42542.747983771034,1.4155611102530812
1,-485788952964287.6,3876666099.3026834,603.5065596888985,0.0018643364728397,8802141659541.008,28.394468761543976,1.4155611102530812
0,-1864002237752230.8,-158814645138.79333,-238.31981314666177,-0.0185441665140522,10829000000000.014,-42667.81883662225,1.4489330743547455
1,-878033447608167.6,-47789756147.58616,-414.07887525899207,-0.0188414929246636,10829000000000.014,-42179.77792919496,1.4489330743547455
