particle_id,x,y,vx,vy,time,energy,faug
0,-279908559319008.1,290748205203625.0,360.0221282977368,472.45792582044896,3123117714735.799,2050.8280993764056,1.7068315542943373
0,-2356726247791.926,594813146219674.2,396.8226549136653,375.7216739929413,3842274192010.384,1443.3809718506527,1.508683458381039
0,343521099745943.1,890112268477882.2,381.5423923074236,298.94745743939365,4727029947328.75,1404.8561550081358,1.4557598133287817
0,743318277059629.8,1182645640264401.5,353.0686982741469,243.01077655574952,5815517322893.456,1405.119580877188,1.4402082399480984
0,1194162791327554.5,1476303331102486.2,321.0260081923009,198.4745815182678,7154649348474.241,1405.2337940061552,1.4424667566510443
0,1696013888379780.5,1771784844160490.2,290.26156504612663,163.53653628661718,8802141659541.008,1405.1303482885342,1.456821625679357
0,2256908169181129.0,2075832744556784.0,264.8266759492727,138.603371128619,10829000000000.014,1405.1303482885414,1.4821379308495284
