particle_id,x,y,vx,vy,time,energy,faug
0,-122586992014160.16,399506669.4108872,800.8624834864446,0.0002264180829517,3842274192010.384,-2060.0232562561287,1.33138063186679
0,-503375152306796.56,-8398397516.514289,-491.34157741203376,-0.0075068784206374,4727029947328.75,-40146.60456968265,1.3475775385613942
0,-972577756864334.8,-15494446356.34119,-384.6387829523798,-0.0057702935670226,5815517322893.456,-40813.348907651336,1.366407987049188
0,-1434019716602367.0,-22373725062.296898,-309.40249985615594,-0.0045848607059505,7154649348474.241,-40820.614342884604,1.388672722685674
0,-1886283245471258.0,-29034903932.714615,-242.66858575184372,-0.0035509795656158,8802141659541.008,-40820.60681002808,1.4155611102463403
0,-2312648714939829.0,-35227812909.20242,-181.92202290338335,-0.0026208083971375,10829000000000.014,-40820.594602244826,1.4489330743491304
1,-669565596554554.0,345231405.3732291,557.3536179537375,0.000141775976473,10829000000000.014,308.0438342798734,1.4489330743491304
