particle_id,x,y,vx,vy,time,energy,faug
0,-250868489838297.0,9295218189.611353,695.8565203654168,0.0057032021551108,5815517322893.456,-988.6089516037318,1.3664079871181034
1,-250754753165529.44,10447779488.511978,696.0191831934636,0.0064076023637104,5815517322893.456,-943.193577720842,1.3664079871181034
0,1480843090340098.5,-277212486336.6076,1299.6249002957193,-0.248623679781845,7154649348474.241,757986.0034712157,1.3886727227400206
1,1627073261423010.8,-327842544161.2068,1442.7104616063334,-0.2961525438631056,7154649348474.241,960508.4813987516,1.3886727227400206
0,3582122782413008.0,-679320536349.5138,1260.983512350513,-0.241340813464588,8802141659541.008,758002.2117950937,1.4155611102902264
1,3969567231352317.5,-808797776989.3066,1409.9159639001502,-0.289506852675022,8802141659541.008,960509.0277192562,1.4155611102902264
0,6123346937163644.0,-1165709496426.402,1248.734498193748,-0.2390134200100296,10829000000000.014,758002.2117955089,1.4489330743856872
1,6815404186649984.0,-1393167219330.856,1399.9825846700696,-0.287479628386653,10829000000000.014,960509.027719244,1.4489330743856872
