particle_id,x,y,vx,vy,time,energy,faug
0,-668790922568087.1,6240669210.358503,557.8381847909492,0.0025617284005958,10829000000000.014,450.2574412635295,1.4489330743634827
