particle_id,x,y,vx,vy,time,energy,faug
0,-486194175179644.1,121649389965.22778,603.1775228882551,0.0585268878014992,8802141659541.008,-69.20197976898635,1.4155611176732006
0,-877503407779234.1,-1497967260897.413,-413.9581951209748,-0.590612195276187,10829000000000.014,-42284.198883031946,1.4489330805356353
