particle_id,x,y,vx,vy,time,energy,faug
0,-669779601392560.6,7656401811343.668,557.213006009097,3.144690811441415,10829000000000.014,277.152681686508,1.4489604307165538
