particle_id,x,y,vx,vy,time,energy,faug
0,-485465031322787.94,93540415963.1985,603.7696782418103,0.0449698322939326,8802141659541.008,106.44366539240582,1.415561113168717
0,-878452655094801.8,-1154143271290.7195,-414.1726420651806,-0.4550119096142204,10829000000000.014,-42097.49195582465,1.4489330767834427
1,-668657548696927.0,87826426344.18312,557.9216354526953,0.0360490871846932,10829000000000.014,474.75393537952914,1.4489330767834427
