particle_id,x,y,vx,vy,time,energy,faug
0,-251027137335945.38,395373673055.9302,695.6295744070688,0.2427326231849985,5815517322893.456,-1051.8319479022175,1.3664081071254552
0,-672761848448790.8,-6462101428556.1,-450.6553663793313,-3.8293113638215086,7154649348474.241,-41386.59573785307,1.3886728173779412
0,-1297665875932421.8,-11670197555953.129,-325.17541373142114,-2.665474439360826,8802141659541.008,-42640.1746079269,1.4155611867120956
0,-1862879512912388.8,-16238203781935.035,-238.05918547485084,-1.8947481283574923,10829000000000.014,-42766.11393247573,1.4489331380443835
