particle_id,x,y,vx,vy,time,energy,faug
0,-250854924688398.25,8286929267.475079,695.8759590736045,0.0050842876837647,5815517322893.456,-983.1641229530504,1.3664079870923804
0,-673026951028218.9,-135538892752.95352,-450.7711572525956,-0.0803161448447457,7154649348474.241,-41312.98244549056,1.3886727227197355
0,-1298173499573517.5,-244791964564.66592,-325.3444027975449,-0.0559244215730759,8802141659541.008,-42564.63399593754,1.4155611102738457
0,-1863766436663092.8,-340651302616.7347,-238.2628946867288,-0.0397702579713761,10829000000000.014,-42689.89888379731,1.448933074372042
1,-668526612029423.2,8021499084.011799,558.0035700405926,0.0032922462859219,10829000000000.014,498.8037085935357,1.448933074372042
