particle_id,x,y,vx,vy,time,energy,faug
0,-678649659821144.2,115529210768210.98,550.2343305344416,47.87684074090416,10829000000000.014,545.9224759702047,1.4536281055971725
