particle_id,x,y,vx,vy,time,energy,faug
0,-53710839738604.48,10451280311.863052,943.7076369530914,-0.0065707063975946,2538565384109.942,-3924.589051717892,1.30479533515457
0,-369447206582808.5,-278721171195.0194,-531.9736362722513,-0.3755943409132821,3123117714735.799,-39274.80142057719,1.317255601591904
0,-714081405170342.1,-520596688659.06006,-438.0165460194149,-0.3060154304053147,3842274192010.384,-39610.45359763907,1.331380632053072
0,-1069905959050354.8,-768356170649.4818,-370.83384967173447,-0.2574267761229143,4727029947328.75,-39610.20390695955,1.3475775387034126
0,-1440165808024650.2,-1024665739244.9032,-312.3726218497568,-0.2156470365211462,5815517322893.456,-39609.94307103888,1.36640798715911
0,-1820043260580348.0,-1286169081338.9536,-257.1264587250762,-0.1764782592123656,7154649348474.241,-39609.8250132574,1.3886727227723583
0,-2197487023679035.2,-1544351411626.7244,-203.78906145848103,-0.1388913274848615,8802141659541.008,-39609.84401992764,1.4155611103163397
0,-2559974098229430.0,-1790387493924.125,-156.30765178826985,-0.1056031114788977,10829000000000.014,-39609.84401992764,1.4489330744074391
