particle_id,x,y,vx,vy,time,energy,faug
0,-179954747265386.06,52163394867242.16,733.4951076519051,35.53424652833626,4727029947328.75,-523.2205033262144,1.348902631681229
0,-53033007900545.734,-544835038279603.5,-128.69202059407772,-480.07404610143897,5815517322893.456,-33266.4894522845,1.3670456398465909
0,-212881079160157.25,-1095778753316955.4,-110.82629365367008,-360.6940875655763,7154649348474.241,-34374.189368814914,1.3887161819410834
0,-380979090039902.3,-1620892868579343.8,-93.88646722671324,-282.2300664472605,8802141659541.008,-34413.07554603953,1.4150372972005365
0,-553612569883875.7,-2120671499852896.0,-77.21644008252528,-215.1225586174494,10829000000000.014,-34413.05842426048,1.4477943601389136
