particle_id,x,y,vx,vy,time,energy,faug
0,-348132629511556.06,1479331894611.893,651.8156812107736,0.8131958967347255,7154649348474.241,345.0277978175145,1.3873308969578777
0,-774806062370273.6,-21293201187423.43,-432.6390229461153,-10.279886014694116,8802141659541.008,-40908.7098099267,1.4139217822542127
0,-1493066692925849.0,-37900315982684.86,-295.407448349604,-6.663254850412228,10829000000000.014,-42556.60054167202,1.4468678417883427
1,-665113688472467.8,1721955338257.59,560.141349920158,0.7053589225359794,10829000000000.014,1127.2019864567555,1.4468678417883427
