particle_id,x,y,vx,vy,time,energy,faug
0,-81801641183884.28,2969162363797.74,868.3780929372482,0.6920136298248649,3123117714735.799,-2074.134810125979,1.31653856686188
0,-427495858467919.06,-70293275430079.23,-507.36414898712445,-77.26232620062052,3842274192010.384,-38725.252236434375,1.3305580825913843
0,-827490185067846.1,-130736953745668.1,-409.20594016793893,-61.46704285837678,4727029947328.75,-39192.66436545155,1.346624423419062
0,-1232410535824854.2,-191287673008389.38,-339.4023282614085,-50.54202019080234,5815517322893.456,-39192.83277544544,1.3652885917011726
0,-1643947986205383.0,-252328112538098.16,-278.1569675613968,-41.09123876131674,7154649348474.241,-39192.68619149463,1.3873347528922455
0,-2052282459373601.5,-312385136981219.9,-219.99827197109528,-32.202792857157206,8802141659541.008,-39192.285685946685,1.413924891366883
0,-2443041473355029.5,-369281599075888.3,-168.56168877220847,-24.400636346599335,10829000000000.014,-39192.285685946685,1.4468704265339063
