particle_id,x,y,vx,vy,time,energy,faug
0,-349455819624788.1,33359140032044.062,649.809203377461,18.428886677463364,7154649348474.241,324.5051713985449,1.3878734575357212
0,-625732877508034.6,-435649709746990.2,-379.9422215133756,-219.58980509688723,8802141659541.008,-39683.75524281003,1.4143590350729158
0,-1261691913324943.2,-791074476631813.1,-263.758315921854,-143.08985570112628,10829000000000.014,-41394.77068227004,1.447231218274692
1,-666240970563217.6,33400234410772.996,559.3038741542983,13.695651323124531,10829000000000.014,1078.7552772222843,1.447231218274692
