particle_id,x,y,vx,vy,time,energy,faug
0,-483270069043411.4,18466158371933.39,605.4700499599198,8.860106774429841,8802141659541.008,712.4484805643442,1.4140930540640773
0,-849105038904230.4,-225284680945908.7,-406.53872471514256,-89.6525319684983,10829000000000.014,-41208.36559731336,1.447010207815139
