particle_id,x,y,vx,vy,time,energy,faug
0,-348093962809646.25,61285869301.182335,651.8583291532678,0.0336864295014935,7154649348474.241,356.3339598974562,1.3873296351286644
1,-348458051031033.25,59914456514.41101,651.4677829412605,0.0329561282424503,7154649348474.241,242.47972504943027,1.3873296351286644
0,2117256976410499.2,-910445280979.4728,1622.187433508063,-0.7219792778531126,8802141659541.008,1253083.6336007684,1.4139207648125482
1,2063392591714411.5,-856411377200.5391,1578.6813170529858,-0.6797271054545212,8802141659541.008,1181819.125031202,1.4139207648125482
0,5374092814694133.0,-2360308607969.9653,1598.606227096313,-0.7117306141529317,10829000000000.014,1253083.6803361652,1.4468669959402989
1,5230374839869426.0,-2220397405932.9824,1553.8241029776864,-0.6692924224416464,10829000000000.014,1181819.0350700836,1.4468669959402989
