particle_id,x,y,vx,vy,time,energy,faug
0,-118673398696373.23,159741909874406.97,612.9459030650497,292.9480332849722,2538565384109.942,2273.1461408932228,1.3608162889392028
0,246250222273779.53,262884782382316.2,593.4773300512351,94.7729938564684,3123117714735.799,-2052.257645919104,1.3550121679705525
0,642320037502200.4,306785085117398.56,514.8126590726731,39.32394445407238,3842274192010.384,-2463.400581560156,1.3575895507234557
0,1068859470144606.8,329701451093411.3,453.4185292192598,15.731215888750397,4727029947328.75,-2463.145110110956,1.3660311132783023
0,1532048268611455.5,338462532357228.2,400.44102411985347,1.864167849793593,5815517322893.456,-2462.909801287591,1.379402574732262
0,2034169481604105.5,334128483712160.25,351.76469132777544,-7.444652550721774,7154649348474.241,-2462.8149166972,1.3976430105221005
0,2578049888619097.5,316521331982730.25,311.54087727667564,-13.215009788742712,8802141659541.008,-2462.814916697178,1.421388662798423
0,3174684054716765.5,285855442810296.0,279.3610582195765,-16.63831992253249,10829000000000.014,-2462.8149166971925,1.4520896983783702
