particle_id,x,y,vx,vy,time,energy,faug
0,-174175158270376.9,21937249690444.6,750.0132934056065,13.78355103512136,4727029947328.75,384.55504614912206,1.3458238151218604
0,-449214950043210.75,-367392844362127.44,-390.5033333452891,-277.40427892475384,5815517322893.456,-37315.21691482114,1.3641744153451274
0,-903577229801554.4,-684465164646100.2,-299.97019279297297,-206.36328603395089,7154649348474.241,-38236.60271351786,1.3858676948717163
1,-345640737054879.25,23577274600154.07,654.1911899865289,12.912660443340869,7154649348474.241,1322.260118731996,1.3858676948717163
0,-1341780308163030.0,-982564698722587.8,-236.02372923854497,-158.78501274972075,8802141659541.008,-38267.83273123356,1.4120237408764658
1,-700680078905365.5,-326177865985554.94,-406.5286537538284,-160.86294635235063,8802141659541.008,-39225.204672323845,1.4120237408764658
0,-1759578145858093.0,-1260382181781813.0,-179.4014857545652,-117.78985516866686,10829000000000.014,-38267.79931208561,1.4443879686057055
1,-1379840583273257.0,-587114148743562.5,-281.1609010720139,-105.219659468319,10829000000000.014,-40869.723728022705,1.4443879686057055
