particle_id,x,y,vx,vy,time,energy,faug
0,-264269306246514.1,117562481921000.64,665.0346973727238,79.6465115923103,5815517322893.456,1213.5190808925545,1.3733648899623077
0,360916676893579.25,-438750693381588.3,174.14659644472243,-486.6447275367341,7154649348474.241,-24093.70914267056,1.3930203819746467
0,569227664795080.9,-1125489330154071.2,96.73232026647746,-365.58738297805047,8802141659541.008,-25975.05769238826,1.4177376830832762
0,725208324323551.8,-1780760810346977.0,60.915215994621946,-286.40968447371205,10829000000000.014,-26107.098537018413,1.449101665938043
1,-670681078074066.9,123439819275956.69,554.9422166859299,50.97157346399504,10829000000000.014,2276.0751126786636,1.449101665938043
