particle_id,x,y,vx,vy,time,energy,faug
0,-121620803399720.88,28523214616069.4,798.4162260677115,16.742619041621424,3842274192010.384,-201.50062493194127,1.3304203164643866
0,-217937144896526.7,-440260250059544.8,-268.70793479660813,-428.98503815395065,4727029947328.75,-34635.91063568673,1.3460950763384585
0,-479428781743439.4,-847909549874077.4,-217.82287686889103,-333.48946792226434,5815517322893.456,-35352.7250350417,1.364383640884837
0,-744473471831461.8,-1248313220292264.5,-180.28104479215423,-268.9653439787576,7154649348474.241,-35359.21032911535,1.386032096079708
1,-346180205074552.1,28718027562674.625,653.4652985680109,15.75449438270874,7154649348474.241,1248.4992226436443,1.386032096079708
0,-1012277414932108.4,-1643037814423375.8,-146.29029951908083,-212.93653564293857,8802141659541.008,-35359.19392230325,1.4121559580869023
1,-664682634775000.6,-387827802785276.3,-393.67276303321887,-193.26082468708705,8802141659541.008,-39004.482453249555,1.4121559580869023
0,-1275763686554374.5,-2021474627076116.5,-115.75782945320692,-163.97383714699984,10829000000000.014,-35359.15279853437,1.4444975557883182
1,-1323566494485080.8,-701391445435439.4,-273.26848769881803,-126.51276057905568,10829000000000.014,-40666.437254994176,1.4444975557883182
