particle_id,x,y,vx,vy,time,energy,faug
0,-659312518405045.1,605687846.6787102,563.7871885786118,0.0002472633801,10829000000000.014,2198.9297344562365,1.4442037106470684
