particle_id,x,y,vx,vy,time,energy,faug
0,-120524727131410.86,11461102255254.2,805.7824985702428,6.248437790183413,3842274192010.384,-552.4497846919112,1.3296121765115276
0,-447953701576517.0,-230378719640779.0,-449.6742764834937,-208.9660982171932,4727029947328.75,-37864.57485321064,1.3454808748072318
0,-878997229565926.8,-428420404823584.8,-354.5893254180855,-161.4624605137349,5815517322893.456,-38520.61459330264,1.363909714805836
0,-1305857484682036.5,-621462374506396.4,-287.2702983202106,-129.06418719115388,7154649348474.241,-38526.555184853874,1.3856595987119606
0,-1727670608505029.0,-809738991759483.8,-227.51928402198791,-100.85428780276072,8802141659541.008,-38526.54226292959,1.4118563228600958
0,-2130734851325858.5,-987042142038177.2,-173.77257488693704,-75.81075025459425,10829000000000.014,-38526.5413250139,1.4442491704790528
1,-659820707942366.0,10975236782880.717,563.4526805437632,4.4820261697232855,10829000000000.014,2122.054718970903,1.4442491704790528
