particle_id,x,y,vx,vy,time,energy,faug
0,-245957763542674.25,3654827064361.2246,702.912177680577,2.199629804165053,5815517322893.456,984.652283028554,1.363831501253982
0,-676741710982824.9,-60808445187453.586,-452.3433452821738,-36.049583827129155,7154649348474.241,-39168.19605994258,1.3855980881615368
0,-1306483954114890.0,-110078171589194.62,-328.9972704971615,-25.33929284916551,8802141659541.008,-40366.88442378492,1.4118068234523606
0,-1880938018767240.8,-153740879618973.84,-243.2818716224073,-18.231504769595713,10829000000000.014,-40473.88273918159,1.444208125430415
1,-660476352645961.1,3539149248139.732,563.0531743840902,1.4458109642125565,10829000000000.014,1985.153054043185,1.444208125430415
2,-659303904622638.4,3584315059727.531,563.7910519921566,1.4632443884387836,10829000000000.014,2202.3700015229115,1.444208125430415
