particle_id,x,y,vx,vy,time,energy,faug
0,-345763842501125.3,33664113612.770615,654.3637844756157,0.0184183170351198,7154649348474.241,1086.0173948684824,1.3855914734459185
0,-778267778642949.6,-488417917150.9579,-433.77750195875615,-0.2357385776376528,8802141659541.008,-40117.89452139816,1.411801500042178
0,-1499700319080335.0,-870152463961.666,-297.2692910144487,-0.1535457706126475,10829000000000.014,-41739.69635065352,1.4442037110398158
