particle_id,x,y,vx,vy,time,energy,faug
0,-479158191408177.25,56997806883.52789,608.9110544752931,0.0272213852669103,8802141659541.008,1631.1766247415217,1.4118015007724531
0,-886669110603279.8,-715503131923.3853,-416.0525669118402,-0.2818830240694694,10829000000000.014,-40475.94951479141,1.444203711645393
