particle_id,x,y,vx,vy,time,energy,faug
0,-246649834838817.8,378908020.62915784,701.9258240030741,0.0002286675908215,5815517322893.456,699.4332653314923,1.3638230903588386
0,-678702322080306.2,-6300283728.483498,-453.2508937120246,-0.0037324803526517,7154649348474.241,-39499.77686248606,1.3855914728572858
0,-1309301211390759.0,-11398010322.303474,-329.2332422422619,-0.0026198996194072,8802141659541.008,-40705.21362754353,1.4118014995684536
0,-1883752951071906.0,-15908819567.869757,-243.07115211490407,-0.0018816740013719,10829000000000.014,-40814.71733396356,1.4442037106469825
