particle_id,x,y,vx,vy,time,energy,faug
0,-416182088135509.4,262673204826900.4,565.5936574301286,167.42736609363808,7154649348474.241,2407.0875954922813,1.4186537126327412
0,574136530395191.2,144153880245978.56,480.29024126174227,-259.53908112081575,8802141659541.008,-10929.471947851562,1.437572607421302
1,-529238655405215.5,242806077617355.53,559.2788322973886,124.77872327676108,8802141659541.008,2513.9926935705007,1.437572607421302
0,1330044883888320.2,-388767281690297.25,302.1028979919323,-252.3932056492091,10829000000000.014,-14028.25700947398,1.4651121166954144
1,611277143789383.4,-195925598531114.4,314.0610216565734,-430.8464983745852,10829000000000.014,-17621.805724831065,1.4651121166954144
