particle_id,x,y,vx,vy,time,energy,faug
0,-652189535842568.5,2510828883.898409,568.2830202315686,0.0010205962618049,10829000000000.014,3523.4973087075923,1.4407865793793604
