particle_id,x,y,vx,vy,time,energy,faug
0,-474356952635774.1,33969424059.469532,612.8490046461991,0.0161386064527706,8802141659541.008,2798.416366212099,1.4090745185466167
0,-892936279349348.0,-432044809765.8868,-417.5143991740312,-0.1701256234950835,10829000000000.014,-39233.69300350195,1.440786579880275
