particle_id,x,y,vx,vy,time,energy,faug
0,-472630519110435.3,6736372177338.975,614.2581198941806,3.194366503489003,8802141659541.008,3229.747535498638,1.4090918889442974
0,-890685082984494.4,-85872036278458.94,-416.8701258210618,-33.85019097833496,10829000000000.014,-38741.25126318453,1.440800937456341
