particle_id,x,y,vx,vy,time,energy,faug
0,-170956772226257.2,6298162970.440605,757.7991757332919,0.0038032391770201,4727029947328.75,1571.128233252326,1.343755288923533
0,-591775016794233.4,-120501699398.59674,-475.51076836410886,-0.0876632537647396,5815517322893.456,-37428.05901101783,1.3619384215958852
1,-243280094978283.38,6495879643.617978,706.8282910055038,0.00386553443985,5815517322893.456,2052.8182479940588,1.3619384215958852
0,-1142798039836907.5,-220788454557.57065,-362.4486978278194,-0.0652797371433303,7154649348474.241,-38284.74281464993,1.3833500098106517
1,-683253847065286.5,-109440844143.86656,-455.2513227205263,-0.0648239452344709,7154649348474.241,-38042.38186757179,1.3833500098106517
0,-1670503675775857.5,-315043332547.8162,-283.2549808153316,-0.0501732873329721,8802141659541.008,-38311.449733776615,1.4090745179529232
1,-1318221472950912.5,-198253542200.21173,-332.3395957453736,-0.0457856469611686,8802141659541.008,-39211.72532670855,1.4090745179529232
0,-2170045867211036.0,-402753603080.2388,-213.66759887632037,-0.037157031713449,10829000000000.014,-38311.40208486569,1.4407865793895478
1,-1899732614531330.5,-277355192142.636,-246.89505843894332,-0.0331340035951242,10829000000000.014,-39309.618202639875,1.4407865793895478
