particle_id,x,y,vx,vy,time,energy,faug
0,-473372813383387.3,273461233102.55643,613.6587914018615,0.129776943078117,8802141659541.008,3038.3773025428527,1.4090745433103171
1,-472481492455762.6,258651932493.07672,614.3930039029913,0.1226262104517159,8802141659541.008,3255.8909598452447,1.4090745433103171
2,-473956475290018.75,268667942505.35733,613.1784126894007,0.1275852296975527,8802141659541.008,2896.0450583524944,1.4090745433103171
0,7.39657560102826e+16,1.508349482708175e+16,71037.34817166868,14641.395328599116,10829000000000.014,2630335888.6794157,1.44078660034912
1,3115737296539968.0,9384200791044.947,2096.2952124666863,6.796596782023742,10829000000000.014,2154668.533973729,1.44078660034912
2,3017545234498427.0,15822888938984.252,2213.0182569362537,13.990590909701472,10829000000000.014,2404856.19038213,1.44078660034912
