particle_id,x,y,vx,vy,time,energy,faug
0,-653419720897889.5,92302777419.67345,567.504980483438,0.0375474289435977,10829000000000.014,3294.1003068028076,1.4407865826246675
1,-651872157780826.5,94801778647.04095,568.4838551908708,0.0385272699290659,10829000000000.014,3582.7245683452056,1.4407865826246675
