particle_id,x,y,vx,vy,time,energy,faug
0,-340923929858385.5,13161271119.00074,659.6016349517162,0.007129188428775,7154649348474.241,2607.196815485804,1.3833500098660774
0,-784707650009151.5,-193987483613.60583,-435.903788890066,-0.0935994089258454,8802141659541.008,-38488.34788845647,1.4090745179974205
1,-474152028804644.4,11270652625.705671,613.0175538071885,0.005353379818941,8802141659541.008,2848.359694282175,1.4090745179974205
0,-1512293712213721.2,-346272478755.42676,-300.9411246522969,-0.0615594190182452,10829000000000.014,-40057.956107707614,1.4407865794263277
1,-893204073923446.0,-143427386618.39435,-417.5773686685239,-0.0564760152436364,10829000000000.014,-39180.537362327435,1.4407865794263277
2,-653669659587779.9,10713980274.32102,567.3469874475762,0.0043589589526634,10829000000000.014,3247.52431956961,1.4407865794263277
