particle_id,x,y,vx,vy,time,energy,faug
0,-849212071832040.9,614494873687946.2,328.40116773213043,352.43458735073006,8802141659541.008,5377.235544667652,1.645662942558634
0,-97858099495925.56,1213722906400832.8,394.1516263480327,231.98573053331444,10829000000000.014,3588.8559723019134,1.5993767457301442
