particle_id,x,y,vx,vy,time,energy,faug
0,-467198118142603.75,1500317599.8221626,618.7605672068277,0.0007069966018377,8802141659541.008,4549.120854738547,1.4055835998452002
0,-902303164877275.4,-19457122249.389694,-419.743793052471,-0.0076563639725412,10829000000000.014,-37367.89761411531,1.4364281922089783
