particle_id,x,y,vx,vy,time,energy,faug
0,-703519494435059.1,511365786789997.6,425.5255250685455,286.6278057004155,8802141659541.008,6636.609535409356,1.5642996579942745
0,261353053786977.53,911612621199515.0,487.5246979680221,96.36858481618846,10829000000000.014,2384.768227747467,1.5497675180667223
1,-868823058185931.4,541550916105457.6,426.8485560050688,245.40065102514492,10829000000000.014,6565.212102771533,1.5497675180667223
