particle_id,x,y,vx,vy,time,energy,faug
0,-772295579300188.1,417247961398593.3,484.15196857777215,183.94185857842737,10829000000000.014,6184.52438847773,1.497997364616798
