particle_id,x,y,vx,vy,time,energy,faug
0,-645168993901157.0,648970861.0325539,572.7361036477563,0.0002626312112107,10829000000000.014,4837.711483405263,1.4364281922081896
