particle_id,x,y,vx,vy,time,energy,faug
0,-1021066250751757.2,673761843428522.2,342.72425075893506,312.53221212611265,10829000000000.014,6920.105144788482,1.681208742265211
