particle_id,x,y,vx,vy,time,energy,faug
0,-348555516509395.5,109574359396293.64,645.361275156982,61.7470996093717,7154649348474.241,4436.82824339511,1.3881626063744783
0,157394311859100.06,-673057849889134.0,-23.382074256278912,-486.03949515918293,8802141659541.008,-26378.546146782817,1.411691708391832
0,81843047728171.97,-1483459938675960.5,-43.51806884639035,-338.2086753608599,10829000000000.014,-28440.07228324692,1.4414296254805663
