particle_id,x,y,vx,vy,time,energy,faug
0,-115621069912750.62,81721126844.74855,820.8718106348077,0.0383193426072636,3842274192010.384,2346.698056481371,1.3262544646996703
0,-512881318305362.7,-1787751319029.3735,-498.1679781619688,-1.5970310051706962,4727029947328.75,-35327.35259889801,1.3416760141605704
0,-991096640503230.6,-3306705034871.038,-393.9281850246321,-1.242150532790326,5815517322893.456,-35924.1495213615,1.3595138139158531
0,-1466055556036907.8,-4796026321028.397,-320.22596755582515,-0.9988019009880476,7154649348474.241,-35927.686454761635,1.3804726502731326
0,-1937488325208643.2,-6258739132707.365,-255.09390287431617,-0.7871289234837247,8802141659541.008,-35927.66734807169,1.405583602989643
0,-2392263262714848.0,-7653669483956.924,-197.64131630869724,-0.6024287715787103,10829000000000.014,-35927.67439384567,1.436428194797435
