particle_id,x,y,vx,vy,time,energy,faug
0,-49174037499689.26,4670679935290.201,974.599230745107,-5.161298197149575,2538565384109.942,396.0783349103877,1.3008351397600355
0,-352926634118244.4,-126003694166459.4,-511.97650565709665,-170.60965656153633,3123117714735.799,-34112.154242816556,1.3127804860101486
0,-685974987567610.6,-236328704661063.53,-424.83692425450585,-140.0968293918865,3842274192010.384,-34412.937766134244,1.3262782910449324
0,-1032349237464018.0,-350175540881899.5,-362.3484888938226,-118.74599644823132,4727029947328.75,-34412.67478399453,1.3416940949927714
0,-1395751293860757.2,-468947167578849.44,-308.0729726010477,-100.42742523292613,5815517322893.456,-34412.42035673664,1.359527729852068
0,-1772709647642541.5,-591504079116905.1,-256.93698903897524,-83.3080804225712,7154649348474.241,-34412.313810230466,1.3804835478378408
0,-2153978397549224.0,-714755158862500.0,-208.73455959305713,-67.26894952428212,8802141659541.008,-34412.25601942891,1.405592324579154
0,-2532285650547883.0,-836268689328043.0,-166.8077601963546,-53.389659163848265,10829000000000.014,-34412.2560194289,1.436435374221113
