particle_id,x,y,vx,vy,time,energy,faug
0,-336575902427897.3,17142510888.270475,664.3473512587886,0.0091985592929122,7154649348474.241,3980.095522349177,1.380472646493012
0,-790503804480570.6,-256263757554.4181,-437.83817274634697,-0.1236141555515374,8802141659541.008,-37016.67684143277,1.4055835999642865
0,-1523634838756089.5,-458214336655.1659,-304.23696712240354,-0.0819889003590667,10829000000000.014,-38540.43141590451,1.4364281923070088
