particle_id,x,y,vx,vy,time,energy,faug
0,-644358445476942.8,1312155435.7582705,573.251661900514,0.0005307386356229,10829000000000.014,4989.995267034974,1.4364281922086306
