particle_id,x,y,vx,vy,time,energy,faug
0,-77535019033604.05,8149359690239.845,885.7831012698653,0.6968105461762188,3123117714735.799,1396.9751411008765,1.3128775154885732
0,-394105366128133.2,-190280183989629.9,-475.33016458889733,-211.0433554157949,3842274192010.384,-34421.254768042185,1.326351051010464
0,-770531644242678.5,-356065331569482.1,-386.6505673345347,-169.23415295801288,4727029947328.75,-34854.641591109656,1.3417493027824912
0,-1154664441083479.2,-523423278579943.75,-323.3372075791774,-140.27419845652113,5815517322893.456,-34854.531958941574,1.3595702169288542
0,-1548717623659343.2,-693694881707130.8,-267.85226108846837,-115.27934306717644,7154649348474.241,-34854.386397836555,1.3805168174166256
0,-1944968575372728.0,-863508956885685.8,-215.674516205893,-92.01397208319142,8802141659541.008,-34854.14049614174,1.405618949887223
0,-2333776539907592.5,-1028603001486138.6,-170.68270317983942,-72.11150921950278,10829000000000.014,-34854.14049614173,1.4364572909250202
