particle_id,x,y,vx,vy,time,energy,faug
0,-255210509565840.8,250318549818502.6,578.7448216610451,246.1144342001544,4727029947328.75,7675.809437925927,1.4300497121278404
0,403006267625837.6,361022107102087.25,563.5136422507045,-10.522595977853994,5815517322893.456,1079.7972548940452,1.4190062226546571
1,-313148573064274.75,254327370143954.97,586.8844893115266,198.92500167170743,5815517322893.456,7375.439034228009,1.4190062226546571
0,1076062962412432.8,297415503044473.5,454.16024102033623,-67.47491608506755,7154649348474.241,-149.65432997820608,1.4223736361196408
1,509774624721453.0,261856433117029.97,538.2372094826173,-138.51806248258086,7154649348474.241,-2426.365159617155,1.4223736361196408
0,1756560563756920.5,172263704127072.94,377.5000311215984,-81.21097781148842,8802141659541.008,-180.2283085195668,1.4358392866089895
1,1261476682727846.2,-5387371404679.531,396.8321873907258,-169.3980986488752,8802141659541.008,-4381.756591872312,1.4358392866089895
0,2454864608544651.0,3433309356505.8936,317.2500747177665,-84.15630591924447,10829000000000.014,-179.92378825325432,1.4584545511407068
1,1972840045610950.0,-342358505367193.6,312.21690731871917,-161.4139897523069,10829000000000.014,-4492.506968691057,1.4584545511407068
