particle_id,x,y,vx,vy,time,energy,faug
0,-163616628758618.22,14626231786644.023,772.2136729010026,8.205268700125824,4727029947328.75,5515.061698466714,1.3391585208509935
0,-532308943027621.44,-273701031093995.3,-439.62539474286865,-202.30512877030685,5815517322893.456,-32485.867558414233,1.356525561004707
0,-1045754562204842.0,-506802613751813.3,-340.23140427169335,-152.8016957028631,7154649348474.241,-33282.04666778316,1.3768899527106413
0,-1544906140116452.5,-729091159669946.8,-270.2013454579103,-119.33690529506968,8802141659541.008,-33299.400454219176,1.4012153139125805
0,-2027038294454280.8,-940236103130217.0,-209.4825325716995,-90.93362766353104,10829000000000.014,-33299.231813696344,1.430969317523187
