particle_id,x,y,vx,vy,time,energy,faug
0,-648621753876205.9,155624293704438.53,567.5876121230349,63.67092027775774,10829000000000.014,7671.490987945261,1.4372461592825774
