particle_id,x,y,vx,vy,time,energy,faug
0,-226172484461178.6,1108321399.010722,732.5424346698023,0.0006057208837091,5815517322893.456,8988.01294697955,1.35246571142551
0,-706453796489094.0,-19953846363.360733,-465.6301323698363,-0.0118085886320257,7154649348474.241,-30553.072962370512,1.3721477990119926
0,-1363688977125041.8,-36373091017.87062,-348.0440172858191,-0.0085874030385318,8802141659541.008,-31551.184342119657,1.3955438490785133
0,-1980669369169473.5,-51442390835.51545,-266.0102413130372,-0.00642980254298,10829000000000.014,-31603.18129015631,1.4239915227910838
1,-614288256996566.6,1145683155.658202,592.6005122292298,0.0004537914120211,10829000000000.014,10719.132118098729,1.4239915227910838
