particle_id,x,y,vx,vy,time,energy,faug
0,-324062875583534.75,53506868864854.53,676.3621359681979,28.107705883319884,7154649348474.241,9007.225351761996,1.3733167909429953
0,-430817899684659.2,-651506192258607.0,-299.59999073415275,-347.92557404097835,8802141659541.008,-28485.718980195612,1.3964701026600657
0,-949208357766781.8,-1230412546657123.8,-222.01930538441792,-240.07021532364968,10829000000000.014,-29988.110914455658,1.424744618192505
1,-619067874208917.8,53270536931963.36,589.0820771331817,21.2029756110166,10829000000000.014,10213.055353672127,1.424744618192505
