particle_id,x,y,vx,vy,time,energy,faug
0,-761561067114941.4,444186335490188.4,488.91915282942006,195.8497128302791,10829000000000.014,11159.541502912398,1.484945802475302
