particle_id,x,y,vx,vy,time,energy,faug
0,-141550624174726.94,132253657047466.98,706.0822201705937,132.753017183994,3842274192010.384,8931.626631260937,1.3391049823135297
0,437153630408298.2,-11686275462978.498,512.0799111033597,-270.28835383817244,4727029947328.75,-4506.509381269134,1.3489944434043148
0,920790899606341.6,-295319876217460.56,396.5681470476323,-249.0116751079408,5815517322893.456,-5539.2218101409235,1.3625448624377383
0,1402445530995352.0,-610803410896471.1,328.42354368973986,-223.02145932159152,7154649348474.241,-5545.590052616215,1.3798977575209204
0,1895551653319771.2,-956137515875177.6,273.8063247447511,-197.28807007428983,8802141659541.008,-5545.623300688043,1.4016432777437922
1,-460702448830263.6,139422052595166.34,618.9462731777237,66.41785570887222,8802141659541.008,10552.263039775573,1.4016432777437922
0,2405847624771913.5,-1332721575290451.5,233.34640076352105,-175.88770240229277,10829000000000.014,-5545.623300688043,1.428927272647363
1,196277567146047.75,-775392563913380.6,-28.919882212333626,-481.3049620525991,10829000000000.014,-20396.010632659934,1.428927272647363
