particle_id,x,y,vx,vy,time,energy,faug
0,-107602709773834.31,94656459914.3934,845.4902980847248,0.0315008311478866,3842274192010.384,7424.247438933584,1.3209597748353412
0,-523803014618430.8,-2167831614232.432,-506.0694368471436,-1.935179070384198,4727029947328.75,-29752.47784508085,1.335608671222568
0,-1012334165535489.4,-4020490230680.7607,-404.4984810600799,-1.5240634472815924,5815517322893.456,-30276.239135428696,1.352465716513628
0,-1502617979381802.2,-5858711768926.714,-332.4660073454889,-1.2407690060183,7154649348474.241,-30277.446621616516,1.3721478029688727
1,-321373279743654.5,83191286009.70586,681.2615329875965,0.0430257222358679,7154649348474.241,8825.755745046074,1.3721478029688727
0,-1995666300775217.5,-7690550997919.765,-269.08035988060703,-0.9951340743332996,8802141659541.008,-30277.42951922401,1.395543852217507
1,-810846858872465.6,-1306213009556.5205,-444.7699734505929,-0.6295417926199289,8802141659541.008,-31815.250392772403,1.395543852217507
0,-2482531549954907.0,-9482706595742.531,-215.2416387194485,-0.7885710914322916,10829000000000.014,-30277.429519224013,1.4239915253454198
1,-1563475685065737.2,-2348786302007.238,-315.7349632755778,-0.4292306063408698,10829000000000.014,-33186.22765788127,1.4239915253454198
