particle_id,x,y,vx,vy,time,energy,faug
0,-449236694570245.1,154414356004663.56,627.0446570937953,72.9486889319691,8802141659541.008,14435.763831398535,1.39617119734617
0,326852384597737.44,-732833910320706.9,42.47989537968406,-491.7407374563034,10829000000000.014,-14524.706858016652,1.421521371766378
1,-617043168473804.9,154992774120991.78,587.424261808091,62.18052167748585,10829000000000.014,13691.282967059728,1.421521371766378
