particle_id,x,y,vx,vy,time,energy,faug
0,-308809034582672.44,2182186151.6840963,695.6550986260506,0.001088886574191,7154649348474.241,12881.076929863571,1.366307188802072
0,-827749205147222.5,-35669751618.06332,-450.6818988079087,-0.0171808131816806,8802141659541.008,-27452.90771483448,1.3885522064902365
0,-1596604508748820.8,-64417899059.64328,-325.2031725532061,-0.011959504125449,10829000000000.014,-28706.22276747369,1.4154139356410278
