particle_id,x,y,vx,vy,time,energy,faug
0,-309313346938497.5,45989945040076.62,693.4799014266268,23.168043660286017,7154649348474.241,13505.2246490095,1.3672221917231533
0,-518022714785942.94,-619169392105353.0,-331.9490525736038,-321.36313845069037,8802141659541.008,-24361.73244728183,1.3892730095144477
0,-1093217939838353.4,-1159279207762031.5,-246.87951962009,-226.06929252807865,10829000000000.014,-25692.8519437126,1.4159955240612825
