particle_id,x,y,vx,vy,time,energy,faug
0,-307154658865991.4,93059587822.49672,697.580896251098,0.0461973633182123,7154649348474.241,13418.294785739126,1.3663071937431102
0,-829977094421206.9,-1529178722689.5386,-451.469500879317,-0.7364916848286096,8802141659541.008,-26875.21166630037,1.3885522103863357
0,-1600970637875141.2,-2763132207652.8906,-326.4447854232311,-0.5140030398477274,10829000000000.014,-28113.61321675291,1.415413938786784
