particle_id,x,y,vx,vy,time,energy,faug
0,-307419597349063.56,4938445985604.3125,697.2530225125045,2.4538582744370165,7154649348474.241,13341.338427748213,1.36632089879148
0,-825420168747583.6,-80881592866348.88,-449.8005280359296,-38.98968535727165,8802141659541.008,-26927.68702689889,1.3885630169129306
0,-1593558586725911.5,-146196831789821.94,-325.2337708798704,-27.20354101953933,10829000000000.014,-28169.353533669982,1.4154226640137688
