particle_id,x,y,vx,vy,time,energy,faug
0,-412287670900530.25,946057692.8103596,665.9451807275428,0.0004112890030394,8802141659541.008,18366.902254849847,1.3799322169815906
0,-974923745007844.0,-14209613278.740646,-438.4917311459228,-0.0055709033726714,10829000000000.014,-22596.01693513154,1.4049292445132897
