particle_id,x,y,vx,vy,time,energy,faug
0,-414642428992228.3,429671396025.3749,663.8454224262499,0.1875956740708666,8802141659541.008,17760.99471312092,1.3799322953093558
0,-971757593173470.8,-6413545925629.621,-437.62683878968625,-2.514741670832932,10829000000000.014,-23246.078823617732,1.4049293071652649
