particle_id,x,y,vx,vy,time,energy,faug
0,-413895655251821.25,8501634698261.467,664.4820549024249,3.707298691176835,8802141659541.008,17970.168438741297,1.3799533194374891
0,-963902519122510.0,-126593353204256.23,-435.3649702760565,-49.72566415037667,10829000000000.014,-22965.135341264933,1.4049461233704332
