particle_id,x,y,vx,vy,time,energy,faug
0,-140996808350773.8,2664288999.5845456,823.8869158390386,0.0009814458867056,4727029947328.75,16915.22118904203,1.3259137855258625
0,-632687889006056.8,-58623679049.41042,-499.1677378628018,-0.0425637919420728,5815517322893.456,-20697.776433688097,1.3412847433295283
0,-1222634080731153.0,-108471313535.74384,-395.2745287379335,-0.0331599571728073,7154649348474.241,-21285.032196346132,1.3590579225377666
0,-1809365847647914.8,-157423175698.606,-321.788551967131,-0.0267074357751218,8802141659541.008,-21288.29640958143,1.379932216984067
0,-2395060628162771.5,-205792843665.3029,-261.1748096551503,-0.0214668691822432,10829000000000.014,-21288.268794167852,1.4049292445152708
