particle_id,x,y,vx,vy,time,energy,faug
0,-571949111159829.0,701269896.0609103,620.6706468736003,0.00026787970097,10829000000000.014,19040.11384545467,1.4049292445132104
