particle_id,x,y,vx,vy,time,energy,faug
0,-59823982658800.32,2600883730398.053,979.8103357914244,-2.5176053399417393,3123117714735.799,14732.439718379232,1.3005381706739316
0,-456895925950014.25,-72184805773603.42,-533.8179386830592,-79.08975017478693,3842274192010.384,-19949.52869736342,1.312458123916694
0,-884059076146490.2,-135122259576050.3,-442.8542865359255,-64.97497036851674,4727029947328.75,-20244.060089478546,1.3259209366447515
0,-1328236723167910.0,-200091062761301.97,-377.67673164940345,-55.08956179015141,5815517322893.456,-20243.81745913373,1.3412901684887746
0,-1794231201157699.0,-267892473791551.84,-321.11080576121975,-46.60793351468657,7154649348474.241,-20243.68648382884,1.3590620965395184
0,-2278715198031086.0,-338043041890489.7,-270.50070897974155,-39.07602099241971,8802141659541.008,-20243.649640537653,1.3799354841822606
0,-2782856985875601.5,-410710343190082.7,-229.67326250493193,-33.03490813525358,10829000000000.014,-20243.649640537664,1.4049318578386072
