particle_id,x,y,vx,vy,time,energy,faug
0,-577530329967673.8,299747909.4490601,616.9087739276613,0.0001151111826571,10829000000000.014,17926.77570055495,1.4049292445130974
