particle_id,x,y,vx,vy,time,energy,faug
0,-828129667151167.8,636290980165213.6,445.0060256811377,288.66224212023195,10829000000000.014,27662.577076276662,1.5305358085446916
1,-851622467518800.8,653316823390934.9,431.98422400824654,297.6348587724355,10829000000000.014,26797.9769146225,1.5305358085446916
