particle_id,x,y,vx,vy,time,energy,faug
0,-27972628564986.96,634323548995.2875,1210.1006924025828,-4.527496735113239,2538565384109.942,18444.81559846457,1.2851414713863731
0,-401083158878091.8,-21898416569997.523,-567.4024657918542,-29.381104433232125,3123117714735.799,-13299.252059521328,1.295264652556622
0,-774836544820149.8,-41175570338163.31,-482.03566427814775,-24.788639806735553,3842274192010.384,-13471.438588034696,1.3065488234342948
0,-1172256053049313.5,-61569784006807.19,-420.5571762542006,-21.54193621559881,4727029947328.75,-13471.155393321344,1.319234289253067
0,-1599767159733744.0,-83432692184131.84,-367.6881309547997,-18.77539558529485,5815517322893.456,-13470.936658439154,1.3336373117703435
0,-2057856138894658.5,-106790102068009.56,-318.6914830194263,-16.226667154896425,7154649348474.241,-13471.032373191323,1.350183943007501
0,-2546430843699232.0,-131633516878471.23,-277.3511630789251,-14.085503132282918,8802141659541.008,-13471.0323731913,1.3694647644594211
0,-3071866654895689.5,-158286965137633.9,-243.2507973247436,-12.325561408779013,10829000000000.014,-13471.032373191303,1.3923268422361494
