particle_id,x,y,vx,vy,time,energy,faug
0,-384183741255825.5,14758229525.69646,691.6427221416735,0.0060486829351826,8802141659541.008,25683.376286845654,1.3694646141234506
0,-1012605587464439.2,-238579739674.24277,-449.03434110490866,-0.0934216339449868,10829000000000.014,-14736.971510299469,1.392326723307096
