particle_id,x,y,vx,vy,time,energy,faug
0,-270828052286189.8,19500947705.124557,741.9807169419392,0.0083486813192474,7154649348474.241,25383.8907289418,1.3501837493693565
0,-879229132585763.0,-359339053089.3746,-469.3643491607348,-0.1727997297750637,8802141659541.008,-13955.161693496906,1.3694646142070264
0,-1697484314660186.2,-656352671991.3435,-353.54520044428426,-0.1268465050672823,10829000000000.014,-14897.520384351164,1.3923267233732115
