particle_id,x,y,vx,vy,time,energy,faug
0,-190143487352243.8,4003894403.642307,792.4786002411014,0.0015992970058466,5815517322893.456,23872.830938757164,1.3336370580771364
0,-755602162555792.2,-82716196160.92513,-488.37402590837905,-0.0488608251987325,7154649348474.241,-14390.464491863837,1.350183749198555
0,-1459792390714694.8,-152424861035.1086,-380.5523261956312,-0.0373536259274133,8802141659541.008,-15089.972517265982,1.3694646140744942
0,-2149336858194796.5,-219664162609.1488,-305.3813765669082,-0.0295924985304091,10829000000000.014,-15098.503880318342,1.3923267232683672
