particle_id,x,y,vx,vy,time,energy,faug
0,-126160761953284.8,30164695.33113855,791.025201552827,1.842896701231474e-05,3842274192010.384,-4316.394920974213,1.3338719590247827
0,-498435505264001.5,-621147169.9516332,-487.76337162845545,-0.0005553111450639,4727029947328.75,-42662.75500620164,1.350455576623795
0,-962884841605463.2,-1144284155.5351737,-379.7227745293687,-0.0004240639067332,5815517322893.456,-43368.39683189608,1.3697842688305018
0,-1417156127694914.5,-1648235155.9886773,-303.6511715063087,-0.0003346861224676,7154649348474.241,-43378.46881369304,1.3927096493851427
0,-1859213437047179.2,-2132274168.0775611,-236.0402574267257,-0.000256622767083,8802141659541.008,-43378.47022563219,1.420506227630728
0,-2270490321991986.5,-2575698223.7250023,-173.52620775335762,-0.0001853190450891,10829000000000.014,-43377.9481887416,1.4551865189853208
