particle_id,x,y,vx,vy,time,energy,faug
0,-681242270048809.0,4215340595.6432896,550.0789326502044,0.0017422425282658,10829000000000.014,-1822.520226291701,1.455186518990686
