particle_id,x,y,vx,vy,time,energy,faug
0,-126167263640267.16,10270646807.27802,791.0075479420422,0.006275591323749,3842274192010.384,-4320.496083394333,1.3338719591334047
0,-498482477287005.25,-211523744588.9722,-487.84735154137104,-0.1891247326628052,4727029947328.75,-42614.44178278746,1.3504555767067945
0,-963033433673394.4,-389700515971.39874,-379.8237821061851,-0.1444410813470448,5815517322893.456,-43319.59776963778,1.369784268894922
0,-1417449624024454.8,-561362348547.6536,-303.7661543542996,-0.1140124811116283,7154649348474.241,-43329.6201712768,1.3927096494361215
0,-1859709535513058.5,-726267290840.3445,-236.17117980644736,-0.0874370252427029,8802141659541.008,-43329.62140300646,1.42050622767208
1,-495103191913428.25,8992345293.35556,595.9787611704869,0.004364555539997,8802141659541.008,-2204.6911329486466,1.42050622767208
0,-2271278496868487.5,-877377745261.9286,-173.68772468242597,-0.0631687444439373,10829000000000.014,-43329.623844048874,1.4551865190199742
1,-865932986332234.4,-108052309120.25252,-411.3922871315033,-0.0426496449201715,10829000000000.014,-44552.75500949159,1.4551865190199742
