particle_id,x,y,vx,vy,time,energy,faug
0,-357721513435421.44,18818982768.61108,641.6134049136464,0.0105319242877233,7154649348474.241,-2639.622720343352,1.392709649591676
0,-762413648840741.2,-262542917848.68817,-428.653064684516,-0.1268311748973985,8802141659541.008,-44104.218106960514,1.420506227798258
0,-1468736792193808.2,-465409891254.5811,-288.18604268006294,-0.0805335768169662,10829000000000.014,-45860.27310115399,1.4551865191257132
