particle_id,x,y,vx,vy,time,energy,faug
0,-495182190411013.5,35156412816.59991,595.9152230002387,0.0170649272192778,8802141659541.008,-2223.538278889464,1.4205062283094445
1,-495135768312400.25,43340394770.50534,595.9525590759491,0.0210364986020126,8802141659541.008,-2212.463037925947,1.4205062283094445
2,-495177609783437.6,37370019073.22331,595.9189069778541,0.0181393324798933,8802141659541.008,-2222.445449356572,1.4205062283094445
0,5.577273987248171e+16,-125843912882993.8,39553.23532968435,-89.22249760742892,10829000000000.014,782230814.0418698,1.455186519554094
1,5.728591293346701e+16,-161693110606742.38,40625.72486595317,-114.63813964591442,10829000000000.014,825229015.4238425,1.455186519554094
2,5.591906925041262e+16,-134309416614309.12,39656.949389294845,-95.2243848828865,10829000000000.014,786338978.6921029,1.455186519554094
