particle_id,x,y,vx,vy,time,energy,faug
0,-126166898232021.94,135801695445.48192,791.0084313320415,0.0829773284275212,3842274192010.384,-4320.237931600364,1.333871977380412
0,-498474821808900.7,-2796815350050.5205,-487.84169067805817,-2.5006555920351428,4727029947328.75,-42614.07193856937,1.3504555906496178
0,-963020666039578.4,-5152715247094.93,-379.8198147351523,-1.909838632913782,5815517322893.456,-43319.22553301086,1.369784279716662
0,-1417432366703908.5,-7422475051083.447,-303.7633391938159,-1.507505104692176,7154649348474.241,-43329.24760887695,1.3927096579999216
0,-1859688519703103.2,-9602896161378.004,-236.16938752298415,-1.1561187821844836,8802141659541.008,-43329.24883957206,1.4205062346186288
0,-2271258813707995.0,-11600947006765.426,-173.6895811213273,-0.8352523880274342,10829000000000.014,-43328.70319506679,1.455186524841274
