particle_id,x,y,vx,vy,time,energy,faug
0,-256240212120345.84,178814730892.92862,688.2328435668892,0.1118821859873801,5815517322893.456,-3127.435361191689,1.369784296495972
0,-665768761817099.8,-2863365240680.692,-447.63128482601263,-1.6972814596226036,7154649348474.241,-43620.19595139599,1.392709671278253
0,-1283948923687974.2,-5159861600187.854,-320.35569274604495,-1.1692491219243777,8802141659541.008,-44932.87400848729,1.4205062453893815
0,-1838142529705404.8,-7152018405208.875,-232.0596742821844,-0.8203717347373788,10829000000000.014,-45080.401715795335,1.4551865338673071
