particle_id,x,y,vx,vy,time,energy,faug
0,-55971573296451.055,1266737343892.37,928.8466194887084,-0.5342521805546281,2538565384109.942,-6034.56310001493,1.306733960490123
0,-364907522280058.9,-33039073974556.523,-526.8233209973725,-44.55663946796749,3123117714735.799,-41620.53255481692,1.319442257454409
0,-705604013896325.2,-61674091163241.24,-432.33319076588305,-36.16342077578861,3842274192010.384,-41976.70492756416,1.3338739047858803
0,-1056251934945217.8,-90901246997158.48,-364.8244643743398,-30.311231556500392,4727029947328.75,-41976.463962313515,1.3504570634067457
0,-1419771351407554.5,-121014258488484.05,-305.9997180241165,-25.274229666788937,5815517322893.456,-41976.20056018086,1.3697854227970283
0,-1790819041873038.2,-151567288132068.8,-250.31051592966435,-20.544892289812285,7154649348474.241,-41976.07747218476,1.39271056257718
0,-2156365157363339.5,-181458598482763.03,-195.99014092698644,-15.960837804744376,8802141659541.008,-41976.07425052008,1.4205069683682203
0,-2501518021641733.5,-209433060691143.8,-147.0088118497174,-11.84952632491099,10829000000000.014,-41976.07425052007,1.455187139732773
1,-681230120393155.6,1379392151444.5625,550.086264353015,0.5701132438068762,10829000000000.014,-1820.04546878385,1.455187139732773
