particle_id,x,y,vx,vy,time,energy,faug
0,-681285365368977.2,3723092467847.039,550.0506560612854,1.5388333497916415,10829000000000.014,-1828.3665110108268,1.4551929101709566
