particle_id,x,y,vx,vy,time,energy,faug
0,-114380171651862.9,8746049615.0879,896.0717800629238,-5.831963336473591e-05,4727029947328.75,30581.75933088665,1.311076229556873
0,-668776773987319.9,-217862141917.76923,-520.5186542499172,-0.1578566950765665,5815517322893.456,-5620.806209507282,1.3243571240939689
0,-1292663268014200.5,-405768534486.4249,-423.3874636290475,-0.1268442424693747,7154649348474.241,-6030.849867100187,1.3394983711624373
0,-1929379877745128.0,-595772407206.5956,-354.16283665394434,-0.1053032792777162,8802141659541.008,-6030.928934189753,1.3569792536292091
0,-2587895484724439.5,-790954560216.3411,-300.7869618682704,-0.0889056002701711,10829000000000.014,-6030.337384968661,1.3774721611828094
1,-506568901700692.5,9813853751.630602,666.4215255834823,0.003464521852627,10829000000000.014,32430.05388534427,1.3774721611828094
