particle_id,x,y,vx,vy,time,energy,faug
0,-500552020117528.25,157060117400.5078,670.8111181759716,0.0549370976386746,10829000000000.014,33692.71333812634,1.37747216646713
1,-491353308796317.44,167729401437.66644,677.5896946747072,0.0578001024893561,10829000000000.014,35632.29351274343,1.37747216646713
