particle_id,x,y,vx,vy,time,energy,faug
0,-116208025784805.66,1560462171.698948,890.5328063267988,4.247269838438889e-05,4727029947328.75,29648.640794896462,1.3110762295012508
0,-666319112500043.8,-38538660315.73166,-519.0553895367966,-0.0279282412404886,5815517322893.456,-6656.355741083535,1.324357124052309
0,-1287908527215620.5,-71750029476.55148,-421.4976594980767,-0.0223990217149139,7154649348474.241,-7076.862032064499,1.3394983711308757
0,-1921277762106156.0,-105272588248.58585,-352.00115265401297,-0.0185613421881912,8802141659541.008,-7076.9722602402835,1.3569792536049667
0,-2574920378300495.5,-139628280299.3073,-298.15506005139537,-0.0156262307026017,10829000000000.014,-7076.856589564195,1.3774721611638727
