particle_id,x,y,vx,vy,time,energy,faug
0,-73793011805363.81,1194894538042.0352,979.0821917456892,-0.9303678610861396,3842274192010.384,28520.68271786475,1.29930496249802
0,-568029037528068.6,-33301359512623.145,-538.4620253820627,-29.62924615215105,4727029947328.75,-6231.6028691832325,1.3110772654447311
0,-1098016023500577.2,-62304605838931.81,-446.5319057971215,-24.334571168967965,5815517322893.456,-6526.69340836232,1.3243578999514924
0,-1648914887208468.5,-92235505239366.08,-380.6782833560729,-20.626175884630335,7154649348474.241,-6526.5753654114815,1.339498958955298
0,-2227035518697406.5,-123482337029416.9,-324.96885996020893,-17.52404424867185,8802141659541.008,-6526.509417446519,1.3569797051105952
0,-2839598261212960.5,-156450423046714.56,-282.87699741603666,-15.197565510846092,10829000000000.014,-6526.5094174464975,1.3774725138503472
1,-507454851969572.2,1333890410631.0942,665.777581060288,0.4715193212656584,10829000000000.014,32244.823968741373,1.3774725138503472
