particle_id,x,y,vx,vy,time,energy,faug
0,-354952695039786.44,41605095058.02438,719.8222752217299,0.0157094135028597,8802141659541.008,33444.92968187618,1.3569792540177064
0,-1052111975289460.2,-725262005832.3367,-460.5262497761557,-0.2836939658662874,10829000000000.014,-6371.084804530561,1.377472161486278
1,-499855658608253.0,40753902773.69642,671.3213764391548,0.014239474358244,10829000000000.014,33839.1529530588,1.377472161486278
