particle_id,x,y,vx,vy,time,energy,faug
0,-438938243509694.4,23276358577.255596,718.0084685015606,0.0071863566358557,10829000000000.014,46880.827846888715,1.3603481435110134
