particle_id,x,y,vx,vy,time,energy,faug
0,-18228004615554.15,-1094999419224.5135,-1326.13721671835,-59.85747065012087,2063423411482.4,18783.92917742708,1.2641429492595848
0,-360288521504986.0,-14814353774541.104,-614.8685232868693,-24.28010351655758,2538565384109.942,7686.177734413941,1.2721293983909578
0,-694732210960653.8,-27988660733171.76,-538.0180669102396,-21.155443320976488,3123117714735.799,7624.004926628259,1.2808870774724652
0,-1060261367279830.6,-42343844909954.0,-482.43032692090185,-18.926387711029452,3842274192010.384,7624.275083854969,1.2905486553372298
0,-1465050067874110.0,-58210354129898.22,-435.14024129221286,-17.0428512024763,4727029947328.75,7624.443735256995,1.3012811301556717
0,-1914035353057275.2,-75782749234892.5,-391.75939838051863,-15.322374777563892,5815517322893.456,7624.532944407008,1.313298152228371
0,-2411173481487124.5,-95214429126860.84,-353.58319300582866,-13.812852909915213,7154649348474.241,7624.5536460875155,1.3268781519392074
0,-2966939085934121.5,-116915041890487.56,-323.19479188453835,-12.614109800421565,8802141659541.008,7624.553646087523,1.3423922494873524
0,-3594959099365615.0,-141416759353233.88,-298.10644381058665,-11.626338113986565,10829000000000.014,7624.5536460875155,1.3603481824514605
