particle_id,x,y,vx,vy,time,energy,faug
0,-405315899598018.75,461846324921164.8,380.0086035041157,495.7485404758213,4727029947328.75,48994.660197902704,2.303845964425614
0,33216474373174.992,947758883196012.6,411.2462421244132,401.0641340366678,5815517322893.456,48495.95640005407,1.55066604253191
0,574927947402735.4,1432220607901322.8,395.0194930229547,329.28424624561137,7154649348474.241,48484.17930192049,1.456115811403057
0,1203640928333530.2,1928721507623091.2,368.96216994864955,278.47584953691785,8802141659541.008,48484.20032443069,1.4255348431667834
1,-546266045565139.4,538123872973306.56,526.4719842240168,293.89557223340466,8802141659541.008,46295.328700303886,1.4255348431667834
0,1927754892980767.5,2458143272825849.5,347.2971609879476,247.57599582170465,10829000000000.014,48484.200324430705,1.4183397666640354
1,585610957498488.9,914926496773112.0,543.1890826181879,90.71853685350686,10829000000000.014,41800.35813780123,1.4183397666640354
2,-610381089236752.1,494982634020250.6,570.0505518006769,210.85947256315225,10829000000000.014,46351.05087335012,1.4183397666640354
3,-635206094176486.6,530505958613182.06,553.9666052543206,229.14349141484624,10829000000000.014,46310.11909868638,1.4183397666640354
