particle_id,x,y,vx,vy,time,energy,faug
0,-140859772710022.03,8428404232.247948,895.7203776384747,-3.0768076967173114e-05,5815517322893.456,44449.251667981385,1.3132980633158016
0,-822585093887403.8,-209836265155.0232,-520.4265779558002,-0.1235850378563987,7154649348474.241,8239.892051142058,1.3268780852205353
0,-1589955485457437.2,-390810707353.7285,-423.26870105365543,-0.0992938371331708,8802141659541.008,7829.070911512797,1.3423921988277794
0,-2374156785151434.5,-574058548448.7255,-356.96448261961626,-0.0831340855571622,10829000000000.014,7829.682582259651,1.360348143434199
