particle_id,x,y,vx,vy,time,energy,faug
0,-223715441120929.3,252915228849202.62,682.0157354827961,181.34255072897693,5815517322893.456,45098.84095145488,1.3432560147009514
0,668696414064781.8,212646913734224.25,576.2434757250488,-135.37518068331136,7154649348474.241,35687.92565693811,1.3484653167349272
0,1513931063772204.0,-28774663404058.92,466.2574991928944,-149.59577920496872,8802141659541.008,34855.08661748296,1.358340640915309
0,2383375068376984.0,-327174093284075.06,399.0227999056968,-144.17001413945547,10829000000000.014,34853.275265824755,1.3724025114833118
