particle_id,x,y,vx,vy,time,energy,faug
0,-68820143617583.195,12866243969361.615,1080.8740392192703,-22.686491317739797,4727029947328.75,53267.1882213935,1.289844905382077
0,-621687157126970.9,-373488892347186.3,-487.2640022133314,-272.8738868488295,5815517322893.456,20802.109876306087,1.300460603678974
0,-1217244345021849.8,-705181550962171.2,-411.2069577557861,-228.08079567097863,7154649348474.241,20580.58764536415,1.3123488947830209
0,-1846507672934129.5,-1053185277330192.8,-356.7393817091976,-196.7861647628727,8802141659541.008,20581.419056354374,1.3257802694408862
0,-2527450303571617.5,-1428099279915603.0,-319.0643171298139,-175.39811541113878,10829000000000.014,20581.419056354374,1.3411159676677744
