particle_id,x,y,vx,vy,time,energy,faug
0,-259881004719506.97,338722285077.7048,827.3807682134841,0.0642685975706588,8802141659541.008,59430.41688168136,1.325741157779068
1,-271914988584733.5,295387455287.0994,811.8972918927855,0.066294230340435,8802141659541.008,56104.8784001068,1.325741157779068
0,2.5891200402012664e+16,1060378365142.3164,14232.547862778923,0.4098343554403039,10829000000000.014,101277585.16766044,1.3410863016235566
1,6352410276809674.0,-16145417622178.07,3517.43902299074,-8.973788591567978,10829000000000.014,6165343.518541141,1.3410863016235566
