particle_id,x,y,vx,vy,time,energy,faug
0,-24189100235279.668,-26467813119.08362,-1291.430492016854,-1.0729076598044311,2538565384109.942,34145.066431377665,1.2635416711704903
0,-445721756678195.94,-340721435797.3168,-617.6845242509401,-0.4537128487667473,3123117714735.799,23379.838122543355,1.271472203343327
0,-859331821871921.2,-643808003987.7487,-541.1439267210807,-0.3958472300008827,3842274192010.384,23321.109129059536,1.2801646470716903
0,-1311898312937094.8,-974460895477.1444,-485.77426112662266,-0.3545544246208056,4727029947328.75,23321.366754853865,1.289749374921001
0,-1813653225316642.5,-1340367886553.9512,-438.690571446386,-0.3196741670430055,5815517322893.456,23321.512716516852,1.3003902851565627
0,-2371827424958521.0,-1746833360324.931,-398.1423228095557,-0.2897595391706161,7154649348474.241,23321.686742594226,1.3122966947651076
0,-3000570928261681.0,-2204200470002.9595,-367.52563919650106,-0.2672396473316609,8802141659541.008,23321.686742594266,1.3257411353106103
0,-3719392884269030.5,-2726697579227.538,-343.4887027048912,-0.2496001828930489,10829000000000.014,23321.686742594255,1.341086284580472
