particle_id,x,y,vx,vy,time,energy,faug
0,-43081691853283.88,128371544307810.12,758.3932769983753,262.64568689003596,2063423411482.4,62077.696592222725,1.303453127052353
0,304436977922267.2,197437598628955.28,686.3860531677435,88.18599351149716,2538565384109.942,58244.61680611051,1.2947228447641486
0,683838670127419.9,237711079010284.1,618.4379725285473,56.06325397394826,3123117714735.799,58189.08103046776,1.2928200766169968
0,1109171041938434.8,272055809965918.2,568.0123888037183,41.34595302487553,3842274192010.384,58189.32250436609,1.2951330703303157
0,1591909787934771.8,304180045025241.2,525.61175384105,32.16844988777218,4727029947328.75,58189.429509252615,1.3004340832889725
0,2142308535515814.5,335318601677623.9,487.9454063099644,25.6479557999403,5815517322893.456,58189.315823353,1.3081308518471533
0,2774749965386186.0,366558797203244.5,459.0451259860629,21.477860447521714,7154649348474.241,58189.31582335299,1.3179801135464186
0,3511598190179732.5,399500733272758.25,437.15456398051975,18.786953569491704,8802141659541.008,58189.31582335296,1.3299696432717705
0,4378985307793745.5,435548263596804.06,419.9867583219063,16.956706038375557,10829000000000.014,58189.31582335297,1.3442765672824426
