particle_id,x,y,vx,vy,time,energy,faug
0,-15110462539154.8,-420800283406.9407,-1695.9371686699817,-32.87779594735596,3123117714735.799,39858.45651473687,1.2714722681117454
0,-532355214013102.25,-8504212307802.474,-603.0526735383565,-9.226237861648894,3842274192010.384,26365.773740901463,1.2801646941073392
0,-1027046351615938.4,-16051786238754.508,-524.1362182361969,-7.980623644722777,4727029947328.75,26282.99085704694,1.289749409296945
0,-1564351992605873.8,-24221394501840.695,-467.0976456660184,-7.093610812543782,5815517322893.456,26283.23920252113,1.3003903104638002
0,-2155641791656762.5,-33191981798339.207,-419.053982365627,-6.351880943769279,7154649348474.241,26283.734328729435,1.312296713553483
0,-2813856213804719.5,-43161910161466.95,-383.17421931652075,-5.8004666382993895,8802141659541.008,26283.734328729428,1.325741149397168
0,-3561263392805828.0,-54470675101328.67,-356.4247870045881,-5.39074045255538,10829000000000.014,26283.73432872945,1.3410862952656024
