particle_id,x,y,vx,vy,time,energy,faug
0,-267901849815770.56,34507141513.59173,816.9823856076906,0.0073625391690326,8802141659541.008,57213.56438256032,1.3257411356282145
0,3.3733935076202708e+16,-195227973105469.72,20460.935817099584,-119.71901227360222,10829000000000.014,209328180.71951917,1.3410862848213854
1,-386575998721234.4,39690056820.5697,762.2928619161469,0.010231651776907,10829000000000.014,58397.920708470425,1.3410862848213854
2,-389069971652346.1,38274798161.11279,760.0728573446236,0.0099774266632593,10829000000000.014,57844.30409339213,1.3410862848213854
