particle_id,x,y,vx,vy,time,energy,faug
0,-257478480807759.3,1343610092.505713,830.5601300261574,0.0002448617064476,8802141659541.008,60094.62174132612,1.3257411352904982
0,-1185036163406186.2,-29940570262.133804,-501.34987730584675,-0.0116719692286105,10829000000000.014,22618.61267422301,1.3410862845652165
1,-390257114171639.8,1340696036.5502882,759.0210159428817,0.0003513051153012,10829000000000.014,57581.339492850384,1.3410862845652165
