particle_id,x,y,vx,vy,time,energy,faug
0,-513359193319148.94,589764208995980.2,461.9104272918051,410.37206517978905,7154649348474.241,59871.91763654334,1.482732580413351
0,288281683227720.44,1156119519825054.2,488.7037000862469,284.14353642987925,8802141659541.008,58336.3414429861,1.4269711974125054
0,1240937914897530.2,1642935901687119.0,450.0481196770886,206.5483696702736,10829000000000.014,58164.736320239936,1.408487521017376
