particle_id,x,y,vx,vy,time,energy,faug
0,-175446411285786.72,1155297647848.4968,891.4046247601708,0.0167531037805532,7154649348474.241,57650.50770174869,1.3122971870565987
0,-1008688807712503.0,-28565405486482.1,-519.1152578570452,-13.677123004853891,8802141659541.008,21362.720650984706,1.3257415044052128
0,-1949747523333093.2,-53186559374300.945,-421.66243949676266,-10.97270142927594,10829000000000.014,20943.793480456836,1.3410865645510814
