particle_id,x,y,vx,vy,time,energy,faug
0,-112904313701980.16,4801361605952.298,974.8444496899488,-2.323013925599525,5815517322893.456,55906.43903350195,1.3004011697706204
0,-849101262332930.8,-132474937959236.88,-533.0105145286992,-77.95564011107248,7154649348474.241,21141.795036005147,1.3123047754989057
0,-1642928852679741.0,-247926472074683.12,-441.7813919705358,-63.977815806525435,8802141659541.008,20841.888572468364,1.3257471937632015
0,-2469690333634845.5,-367293548034496.56,-380.7223537065803,-54.83220298720642,10829000000000.014,20841.964817156822,1.3410908800863577
1,-388139936890189.06,5517781629196.022,760.8822412484016,1.432630713959133,10829000000000.014,58056.61080093737,1.3410908800863577
