particle_id,x,y,vx,vy,time,energy,faug
0,-389458493164612.4,19073505861.860683,759.7286822213721,0.0049804823243019,10829000000000.014,57758.51444499468,1.3410862846281653
