particle_id,x,y,vx,vy,time,energy,faug
0,-297625787985803.7,904584551824.5352,851.9375966588195,0.09438845888599,10829000000000.014,78320.84547808208,1.319980122984045
