particle_id,x,y,vx,vy,time,energy,faug
0,-42532182343955.95,-366291904695.4049,-1076.1834395206176,-7.606010563906202,2538565384109.942,53910.93356057803,1.253434236887472
0,-471989365315259.6,-3252717042745.146,-647.1395033402425,-4.3099798160497285,3123117714735.799,45961.70973782597,1.2604627518663587
0,-908571740516041.2,-6155076715659.65,-574.9427705496993,-3.817111683693762,3842274192010.384,45935.27242310939,1.2681104585871743
0,-1392490048706695.5,-9364978441178.465,-522.6637943627476,-3.464325017634809,4727029947328.75,45935.501600641874,1.276473959665829
0,-1936007661101128.0,-12965327210929.35,-478.4250246287467,-3.16746677183669,5815517322893.456,45935.60390787263,1.2856723592934205
0,-2550514408210114.5,-17031915435143.3,-442.6022329524168,-2.9279061217467226,7154649348474.241,45935.69228266065,1.2958544213067211
0,-3256317189972818.0,-21699597227086.434,-416.35142923522415,-2.752791187934436,8802141659541.008,45935.69228266066,1.3072089760607375
0,-4078187180747753.5,-27132489884395.46,-396.1410968096661,-2.6182214731924733,10829000000000.014,45935.69228266065,1.319980004978413
