particle_id,x,y,vx,vy,time,energy,faug
0,-352890866964035.75,500445706886985.6,521.4825607736041,425.0245815250917,5815517322893.456,78493.17308841698,1.4545502127572134
1,-448503443517938.25,582725861623766.2,426.34323623197264,506.518622222708,5815517322893.456,85019.2708921553,1.4545502127572134
0,367796680215450.5,977427631033835.4,533.3137024592028,299.93350379604965,7154649348474.241,77064.54988164298,1.3914353293958432
1,148127614233464.25,1191970062439506.5,449.9206784183303,409.6157459060824,7154649348474.241,84505.12886236145,1.3914353293958432
0,1212338894275105.0,1409000843208782.0,492.152654511411,233.0062202217947,8802141659541.008,77001.29015671679,1.3686157627476678
1,873674864042594.4,1805714920615516.8,429.03807154495024,342.35146695562787,8802141659541.008,84500.0246612035,1.3686157627476678
0,2169550492250378.5,1839438118599242.8,456.3742581337945,197.5115151635746,10829000000000.014,77000.18813894628,1.3620548706513669
1,1718371712201036.5,2454830077088225.0,406.4606767365226,303.87797631068906,10829000000000.014,84500.02466115536,1.3620548706513669
