particle_id,x,y,vx,vy,time,energy,faug
0,-202769521404566.2,766264589.4802969,913.3523146994188,-4.8710182303589115e-05,8802141659541.008,75151.48915995489,1.3072089745555278
0,-1259019000104689.8,-19587858837.465355,-524.9083291870838,-0.0076185011169871,10829000000000.014,39265.564596862954,1.319980003854678
