particle_id,x,y,vx,vy,time,energy,faug
0,-668064113944119.5,739300094076224.2,336.93581306250087,527.4880173556559,7154649348474.241,82501.49577117755,1.5258647380277064
0,-75621868906664.34,1535639565173835.8,369.9064999916275,442.32491086366576,8802141659541.008,82236.28978400875,1.4288745717371365
0,668585842449945.5,2357608470758798.0,361.9065271702631,376.5281656749345,10829000000000.014,82235.40164016253,1.3965781628604077
