particle_id,x,y,vx,vy,time,energy,faug
0,-119707552512962.3,1371690295.5913043,1115.9378585202871,-0.0016482477349113,8802141659541.008,96753.62781055132,1.2871257329588286
0,-1365940784296109.5,-43983674514.765114,-559.4212582153798,-0.0170373338118343,10829000000000.014,63933.026068739855,1.2974696497979743
