particle_id,x,y,vx,vy,time,energy,faug
0,-110414267037645.8,63671629050.24152,1151.015998235438,-0.0951018151726629,8802141659541.008,98952.70074255813,1.287125733968157
0,-1377112550549680.0,-2102365122542.527,-563.0429343581848,-0.8139751255530439,10829000000000.014,66551.21277952418,1.2974696505395305
