particle_id,x,y,vx,vy,time,energy,faug
0,-48850393450664.445,-1008340140199.8218,-1253.7434629047204,-19.865140134028827,4727029947328.75,77762.22461445606,1.2615631586218157
0,-834727581859854.2,-12294819179882.842,-620.5479641645586,-8.788190570919975,5815517322893.456,67372.35498247042,1.2693110925076565
0,-1609099473304507.5,-23235973797107.863,-544.4737209815178,-7.679821770684116,7154649348474.241,67317.55825838097,1.2777909528279796
0,-2458628786962341.5,-35204840532610.375,-492.4433910379286,-6.931754478570312,8802141659541.008,67317.62205552487,1.287125749530618
0,-3420929976734072.0,-48742626998083.72,-460.5983738712419,-6.476892230054605,10829000000000.014,67317.6220555249,1.2974696619733124
