particle_id,x,y,vx,vy,time,energy,faug
0,-54424307782691.25,-7283188187.512559,-981.03501969332,-0.1146511805979381,2063423411482.4,75737.92911202408,1.236146491262103
0,-418785177828375.2,-48933493420.58254,-695.2815998035079,-0.0790794608221631,2538565384109.942,70294.85612490503,1.2418013028491903
0,-803779543162503.0,-92668630724.20016,-629.0935846000385,-0.071402650196841,3123117714735.799,70290.84432854259,1.2478828232338257
0,-1237722784917042.0,-141893070269.1056,-581.1528760085549,-0.0658922299403137,3842274192010.384,70291.02990311566,1.2544475669932935
0,-1733065279232389.5,-198034848465.33163,-540.8303145398631,-0.0612775520527081,4727029947328.75,70291.08300037528,1.2615631151819555
0,-2301310014118741.0,-262400592721.44937,-505.85254296683786,-0.0572850918689363,5815517322893.456,70292.3360230333,1.2693110611804654
0,-2959829027912675.5,-336960824029.00214,-479.826786839922,-0.0543198868725523,7154649348474.241,70292.33602303328,1.277790930112964
0,-3732813898700208.0,-424457987181.25104,-460.0753900718986,-0.0520726261126425,8802141659541.008,70292.33602303328,1.287125732958608
0,-4648490609881331.0,-528088593807.8897,-444.5973920655383,-0.0503134414347156,10829000000000.014,70292.33602303329,1.297469649797812
