particle_id,x,y,vx,vy,time,energy,faug
0,-29011782397001.945,7625679055688.83,1802.7422545310333,-135.0951023752299,7154649348474.241,98941.48979412927,1.2778157242822896
0,-1126614375495785.5,-355795557848620.25,-564.0740356074004,-169.4166665880608,8802141659541.008,71395.88395897782,1.2871438211283142
0,-2182182856211305.5,-671755201567323.0,-487.43434745208776,-145.54636119485087,10829000000000.014,71280.62398067382,1.2974829388596976
