particle_id,x,y,vx,vy,time,energy,faug
0,-95091932169707.6,29125725919.392643,1219.5988566057863,-0.062848268600148,8802141659541.008,102415.9182691907,1.2871257331148018
0,-1394997350127144.5,-1013095179230.6462,-568.8451525934765,-0.3919354707282735,10829000000000.014,70758.22163043596,1.2974696499125682
