particle_id,x,y,vx,vy,time,energy,faug
0,-47197186879008.52,-69164508748.83139,-1269.601894051376,-1.421563196663505,4727029947328.75,76946.986620988,1.261563115438646
0,-832683075758348.4,-863009292632.5405,-619.3198649006779,-0.6169948759891828,5815517322893.456,66395.32190351712,1.2693110613655807
0,-1605249356256845.5,-1630864835277.3943,-543.0364631893182,-0.5387957087553431,7154649348474.241,66338.74705084975,1.277790930247189
0,-2452249956107712.0,-2470271331498.093,-490.7979864165965,-0.4859564111637256,8802141659541.008,66338.9296532087,1.287125733056533
0,-3411012021041336.5,-3419018814114.1045,-458.7685539980754,-0.4537716960362432,10829000000000.014,66338.9296532087,1.2974696498697582
1,-167749843408859.6,24448820645.311825,1062.0671512166089,-0.0161362941846207,10829000000000.014,106591.4994666318,1.2974696498697582
