particle_id,x,y,vx,vy,time,energy,faug
0,-33061095231866.63,-13332336820901.92,-1946.090327592792,-507.294101315557,10829000000000.014,122373.81646362366,1.274108291144358
