particle_id,x,y,vx,vy,time,energy,faug
0,-96872431999953.8,-1078945880358.2432,-987.1130977953958,-9.543891748821078,3842274192010.384,112724.12732483004,1.2393553789010958
0,-771289972136076.0,-7443316052016.0625,-689.0334810568419,-6.467337245745277,4727029947328.75,107029.09930030083,1.2452496828926791
0,-1480947107080155.2,-14095734002579.213,-622.1340925972405,-5.826632859520646,5815517322893.456,107023.54693359578,1.251602042221132
0,-2279510292777932.0,-21570179579509.6,-574.8209672837409,-5.37768569124443,7154649348474.241,107024.23749707748,1.2584749797651955
0,-3199141487893521.5,-30171074996688.816,-544.9419068639917,-5.095423755610162,8802141659541.008,107024.23749707748,1.2659437213572655
0,-4281881383936469.0,-40293526576949.336,-525.3485411660155,-4.910842200967654,10829000000000.014,107024.23749707756,1.2740997518118231
