particle_id,x,y,vx,vy,time,energy,faug
0,-961769365702668.0,1183671940631469.0,360.3027929677624,558.0644955387463,10829000000000.014,135875.6271843281,1.5006480807037843
