particle_id,x,y,vx,vy,time,energy,faug
0,-89840126026742.66,-3161769436090.3037,-1100.08138995301,-31.412804309539087,5815517322893.456,105566.8357966476,1.251602172581893
0,-1069040291842346.6,-29574994926365.223,-641.1461683625644,-17.12360272865952,7154649348474.241,97187.74005972748,1.258475073146477
0,-2058589770312262.5,-55952933261076.43,-568.2717053691662,-15.127052429689604,8802141659541.008,97156.09801819736,1.2659437885579123
0,-3162896306254717.0,-85325713673279.38,-527.236741942689,-14.015880879631252,10829000000000.014,97156.09801819731,1.274099800422325
