particle_id,x,y,vx,vy,time,energy,faug
0,-76008106653536.03,-9212273196.82952,-1241.7617896381646,-0.1159668752605983,7154649348474.241,106289.64090730308,1.2584749760557823
0,-1266212835170233.5,-110290884463.80795,-621.6699535324086,-0.0520761604681986,8802141659541.008,96028.00004108807,1.2659437186878333
0,-2441491181046189.5,-208516867857.4443,-548.2982566770928,-0.0457525342596948,10829000000000.014,95974.53227042098,1.2740997498808526
1,-54942972290258.8,1969346448.0619595,1663.4004186032894,-0.0160934817893785,10829000000000.014,125494.28030088916,1.2740997498808526
