particle_id,x,y,vx,vy,time,energy,faug
0,-93441567247728.48,-13370313449125.355,-983.7635901475204,-121.55151665986727,3842274192010.384,110310.13235248596,1.239357095271484
0,-761108919879985.2,-93764780486407.5,-681.0501932150843,-81.54320216711073,4727029947328.75,104471.2091549008,1.245250902739703
0,-1462142756493539.0,-177589583968859.28,-614.2654203513024,-73.37989168846627,5815517322893.456,104464.7440660429,1.2516029124259949
0,-2250203249690785.5,-271671467447486.1,-566.942454814017,-67.65025574309772,7154649348474.241,104464.78222703269,1.2584756031179292
1,-92054867144404.95,-6318491143900.439,-1161.2981522296618,-63.03724738870975,7154649348474.241,112127.1225749118,1.2584756031179292
0,-3156728659462141.5,-379807674711215.2,-536.9216267141487,-64.03201320345069,8802141659541.008,104464.7822270327,1.265944169944686
1,-1286802122178866.2,-66547860357817.086,-629.8004475174623,-31.377866792401782,8802141659541.008,102813.65950987668,1.265944169944686
0,-4223090256710019.0,-506958341365052.25,-517.2150796469791,-61.66366800969708,10829000000000.014,104464.7822270327,1.2741000763034278
1,-2480407664207643.0,-125890497593766.7,-558.2234005770418,-27.713289231555716,10829000000000.014,102771.0820570955,1.2741000763034278
