particle_id,x,y,vx,vy,time,energy,faug
0,1642584098216.9512,102340258497483.5,1101.8329538210205,-285.52340769334137,7154649348474.241,129998.18028933812,1.261292949852428
0,850594847173547.8,-843411973747852.6,395.38212753077113,-525.1629345909344,8802141659541.008,114986.0181940046,1.2679616882041371
0,1591322618940098.0,-1843779910079936.0,343.8651945473122,-469.5732933803201,10829000000000.014,114897.33018463578,1.2755545281522092
