particle_id,x,y,vx,vy,time,energy,faug
0,-98492304427985.48,-17363419479293.62,-971.7188836534082,-148.9520666407168,3842274192010.384,116385.09682198775,1.2393581211568547
0,-768610589443509.4,-117739718056801.77,-686.2519029589436,-102.25903253189097,4727029947328.75,110869.69130791668,1.2452516318460989
0,-1476019495001647.8,-223019831169918.75,-620.6360331903857,-92.28361380136504,5815517322893.456,110865.26579951528,1.2516034325482843
0,-2273270491982548.5,-341494490040930.6,-574.354106570221,-85.31190331728054,7154649348474.241,110865.7994898652,1.2584759756955268
0,-3192895405276558.0,-478051102099043.0,-545.3133336067968,-80.95658548438205,8802141659541.008,110865.7994898652,1.2659444380646834
0,-4277025171695893.0,-638975423851759.9,-526.2973431875412,-78.11254884496591,10829000000000.014,110865.79948986518,1.2741002702513171
