particle_id,x,y,vx,vy,time,energy,faug
0,-18665660930819.92,178381480948776.28,969.9040451377916,-71.7292792363456,7154649348474.241,138766.8695639202,1.265822835883526
0,1131762705491237.0,-372253085654504.9,583.1183072768508,-343.48334049544246,8802141659541.008,127549.3701676005,1.2711640688613193
0,2231342742501836.0,-1036933025157140.6,513.1168247798504,-315.38939021702896,10829000000000.014,127458.7980798246,1.2778429177046084
