particle_id,x,y,vx,vy,time,energy,faug
0,9416233496333.58,307281204978205.5,906.3942938376848,89.19351018832793,7154649348474.241,184993.99313638455,1.2508195527092822
0,1331466468374328.5,223091925006403.5,733.0217392404351,-85.73015972246078,8802141659541.008,179529.95309548487,1.252822003913464
0,2741284860650411.5,41296132323966.79,668.9446363979614,-91.2175313280268,10829000000000.014,179511.17629851852,1.256512758175135
