particle_id,x,y,vx,vy,time,energy,faug
0,-117991023208628.02,-422355559840.6249,-961.478031278048,-3.142796958975241,3123117714735.799,156310.98767082416,1.2186602341820072
0,-706620801716564.4,-2327874661955.435,-760.3295466789577,-2.454906675528875,3842274192010.384,152808.33678782854,1.2231265255814112
0,-1350161238047362.2,-4404169403208.085,-700.7721667856612,-2.2597712675719444,4727029947328.75,152808.58490685283,1.227878173196303
0,-2087784089634906.0,-6781965227488.233,-657.8044514976909,-2.11992378678862,5815517322893.456,152808.66494872037,1.232946913645348
0,-2947180910103437.5,-9551072191300.738,-629.0044238399722,-2.0264799072972544,7154649348474.241,152808.66494872037,1.2383696185414432
0,-3966563893419215.0,-12834952743827.764,-610.334975330781,-1.9660232414169312,8802141659541.008,152808.6649487204,1.2441895038936068
0,-5189217922757285.0,-16773197901790.863,-597.283393736587,-1.9238137522742724,10829000000000.014,152808.6649487204,1.250457632028114
