particle_id,x,y,vx,vy,time,energy,faug
0,95598589144644.8,-17007242369622.566,766.2123533109943,-717.448711612045,3842274192010.384,176948.33156409254,1.2243912664976435
0,595829859760740.2,-566585244953973.8,510.2037041224711,-578.4030632997132,4727029947328.75,171362.81291650134,1.2287659584907442
0,1124532119226279.6,-1169878721956984.2,466.4707847226189,-534.6847463011204,5815517322893.456,171362.53612904035,1.233572352383845
0,1728101929703500.5,-1863649011080496.8,438.3867045988609,-504.9209533957349,7154649348474.241,171362.63050964614,1.238811827450463
0,2435562532044003.5,-2679452826024766.0,422.3580372256759,-487.4620734359187,8802141659541.008,171362.63050964614,1.244503327156408
0,3280312039127211.5,-3654970923608096.0,412.23436543874305,-476.2536387302668,10829000000000.014,171362.63050964611,1.250681221649229
