particle_id,x,y,vx,vy,time,energy,faug
0,-186933627600693.16,-4378117288309.608,-982.020582919583,-20.060328517364564,7154649348474.241,158296.38994890882,1.2383696808724678
0,-1448490785141366.5,-29574065665807.71,-693.8544256561904,-13.787208894100702,8802141659541.008,152800.991352841,1.2441895481659475
0,-2782942105859396.0,-56058654241995.02,-633.0585365686782,-12.55468384769504,10829000000000.014,152796.3982898346,1.2504576635893705
