particle_id,x,y,vx,vy,time,energy,faug
0,-176293612033938.2,-224839191193.5227,-1084.6434003482457,-1.130693565733945,10829000000000.014,149882.7169934538,1.2504576320979843
