particle_id,x,y,vx,vy,time,energy,faug
0,-257098824585954.97,-10148422970.52064,-960.9211055480788,-0.0344363471094362,7154649348474.241,202851.30614531515,1.2179803196989007
0,-1590622762198918.0,-57415863333.7664,-749.4136611360232,-0.0264864453683975,8802141659541.008,199089.48518505445,1.222404140210221
0,-3046110576888635.0,-108818266812.457,-696.6265109014711,-0.0245911624629487,10829000000000.014,199089.37166953488,1.2271087338403457
