particle_id,x,y,vx,vy,time,energy,faug
0,-371674928397794.5,-192175452741.54593,-961.3759068779556,-0.4488393363732164,10829000000000.014,222881.89401707845,1.2271087338580595
