particle_id,x,y,vx,vy,time,energy,faug
0,-303307036989411.3,-9661656273089.736,-960.9047735452056,-27.651357979716092,8802141659541.008,209704.11766491388,1.222404210306789
0,-1929066023007562.5,-55879869641314.96,-740.5860218759882,-20.987757651697457,10829000000000.014,205724.44026741455,1.2271087831542735
