particle_id,x,y,vx,vy,time,energy,faug
0,3.4138291601404416e+16,233188120846995.2,180105.24915753608,1230.1444074742674,5815517322893.456,16219703128.432476,1.2138103612436852
1,175873881612731.56,4159052068.0027823,1057.4610668156283,0.00011970478861,5815517322893.456,253427.6547778733,1.2138103612436852
0,2.753229778778086e+17,1880513759332822.5,180105.22430341382,1230.1442524071635,7154649348474.241,16219702056.262398,1.2179803197043435
1,1362148592759597.2,1312420081.8974955,826.3316913913784,-0.0024171301602182,7154649348474.241,249271.21739342055,1.2179803197043435
0,5.720449486837333e+17,3907166946998861.0,180105.22291569065,1230.1442429287472,8802141659541.008,16219702056.262396,1.2224041402140404
1,2672788909953976.0,-2678821730.1635604,773.208651147779,-0.0024125634693986,8802141659541.008,249287.40724753737,1.2224041402140404
0,9.37092721319327e+17,6400495061707926.0,180105.22241408462,1230.1442395026938,10829000000000.014,16219702056.2624,1.2271087338430329
1,4212188552467121.5,-7533078187.543308,749.379480691034,-0.0023793139467213,10829000000000.014,249287.4072483163,1.2271087338430329
