particle_id,x,y,vx,vy,time,energy,faug
0,737791217635716.5,-394275423909208.7,2875.0876919749267,-1624.4860936330017,8802141659541.008,5324402.170266083,1.2228998740441144
1,221142204544909.2,-70510948380361.5,711.5312999525968,-533.5856373031588,8802141659541.008,87448.67623253656,1.2228998740441144
0,6518834382566836.0,-3661481356617424.0,2845.6511518225516,-1608.301912503279,10829000000000.014,5324437.999077404,1.2274571271001211
1,1232749368646762.5,-937323001406956.4,428.9999337610419,-381.212169641924,10829000000000.014,80990.78767787406,1.2274571271001211
