particle_id,x,y,vx,vy,time,energy,faug
0,440193583033415.3,-11777337941.72465,2457.5144979562583,-0.0682141472902165,5815517322893.456,2843617.4977856083,1.2138103612362054
1,267356139873849.5,-3040696792.386422,1524.72185536486,-0.0221788926419545,5815517322893.456,928543.7784386054,1.2138103612362054
0,3675645911215030.5,-101614572418.659,2399.697631386769,-0.0666355533441691,7154649348474.241,2843179.218856145,1.2179803196991068
1,2194767764940928.0,-31276929161.17452,1405.3359513670832,-0.020616322061593,7154649348474.241,927034.906120214,1.2179803196991068
0,7621169788383875.0,-211175901408.8009,2391.897863679877,-0.0664196772851701,8802141659541.008,2843179.2189039136,1.2224041402103656
1,4487524160631746.5,-64919374446.76241,1383.1845531062072,-0.0202982577397764,8802141659541.008,927034.9061192648,1.2224041402103656
0,1.246587301686781e+16,-345706743196.68164,2389.0676470495455,-0.066341221738629,10829000000000.014,2843179.2189039104,1.2271087338404476
1,7281372547471946.0,-105920885158.92683,1374.958748236123,-0.0201789281905498,10829000000000.014,927034.9061192625,1.2271087338404476
