particle_id,x,y,vx,vy,time,energy,faug
0,-88152006725583.84,1059189257676549.4,795.9157071920183,463.16287123488235,10829000000000.014,312409.2322970085,1.252679530808836
