particle_id,x,y,vx,vy,time,energy,faug
0,308447060951395.0,-11772302799678.324,929.546120995602,-482.3974871889958,7154649348474.241,319228.23808804894,1.1995733676477045
0,1648206766665568.5,-763405106216544.0,765.8130371996242,-438.3411027963251,8802141659541.008,316505.4202702527,1.2023130014383072
0,3154699587293889.0,-1629794423330365.8,728.8061815522608,-420.2160625541152,10829000000000.014,316506.0120527771,1.205394001241182
