particle_id,x,y,vx,vy,time,energy,faug
0,-259984832103829.6,-179200177846.71677,-1003.2610490910372,-0.6555352091850095,4727029947328.75,278988.5422371556,1.1916800730642074
0,-1251921321552989.5,-825132396185.0614,-866.0264396144848,-0.563319045703451,5815517322893.456,277189.6741492558,1.1946673743621563
0,-2373995551130091.5,-1554739911899.6816,-816.1810212048492,-0.5305797061316867,7154649348474.241,277189.94366414443,1.1977988165504672
0,-3695168915724473.5,-2413504375919.5654,-791.3207233149924,-0.5143203801221289,8802141659541.008,277189.94366414443,1.2010863784807886
0,-5283465000859474.0,-3445775811898.022,-777.5613004720796,-0.5053400701764186,10829000000000.014,277189.9436641443,1.2045435239400908
