particle_id,x,y,vx,vy,time,energy,faug
0,-299740071690818.56,-40732219185.36359,-991.0829785842028,-0.1269552077385218,5815517322893.456,272669.25391127117,1.19466737435037
0,-1493981580986128.0,-193080828818.0088,-844.4453400902179,-0.1075855031656575,7154649348474.241,270611.0799980227,1.197798816542298
0,-2839169424552051.0,-364394366713.9613,-796.6689318232959,-0.1014332650797573,8802141659541.008,270611.19815881486,1.2010863784751178
1,-448071468792173.44,-41086396299.88525,-988.9968827985234,-0.0853899674704841,8802141659541.008,296854.3325095632,1.2010863784751178
0,-4429091783665262.5,-566803932568.7263,-775.3271386162855,-0.098698118373087,10829000000000.014,270611.1981588148,1.2045435239361475
1,-2248499746960600.8,-195870832899.5511,-841.1298174997117,-0.0722167251423603,10829000000000.014,294744.57995623595,1.2045435239361475
