particle_id,x,y,vx,vy,time,energy,faug
0,-150538471427216.7,-49811803027391.22,-986.3864170707168,-311.4856265311089,2538565384109.942,283614.6448332504,1.1834851333545775
0,-683104893142555.9,-217574549649297.1,-871.6798557221151,-274.3535262329238,3123117714735.799,282274.19004847616,1.1860988813697395
0,-1291769206439176.5,-409091070213767.0,-825.8571608523814,-259.8046712039558,3842274192010.384,282274.37200280215,1.1888281081451375
0,-2006675370523402.0,-633963336231067.1,-792.7602447529257,-249.33669945724213,4727029947328.75,282274.4000561515,1.1916813891822486
0,-2856322953698093.5,-901175368690287.2,-770.9473150404624,-242.45004023417383,5815517322893.456,282274.4000561515,1.194668285202026
0,-3878471673326945.5,-1222614580240958.8,-757.0487674096398,-238.06690442319453,7154649348474.241,282274.40005615144,1.197799447845855
0,-5117112638442714.0,-1612120363982661.2,-747.4991766403741,-235.05746577855135,8802141659541.008,282274.40005615144,1.2010868167175932
0,-6624615922395103.0,-2086163489742843.2,-740.6185807240985,-232.89023019277195,10829000000000.014,282274.40005615144,1.2045438286717969
