particle_id,x,y,vx,vy,time,energy,faug
0,-373038570947424.5,-6066428141123.774,-992.9979773268536,-15.237766589923773,7154649348474.241,290098.87003704347,1.197798826035823
0,-1847688556992437.5,-28605084617801.504,-848.1158973974203,-12.946311065049654,8802141659541.008,288088.3252599116,1.2010863850654054
0,-3516521509075066.0,-54070550058886.59,-807.1380654058289,-12.31407880134732,10829000000000.014,288087.73756443127,1.2045435285187651
1,6.3867309519977656e+16,-473338434552463.9,143485.4805615064,-1063.017433015311,10829000000000.014,10294604491.749668,1.2045435285187651
2,9.84922227732331e+16,-848585051518272.1,221202.16569541304,-1905.3059032354136,10829000000000.014,24467012802.472862,1.2045435285187651
