particle_id,x,y,vx,vy,time,energy,faug
0,-191565671375042.16,-2865504964740.4775,-1028.5600740475982,-14.71115369457848,3123117714735.799,289632.3956285119,1.1860961285698384
0,-873073830766865.5,-12589172657371.746,-905.7271806823446,-12.912039619454529,3842274192010.384,288229.94871625013,1.1888262081767995
0,-1650683288349108.0,-23671646928676.863,-857.1803102463207,-12.21414055388842,4727029947328.75,288230.12533175596,1.1916800761107504
0,-2563800674124172.5,-36681273151380.78,-824.5052758902092,-11.746120351363526,5815517322893.456,288230.2053141577,1.1946673764705706
0,-3653753468899961.5,-52208255330505.55,-805.570698088262,-11.475390741312133,7154649348474.241,288230.2053141577,1.1977988180117944
0,-4970007922592135.0,-70957924680558.48,-793.546871642047,-11.303653446623626,8802141659541.008,288230.20531415765,1.201086379495224
0,-6569301182487949.0,-93738734133048.48,-785.3171171672468,-11.18618837078925,10829000000000.014,288230.2053141577,1.204543524645488
