particle_id,x,y,vx,vy,time,energy,faug
0,-372279061018733.5,-8869297943268.31,-992.5343847185814,-22.309098679472267,7154649348474.241,289531.75279128057,1.197798840669421
0,-1845829486400716.8,-41857418988111.51,-847.3939293238291,-18.946414138959167,8802141659541.008,287513.5280000155,1.201086395223868
0,-3513130928338037.5,-79122579280630.23,-806.3577793964289,-18.01903650950876,10829000000000.014,287513.47070490377,1.2045435355825456
