particle_id,x,y,vx,vy,time,energy,faug
0,116171632655509.92,-11106462506286.244,990.2523478332156,-449.1710322080621,2063423411482.4,314546.9725339649,1.1825599782955962
0,546652848393260.56,-215346395414797.8,865.8886003333831,-416.4411127864248,2538565384109.942,312945.6034723507,1.1845689793097116
0,1038676312334934.8,-452969656262899.8,822.3634124786176,-398.2842382569182,3123117714735.799,312945.7844538253,1.1868438932446612
0,1618167848878757.0,-734121499690068.9,791.5573635944826,-384.5596183758583,3842274192010.384,312945.7964158808,1.189341321233693
0,2307153469531228.5,-1069174233859908.6,768.3850726630938,-373.9327549499523,4727029947328.75,312945.7708804115,1.192035608663203
0,3134618194802633.5,-1472045707600002.0,753.5381144615501,-367.0065082866522,5815517322893.456,312945.7708804116,1.1949132110888556
0,4136291048817504.0,-1960023138698736.0,743.4072195839716,-362.2274317153791,7154649348474.241,312945.77088041155,1.1979691017064835
0,5354545096827419.0,-2553701319985118.5,736.1402219934761,-358.77277218513177,8802141659541.008,312945.77088041155,1.201204539928628
0,6840687449495510.0,-3278059821225589.0,730.750477849889,-356.196147002889,10829000000000.014,312945.77088041155,1.2046256656860506
