particle_id,x,y,vx,vy,time,energy,faug
0,-161680097391673.62,900144726601002.4,674.9823466812898,789.3695622739403,5815517322893.456,420400.15410433314,1.336538779346661
0,739544405308833.2,1908066981141210.8,666.4820860312122,725.4267768192094,7154649348474.241,420387.9842529032,1.2502801657732026
0,1825415158093420.0,3076703506577623.0,653.4188350462709,698.5637583738422,8802141659541.008,420387.98425290326,1.221420643408923
0,3141331988257502.0,4479160856693175.0,645.9658974760005,687.026402551586,10829000000000.014,420387.98425290314,1.2083140413310038
