particle_id,x,y,vx,vy,time,energy,faug
0,302696019093458.44,30986612958730.07,1082.3606479061698,-288.1302053618249,4727029947328.75,420922.56549896736,1.1760157331770231
0,1399489019033827.5,-279597103160354.7,969.0900276704192,-279.894529883984,5815517322893.456,419729.6059977818,1.1775067044230387
0,2665866275459205.0,-647615844905082.2,928.8564215671564,-270.9425823492744,7154649348474.241,419731.3035484309,1.1793182128575836
0,4179214187108600.0,-1089769628799157.2,910.9926581463726,-266.4440341353646,8802141659541.008,419731.30354843097,1.1813792903835658
0,6014692592635718.0,-1626914517658155.2,901.3410279069748,-263.88037889552413,10829000000000.014,419731.303548431,1.1836455244607995
