particle_id,x,y,vx,vy,time,energy,faug
0,-292635467594784.8,-63424961264.70885,-1098.0109146087823,-0.2307632489756529,3842274192010.384,399476.62375209166,1.1716048929711025
0,-1208199450468510.0,-255610843959.80035,-998.9042447426484,-0.2095837475144485,4727029947328.75,398704.42518075905,1.1737385166800505
0,-2269511085413809.5,-478251784174.04614,-956.2051852025294,-0.2005696514661344,5815517322893.456,398705.3663107818,1.1759537529651731
0,-3533014881093666.0,-743264735426.4849,-934.085311499348,-0.1959122468353313,7154649348474.241,398705.36631078186,1.1782559236433914
0,-5060650697079677.0,-1063660047749.2625,-921.8697632873302,-0.1933435651944563,8802141659541.008,398705.36631078174,1.1806508686765669
1,-602741122847059.4,-58043799540.57086,-1060.6844734589308,-0.0984146664059907,8802141659541.008,404434.0609996881,1.1806508686765669
0,-6920563387159446.0,-1453735653322.8467,-914.1949258616,-0.1917309177189487,10829000000000.014,398705.36631078186,1.1831450234814231
1,-2608752383955518.5,-243850898915.0932,-953.13654593082,-0.0882320662208551,10829000000000.014,403377.7758693269,1.1831450234814231
