particle_id,x,y,vx,vy,time,energy,faug
0,-484836133027329.75,-10026490260259.752,-1057.22129090078,-21.0510912065567,7154649348474.241,386013.102805441,1.1782559381513085
0,-2107839240861221.2,-42285930711081.0,-946.234935464306,-18.795805121123543,8802141659541.008,384926.93799225526,1.1806508786534136
0,-3986662383030892.0,-79600110435763.38,-914.3682608183134,-18.15802750909052,10829000000000.014,384926.93799225526,1.1831450303498692
1,-671144518415300.2,-9682902360764.008,-1031.3015904726642,-14.237714330074578,10829000000000.014,377150.8619138285,1.1831450303498692
