particle_id,x,y,vx,vy,time,energy,faug
0,-247785461838491.6,-10431363179337.598,-1113.5032923170672,-45.55638528860404,3123117714735.799,407613.6478653003,1.169548033271315
0,-1005221012740293.6,-41387293065004.57,-1018.40730778538,-41.60475547335423,3842274192010.384,406938.9879604327,1.1716049211241155
0,-1885595164451565.5,-77347677426162.02,-976.0913341760196,-39.86606022139666,4727029947328.75,406939.0802264106,1.1737385359830224
0,-2931913042090046.0,-120079471483481.16,-950.158597994206,-38.80312729753095,5815517322893.456,406940.09467475174,1.1759537662125972
0,-4193513160948435.0,-171600296719302.62,-935.7576258037492,-38.21357721312408,7154649348474.241,406940.09467475186,1.1782559327439432
0,-5726918070176165.0,-234219400702515.7,-926.6836333548916,-37.84236745042654,8802141659541.008,406940.0946747518,1.180650874934861
0,-7598342470561544.0,-310641137996196.1,-920.521352436102,-37.590389522719306,10829000000000.014,406940.09467475174,1.1831450277898743
