particle_id,x,y,vx,vy,time,energy,faug
0,-609894685583567.2,-246496160480390.25,-959.123033942224,-368.53769816477063,10829000000000.014,370886.3398330954,1.1831497259700408
