particle_id,x,y,vx,vy,time,energy,faug
0,-126066360993896.48,883475304.0243437,791.2816104520366,0.0005387645169755,3842274192010.384,-4256.8443518085405,1.333796507524637
0,-498621276060880.4,-18205740843.733658,-487.94703978876754,-0.0162777641029091,4727029947328.75,-42544.19749722567,1.3503683172719072
0,-963305153620364.0,-33542714426.95477,-379.9615024189318,-0.0124342138941204,5815517322893.456,-43248.2392236703,1.369681765029345
0,-1417922449061115.5,-48321579361.95542,-303.92757087382057,-0.0098166598617799,7154649348474.241,-43258.17388438041,1.3925868810653008
0,-1860469027351094.5,-62522029934.55635,-236.3574866612527,-0.0075306558759479,8802141659541.008,-43258.17483532364,1.4203555117396949
0,-2272463623761635.0,-75540217212.19969,-173.92525815939993,-0.0054440272694529,10829000000000.014,-43257.88177777025,1.4549953709537644
