particle_id,x,y,vx,vy,time,energy,faug
0,-256095806410693.8,38235637.73290768,688.4363466021464,2.391147587418084e-05,5815517322893.456,-3070.1125911699783,1.369681765028847
0,-666052260461422.1,-612751870.6193022,-447.816453197365,-0.0003632656959618,7154649348474.241,-43504.09685926752,1.3925868810649071
0,-1284611307963686.5,-1104390052.989701,-320.619001302829,-0.0002503807979869,8802141659541.008,-44814.16217206798,1.4203555117393756
0,-1839399410618046.5,-1531117635.9592245,-232.3809003130438,-0.0001757943714755,10829000000000.014,-44960.5844568291,1.4549953709534966
