particle_id,x,y,vx,vy,time,energy,faug
0,-55890261887981.11,2487111784.6303706,929.434460888362,-0.0010687349607461,2538565384109.942,-5965.759164292074,1.306671995206978
0,-366556963597683.75,-65050713322.605965,-528.7508372822216,-0.0876909915877115,3123117714735.799,-41564.20222272957,1.31937359243507
0,-708505729502776.5,-121410002270.98952,-433.92883493592535,-0.0711799823362597,3842274192010.384,-41919.41189996626,1.3337965075324574
0,-1060454577495013.2,-178939866010.06805,-366.1863223433751,-0.0596663518398255,4727029947328.75,-41919.17059334772,1.3503683172778826
0,-1425342672955004.8,-238219110157.28094,-307.16326998628574,-0.0497566561858632,5815517322893.456,-41918.907260412154,1.3696817650339823
0,-1797820757203537.8,-298372417637.2462,-251.29113014881196,-0.040452568042739,7154649348474.241,-41918.784304008586,1.3925868810689703
0,-2164836956261881.2,-357235668228.34735,-196.8078054172972,-0.0314364978665386,8802141659541.008,-41918.77542450348,1.420355511742671
0,-2511507786114760.5,-412348881963.09326,-147.69730774593975,-0.0233528816905866,10829000000000.014,-41918.77542450349,1.454995370956258
