particle_id,x,y,vx,vy,time,energy,faug
0,-55888162893249.96,2005116160.855055,929.4478701574784,-0.0008619799519855,2538565384109.942,-5963.787607786537,1.3066719952012429
0,-366559768682240.5,-52445039848.53811,-528.7539767158538,-0.0706980119584348,3123117714735.799,-41561.97788625848,1.31937359243079
0,-708511153118398.5,-97882973854.63112,-433.9328230756362,-0.0573867588783411,3842274192010.384,-41917.16814204553,1.333796507529229
0,-1060463783499902.2,-144264807041.47784,-366.1908592476114,-0.0481044029737546,4727029947328.75,-41916.926828682335,1.350368317275416
0,-1425357124790089.2,-192057217300.81055,-307.1683590555022,-0.0401151562786896,5815517322893.456,-41916.663497993904,1.3696817650320678
0,-1797842441003270.5,-240554581767.74417,-251.29683613553763,-0.0326141643503882,7154649348474.241,-41916.54054623621,1.3925868810674555
0,-2164868824268010.5,-288012286806.69653,-196.81462549014685,-0.0253454404628028,8802141659541.008,-41916.53146892025,1.4203555117414424
0,-2511555143483267.5,-332447376113.4947,-147.70575873174587,-0.0188285395925964,10829000000000.014,-41916.53146892025,1.4549953709552286
