particle_id,x,y,vx,vy,time,energy,faug
0,-256088386663561.8,16956085364.092615,688.446802891518,0.0106035758370175,5815517322893.456,-3067.1659558329848,1.3696817652430853
0,-665979466103269.2,-271682061643.65488,-447.72204005803087,-0.1610398472589042,7154649348474.241,-43555.44082979746,1.3925868812344269
0,-1284359456516265.0,-489609469289.39874,-320.4982844338227,-0.1109737455813016,8802141659541.008,-44866.36778173424,1.420355511876863
0,-1838878259639148.0,-678718641357.8693,-232.2364342548899,-0.0778922590405472,10829000000000.014,-45013.23529918495,1.4549953710686916
