particle_id,x,y,vx,vy,time,energy,faug
0,-256061149091067.56,55504101498.68778,688.4851873854183,0.0347064641124445,5815517322893.456,-3056.3478112831945,1.369681767234601
0,-666015541080241.2,-889419923673.9816,-447.7375627268569,-0.5272038840031937,7154649348474.241,-43543.79338788314,1.392586882810248
0,-1284430390499477.5,-1602878995756.8738,-320.523382879288,-0.3633201711166108,8802141659541.008,-44854.40671159266,1.420355513154919
0,-1839006757079809.5,-2222028447931.8423,-232.26784820752272,-0.2550317097253454,10829000000000.014,-45001.15587625095,1.454995372139522
