particle_id,x,y,vx,vy,time,energy,faug
0,-55891633549357.805,494552511922.8684,929.4151540548222,-0.2123827139366223,2538565384109.942,-5965.890731153428,1.3066726957002208
0,-366319576118447.5,-12930775257686.27,-528.472662162752,-17.432284426851023,3123117714735.799,-41561.175549373525,1.3193741151659817
0,-708090635839515.0,-24134575974900.96,-433.7058010162907,-14.150069095697509,3842274192010.384,-41916.43015124503,1.3337969018319706
0,-1059860413139826.2,-35571127672885.49,-366.0018758112488,-11.86130278563538,4727029947328.75,-41916.1888516233,1.35036861854737
0,-1424566717392961.2,-47355514412596.8,-307.0120074478978,-9.891384649986064,5815517322893.456,-41915.92551999282,1.3696819988448024
0,-1796863939610431.5,-59313759660543.375,-251.1710415380986,-8.041857978614988,7154649348474.241,-41915.80256777183,1.3925870660758004
0,-2163708610186300.0,-71015703934763.9,-196.71842896858263,-6.249604713059316,8802141659541.008,-41915.793501839304,1.4203556617907978
0,-2510228273463803.0,-81972428482039.39,-147.636183057305,-4.642734048528291,10829000000000.014,-41915.793501839304,1.4549954966753456
