particle_id,x,y,vx,vy,time,energy,faug
0,-55936853713634.03,2836312994149.558,928.7915935960722,-1.1937863222026632,2538565384109.942,-5971.520187885035,1.3066903256133744
0,-358822395169135.94,-73395711359145.48,-519.6779572418914,-99.1425474370534,3123117714735.799,-41467.3256104521,1.319387270848022
0,-694974628622916.0,-137117576202879.77,-426.65297911569314,-80.48359329607668,3842274192010.384,-41824.02576316886,1.3338068250757902
0,-1041080989565100.2,-202172092236199.5,-360.16751346087307,-67.47626115652793,4727029947328.75,-41823.784592932265,1.3503762004305977
0,-1400035758062005.8,-269217667319268.7,-302.22523839120896,-56.28199581049439,5815517322893.456,-41823.52130197541,1.3696878829803958
0,-1766607748190515.5,-337270088322234.94,-247.36820226577763,-45.77265581123664,7154649348474.241,-41823.39847795664,1.392591721969759
0,-2128017567320468.5,-403891880727496.75,-193.88426093620097,-35.59214592079246,8802141659541.008,-41823.36655225381,1.420359437894807
0,-2469737561597022.0,-466321086052296.5,-145.69203554199964,-26.46908815118814,10829000000000.014,-41823.3665522538,1.4549986605059055
