particle_id,x,y,vx,vy,time,energy,faug
0,-357524995765477.0,4537902876154.229,641.8105883446656,2.5388214966800584,7154649348474.241,-2571.549295114004,1.392599183815486
0,-759837175911526.8,-63234591060528.0,-427.7737803758423,-30.572252247291992,8802141659541.008,-44007.69949840546,1.420365489662612
0,-1464941061044972.5,-112148351971066.77,-287.7892238813451,-19.42393565880555,10829000000000.014,-45762.440155632605,1.4550037309743489
1,-680908440669725.6,4264414407870.9614,550.2841576397743,1.7622210656607866,10829000000000.014,-1759.3622250565095,1.4550037309743489
