particle_id,x,y,vx,vy,time,energy,faug
0,-379557089438778.75,144660047993535.94,611.0847161865364,86.16685256491046,7154649348474.241,-2198.3045581216575,1.406743709117735
0,370823528867446.3,-491407985960905.44,122.72187314785364,-489.21192570572225,8802141659541.008,-28753.154784747792,1.431687063869465
1,-514734558688930.2,149898199454647.47,575.9719886825887,75.03693876690787,8802141659541.008,-1924.48105816546,1.431687063869465
0,515202070254678.7,-1307756482466593.2,41.73214658151347,-340.9929414097174,10829000000000.014,-31486.240359646756,1.4644029823795697
1,220776181737212.3,-675457167156945.4,-27.8436475136691,-480.82214980436567,10829000000000.014,-32604.685751606987,1.4644029823795697
