particle_id,x,y,vx,vy,time,energy,faug
0,-294786849352467.9,175601147790286.1,618.800679898806,129.97388770273992,5815517322893.456,-2159.564926256018,1.4001159716671832
0,506981623351835.44,-96104900504526.12,400.69225895202504,-365.8617662526536,7154649348474.241,-19612.606701449753,1.4159168024526427
0,1018862166433272.0,-646295443697559.0,253.17813845062733,-304.8543660320853,8802141659541.008,-22050.272864210812,1.438869872046193
1,-526213013625097.25,188625416088248.7,565.0452647577642,95.7946827068488,8802141659541.008,-1787.643328295555,1.438869872046193
0,1451469503953251.5,-1207382790734890.5,180.66695362037137,-251.5456729603575,10829000000000.014,-22247.154583919735,1.4702767399853078
1,440768737634669.3,-490374739223184.56,122.53771065548044,-492.5024989809335,10829000000000.014,-27935.34508880317,1.4702767399853078
2,-719531305590109.1,226696150129486.12,522.1061896148465,96.56074074108324,10829000000000.014,-1460.08809072664,1.4702767399853078
