particle_id,x,y,vx,vy,time,energy,faug
0,-519683962960129.6,439559044358778.4,366.4573809064614,380.47278915885096,5815517322893.456,-257.2108889759402,1.5793795363908525
0,19558861911067.17,869473822503347.4,418.5043935700208,259.3889060012258,7154649348474.241,-1859.8058094989535,1.52543827346683
1,-560860455791284.9,431628666761198.6,433.4196981569134,297.52626422347237,7154649348474.241,-627.5650757556432,1.52543827346683
0,689352985368921.5,1205351429247326.8,389.0556474753817,159.77811086756853,8802141659541.008,-2442.1877116055985,1.5153220022867586
1,230327600180004.3,777224817723696.9,489.2166461212174,114.1167448566973,8802141659541.008,-4569.800432984746,1.5153220022867586
0,1427863712194248.8,1458410532915930.8,340.2664956897875,96.25777104674452,10829000000000.014,-2479.8960024565094,1.528568592707931
1,1139879768662490.0,869267782321089.1,406.60725120651114,-0.4355714588998118,10829000000000.014,-6433.150934207137,1.528568592707931
