particle_id,x,y,vx,vy,time,energy,faug
0,-85456765019619.5,39100285.9700124,853.4620084833625,1.3696885575249178e-05,3123117714735.799,-4940.101975757454,1.31928710236418
0,-428456218926172.7,-908085989.0489236,-508.44047475598086,-0.0009969900129668,3842274192010.384,-42000.57887046685,1.3336977663562093
0,-828051400127559.2,-1685363179.2569618,-407.6426429641212,-0.0007879762059672,4727029947328.75,-42503.71895840403,1.3502541326098263
0,-1230266629631606.8,-2459172936.9217663,-336.0937878972168,-0.0006437398432672,5815517322893.456,-42504.39287222977,1.3695476450963755
0,-1636228747684808.8,-3233417334.1603155,-273.1922083967923,-0.0005187559033297,7154649348474.241,-42504.2468682419,1.3924262659554083
0,-2034868226309265.5,-3986717523.7484097,-213.0516375773692,-0.0004004365424401,8802141659541.008,-42504.284440604664,1.4201583646999416
0,-2408450802569901.5,-4684518567.992525,-158.63260160606512,-0.0002942041692643,10829000000000.014,-42504.28444060467,1.4547453890686737
