particle_id,x,y,vx,vy,time,energy,faug
0,-125940673011676.28,48037694.395584546,791.6232828153344,2.9222673840681976e-05,3842274192010.384,-4177.552466353518,1.3336977663562104
0,-498765649058761.06,-990533133.4773402,-488.0252158648223,-0.0008855803653941,4727029947328.75,-42483.55832885372,1.350254132609827
0,-963559029794489.8,-1825005467.4111135,-380.0771381863243,-0.0006765903847323,5815517322893.456,-43186.49677280059,1.3695476450963764
0,-1418346503077116.5,-2629241457.904498,-304.0648403070225,-0.0005342501298768,7154649348474.241,-43196.350638066935,1.3924262659554087
0,-1861137682895955.5,-3402157988.8122215,-236.51683828159304,-0.0004099425729289,8802141659541.008,-43196.35134074942,1.420158364699942
0,-2273493311904815.0,-4110982716.087893,-174.12664269654204,-0.0002965144143855,10829000000000.014,-43196.39349187965,1.454745389068674
