particle_id,x,y,vx,vy,time,energy,faug
0,-357295852872715.7,1237355312.172761,642.0628376119981,0.0006919525680021,7154649348474.241,-2507.813972247066,1.3924262659562308
0,-762978905387315.5,-17286577396.38478,-428.834534038776,-0.0083506761092822,8802141659541.008,-43962.05673167648,1.4201583647006084
0,-1469843051595447.5,-30649627588.596565,-288.51274494562983,-0.0053074486645902,10829000000000.014,-45713.1739802498,1.454745389069232
