particle_id,x,y,vx,vy,time,energy,faug
0,-357227696234909.5,1037606158.6948196,642.1348301407314,0.0005801783505521,7154649348474.241,-2486.7031223447702,1.392426265955924
0,-763068353898513.2,-14499191329.896692,-428.862507717012,-0.0070041179093105,8802141659541.008,-43939.88112088652,1.4201583647003595
0,-1470016480364425.8,-25708233065.999775,-288.563565202134,-0.0044522769955001,10829000000000.014,-45690.221683051575,1.4547453890690238
