particle_id,x,y,vx,vy,time,energy,faug
0,-357231229719188.94,1720476898.0996194,642.1310975885672,0.0009620121743034,7154649348474.241,-2487.7976221215213,1.3924262659567197
0,-763063462905602.2,-24041126816.64411,-428.86079402527054,-0.0116135349884532,8802141659541.008,-43941.17252743484,1.420158364701005
0,-1470006601339516.2,-42626774408.9004,-288.5605755798008,-0.0073822621188709,10829000000000.014,-45691.55645522977,1.4547453890695643
