particle_id,x,y,vx,vy,time,energy,faug
0,-255896930833854.88,10181117414.55398,688.7166937135954,0.0063625377618318,5815517322893.456,-2991.1285088782315,1.3695476451655582
0,-666237050506397.9,-163251929122.46365,-447.8329110105271,-0.0967666496307371,7154649348474.241,-43473.65504102319,1.3924262660101423
0,-1284864311160584.8,-294226855658.4591,-320.6757657380803,-0.0667084937178575,8802141659541.008,-44782.378267308726,1.4201583647443252
0,-1839789370134077.5,-407929121526.1401,-232.45782865166876,-0.0468457203977863,10829000000000.014,-44928.41568048832,1.454745389105852
