particle_id,x,y,vx,vy,time,energy,faug
0,-494562404904186.5,330038048968.00006,596.4138227315772,0.1601053507938532,8802141659541.008,-2075.605035452638,1.4201584131399452
0,-866624378635056.0,-3971634467781.278,-411.5427632938732,-1.5675488889950246,10829000000000.014,-44415.628301057455,1.4547454296447473
1,-680425927367848.1,315864948408.28595,550.5857610573892,0.1304932161942359,10829000000000.014,-1674.3507737352047,1.4547454296447473
