particle_id,x,y,vx,vy,time,energy,faug
0,-357244025681440.7,88503801.16369702,642.1175809215173,4.948841950567685e-05,7154649348474.241,-2491.7611507195106,1.3924262659554123
0,-763022231143115.8,-1236588272.0499322,-428.830152423805,-0.0005973312829842,8802141659541.008,-43959.00509341914,1.420158364699945
0,-1469888447306050.8,-2192476500.68915,-288.51679967608834,-0.0003796594329673,10829000000000.014,-45709.8344297054,1.4547453890686763
1,-680501351325397.1,85151550.34067501,550.5389330633512,3.518006050803122e-05,10829000000000.014,-1688.0584508229222,1.4547453890686763
