particle_id,x,y,vx,vy,time,energy,faug
0,-255883676381387.75,682769870783.4298,688.7348714703122,0.4266680526767025,5815517322893.456,-2985.602727395104,1.3695479509910014
0,-666159121501921.6,-10947839496655.914,-447.79777856019354,-6.489430614983129,7154649348474.241,-43466.8381993731,1.392426507966124
0,-1284747292058646.2,-19731500385471.11,-320.66044936329854,-4.47378796330918,8802141659541.008,-44775.43542977474,1.4201585609452745
0,-1839655576922364.0,-27357054987556.105,-232.4557649427813,-3.1418274198218437,10829000000000.014,-44921.412924269986,1.454745553454791
