particle_id,x,y,vx,vy,time,energy,faug
0,-681118944101223.4,31123052340601.223,550.0488446193647,12.86644360630589,10829000000000.014,-1662.375591086835,1.4550316625909263
