particle_id,x,y,vx,vy,time,energy,faug
0,-357291695966565.5,6342216301040.026,642.0471316092207,3.5469400203203576,7154649348474.241,-2492.4045601957187,1.3924519222090164
0,-757443848733336.9,-88295188166323.0,-426.95390224456565,-42.72089765025202,8802141659541.008,-43900.47339721238,1.4201791687430314
0,-1461440457916626.5,-156667178164776.44,-287.4442120272936,-27.16072308222517,10829000000000.014,-45653.43079159141,1.4547628154142953
