particle_id,x,y,vx,vy,time,energy,faug
0,-357365353458006.44,10214293371302.73,641.9373592897263,5.713898669809379,7154649348474.241,-2492.7145580301003,1.3924914771543166
0,-748589122477635.2,-141391952625814.94,-423.94285643097646,-68.58665294395982,8802141659541.008,-43827.23413281208,1.4202112409633754
0,-1447948351466821.0,-251173603760943.9,-285.6940772227201,-43.6202886336799,10829000000000.014,-45584.00318994227,1.4547896793149335
