particle_id,x,y,vx,vy,time,energy,faug
0,-357342550261686.44,9080240971666.72,641.9723503636592,5.079083910235292,7154649348474.241,-2493.332290117338,1.3924671684873362
0,-751598966069208.9,-125936899382631.78,-424.967450180189,-61.036335398691776,8802141659541.008,-43852.96469360163,1.4201915311168969
1,-494654654925362.8,9215977202084.81,596.319832816676,4.471463453311077,8802141659541.008,-2078.7486341037147,1.4201915311168969
0,-1452534832394064.8,-223629035846331.8,-286.28850745649953,-38.813655413367336,10829000000000.014,-45608.46016740704,1.4547731703838744
1,-858737528551036.9,-110401202799058.7,-409.5742612108275,-43.68039084142977,10829000000000.014,-44358.54937612495,1.4547731703838744
