particle_id,x,y,vx,vy,time,energy,faug
0,-255821604281444.62,220511706.00143337,688.822918447709,0.0001377690075394,5815517322893.456,-2961.2080408420297,1.3695476450964146
0,-666330991230898.2,-3536836482.663914,-447.8677070389292,-0.0020964011259225,7154649348474.241,-43446.357552410234,1.392426265955439
0,-1285038650262003.5,-6374531577.406132,-320.7341630780972,-0.0014453979611482,8802141659541.008,-44754.29922785964,1.4201583646999665
0,-1840097996126882.5,-8838343399.006222,-232.5312091756107,-0.0010151920583595,10829000000000.014,-44900.05348528261,1.4547453890686943
