particle_id,x,y,vx,vy,time,energy,faug
0,-180801328607868.97,732017513.3440393,738.3640312871868,0.0004812948743203,4727029947328.75,-3409.458129111503,1.3501047541836082
0,-578360873140612.2,-13370161979.129036,-467.9404430274338,-0.0097325487017149,5815517322893.456,-42824.77599674443,1.3693722094071143
0,-1116544645149962.4,-24402821159.53611,-351.4557541370729,-0.0071192834011348,7154649348474.241,-43787.96174865014,1.392216206920906
1,-356806216890193.5,782351657.4799887,642.5802120916849,0.0004371222583873,7154649348474.241,-2356.11939582738,1.392216206920906
0,-1624271336955602.2,-34588584506.4588,-270.1163192501466,-0.005365745723518,8802141659541.008,-43832.74311742059,1.419900581155962
1,-763627306258697.5,-10947542379.837944,-429.0416067147627,-0.0052882597384857,8802141659541.008,-43799.49198087574,1.419900581155962
0,-2094599614722053.5,-43831376349.01616,-197.5227134755328,-0.0038337533247544,10829000000000.014,-43832.88074281189,1.454418611250104
1,-1471109249058450.0,-19414421513.07615,-288.8858758902761,-0.0033647130786164,10829000000000.014,-45544.964692977315,1.454418611250104
