particle_id,x,y,vx,vy,time,energy,faug
0,-33981921716005.86,983181498.3723314,1037.75001465488,-0.0027606022575463,2063423411482.4,-6994.918823220185,1.295216522230983
0,-312852973490654.7,-29280702638.692177,-549.2593624752554,-0.0484451653136325,2538565384109.942,-40860.40323236695,1.3064952095231803
0,-604573855633827.6,-54885624114.765465,-459.6093901124358,-0.0401927108728728,3123117714735.799,-41106.37336831135,1.3191739329291128
0,-910392597936921.6,-81558220717.13725,-395.2531473794935,-0.0343913795647423,3842274192010.384,-41106.08633707774,1.33356857792845
0,-1234228064573885.8,-109675754879.62044,-339.5947917473626,-0.0294263516897739,4727029947328.75,-41105.82335840189,1.3501047541842754
0,-1574331704543479.2,-139086390993.12656,-287.4269894158678,-0.0248046180322952,5815517322893.456,-41105.6121434142,1.369372209407632
0,-1923633840673944.0,-169163026745.32324,-235.97245556867415,-0.0202696209348881,7154649348474.241,-41105.53107020716,1.3922162069213155
0,-2269319869295276.0,-198774066842.0866,-186.3246260390083,-0.0159122643372787,8802141659541.008,-41105.3255446276,1.419900581156294
0,-2598982606907740.0,-226827531409.4792,-141.01570784528985,-0.0119507374822038,10829000000000.014,-41105.325544627616,1.454418611250382
