particle_id,x,y,vx,vy,time,energy,faug
0,-180796593024805.38,30838565091.391632,738.3731636376556,0.0202753444236226,4727029947328.75,-3407.0715833581053,1.3501047549363252
0,-578365543443502.0,-563270590293.5872,-467.94183358669454,-0.4100206062635788,5815517322893.456,-42823.3564119315,1.3693722099911376
0,-1116552179512588.8,-1028064632557.0492,-351.4583833568822,-0.2999285280409412,7154649348474.241,-43786.50455716255,1.3922162073828763
0,-1624283806641589.2,-1457182138138.317,-270.11963369295745,-0.226054967619394,8802141659541.008,-43831.2793667419,1.419900581530484
1,-494037124958597.94,29070789962.62835,596.8366884593041,0.0140954527812384,8802141659541.008,-1950.1978899892129,1.419900581530484
0,-2094619618384710.5,-1846575946681.6345,-197.52700062791007,-0.1615150183582202,10829000000000.014,-43831.3913848817,1.4544186115637254
1,-867315733798197.1,-350342454959.9616,-411.6941935329161,-0.1382654076280852,10829000000000.014,-44282.547127338665,1.4544186115637254
