particle_id,x,y,vx,vy,time,energy,faug
0,-494105108194420.5,301967654946.80896,596.7819293333275,0.1464236136028134,8802141659541.008,-1966.4153367615072,1.4199006208788567
0,-867219210825559.6,-3638420598367.666,-411.6728110546543,-1.4359475952877714,10829000000000.014,-44299.706409833656,1.4544186445137446
