particle_id,x,y,vx,vy,time,energy,faug
0,-679708806238139.0,490022160792.8651,551.0311954840066,0.2023649012724137,10829000000000.014,-1544.083689167659,1.4544186957847174
