particle_id,x,y,vx,vy,time,energy,faug
0,-255641309029533.7,6849547412263.659,689.0256085935546,4.277750563361545,5815517322893.456,-2863.2859202312247,1.3694146238961635
0,-656985433830844.2,-109180195324178.58,-443.6826225321924,-64.88465324626851,7154649348474.241,-43248.81153432382,1.3922497558849831
0,-1270296402641401.8,-197039894676846.0,-318.13814461889206,-44.771301455384545,8802141659541.008,-44557.2584790701,1.4199277786198763
1,-494138360979909.06,8111192611854.472,596.7398083428556,3.933427019934555,8802141659541.008,-1959.7308896203467,1.4199277786198763
0,-1821246870630834.8,-273399085649451.8,-231.00169491744523,-31.485335552558094,10829000000000.014,-44701.94017441145,1.4544413856932632
1,-861144266252122.5,-97397487033237.16,-410.1539032697373,-38.51158518930629,10829000000000.014,-44245.766916025736,1.4544413856932632
