particle_id,x,y,vx,vy,time,energy,faug
0,-56185122149337.44,10686847314907.266,922.8342427851763,-3.625568179405336,2538565384109.942,-5708.72309623094,1.3068188543144963
0,-269280433778732.1,-243325910183564.47,-413.0131004760769,-337.33718286835,3123117714735.799,-39901.63634077078,1.3194153037413772
0,-537369373775709.6,-460333562639988.25,-341.2829192566135,-274.38388495232965,3842274192010.384,-40273.89243375253,1.333750556713991
0,-814953406143269.1,-682400876985558.4,-289.60508655881415,-230.64911192674472,4727029947328.75,-40273.65153368484,1.3502437374947136
0,-1104374898624370.4,-911957568256223.2,-244.37941321217457,-193.05506672764577,5815517322893.456,-40273.38914710218,1.3694800278001784
0,-1401794647585228.2,-1145934901400021.8,-201.4619784793568,-157.8004504205052,7154649348474.241,-40273.26873728232,1.392301483212874
0,-1697662332847054.5,-1376532467807412.8,-159.75420519473022,-123.845808788209,8802141659541.008,-40273.302131347315,1.4199697095943435
0,-1981702151448202.8,-1595390545025774.8,-122.39288684688506,-93.6598714694329,10829000000000.014,-40273.30213134731,1.4544764956303542
