particle_id,x,y,vx,vy,time,energy,faug
0,-126748120453556.6,21314867217646.65,786.8318175883614,13.5095477225689,3842274192010.384,-4006.2652307328535,1.3343076758417465
0,-325602606521114.6,-365736484084785.5,-356.7229833624698,-343.92563814882897,4727029947328.75,-40235.566387037514,1.350668843224915
0,-668152730036587.6,-690404942404339.8,-282.15973444897656,-263.89318158572144,5815517322893.456,-40984.4708894091,1.3698095990948034
0,-1008037868209838.8,-1005089016812728.8,-228.8092127253623,-209.80372645611288,7154649348474.241,-40994.84551597113,1.3925620313903249
0,-1343867760218182.8,-1310063299417302.0,-180.9844569545641,-162.67788825376886,8802141659541.008,-40994.84213507878,1.4201808527583777
0,-1663322897842635.2,-1593879700582632.8,-136.96618212906102,-120.13547827932956,10829000000000.014,-40994.78339430824,1.4546532553444695
