particle_id,x,y,vx,vy,time,energy,faug
0,-180845698144442.5,6390441369157.099,738.1761868334631,4.205893974685137,4727029947328.75,-3394.6748729656683,1.3501390446164212
0,-566006070207158.0,-115500260826903.88,-460.7818850105313,-84.34986997809833,5815517322893.456,-42687.20024456728,1.3693988138832518
0,-1096217241286914.4,-211130890254639.97,-346.4130262476567,-61.72189106768681,7154649348474.241,-43653.76377641451,1.392237250843649
0,-1596897998827482.5,-299462226999847.25,-266.507542537544,-46.54715127759328,8802141659541.008,-43698.56018045429,1.4199176412348562
0,-2061251237421682.0,-379679584825962.56,-195.17933084994257,-33.294203338025774,10829000000000.014,-43698.61626834711,1.4544328970298832
1,-679844090369955.8,6151694520000.16,550.9429771796364,2.5406851247549844,10829000000000.014,-1563.3101877837323,1.4544328970298832
