particle_id,x,y,vx,vy,time,energy,faug
0,-520946536367859.9,391769388150728.94,467.7991341489785,266.52726757764304,7154649348474.241,-645.0802845765138,1.5410126299031246
0,332131442289071.94,652507904930282.5,514.9583694431432,41.8465930859207,8802141659541.008,-6071.035993005353,1.524572155680605
1,-648095188011148.4,412908047280427.5,466.6029291721023,226.97444788298748,8802141659541.008,-674.316435205139,1.524572155680605
0,1255921977181584.8,602312559262741.5,401.7137334928058,-63.82451458010971,10829000000000.014,-8418.937486166527,1.5347909903423729
1,425078892836201.75,608281494378269.1,517.8419286526213,-58.275040278783194,10829000000000.014,-8311.075757061772,1.5347909903423729
2,-798749930693853.8,393786019562513.06,470.4274317347823,174.2782613193436,10829000000000.014,-796.1661602483946,1.5347909903423729
