particle_id,x,y,vx,vy,time,energy,faug
0,-125501449257953.05,3492044827.922374,792.8198237743544,0.002105931633241,3842274192010.384,-3900.4212861749697,1.3333996071497345
0,-499392225154042.3,-72193663359.94936,-488.4957195728384,-0.0645453294443651,4727029947328.75,-42156.33165615448,1.3499094026988752
0,-964808446995595.2,-133041086502.64378,-380.7205615791245,-0.0493555145351099,5815517322893.456,-42854.21841274273,1.3691428195290176
0,-1420534253499464.0,-191732814889.7083,-304.81736448759426,-0.0390068957132641,7154649348474.241,-42863.6780279368,1.391941603062002
0,-1864661041270495.2,-248199621222.8253,-237.38443753243672,-0.0299710598364679,8802141659541.008,-42863.677461845145,1.419563679750521
0,-2278989890435237.5,-300086310178.80054,-175.2259024549909,-0.021742103765502,10829000000000.014,-42863.63126326285,1.4539916953818357
