particle_id,x,y,vx,vy,time,energy,faug
0,-356490622030818.56,28147843599.91299,642.9139093895337,0.0157180796195833,7154649348474.241,-2258.3017700478085,1.39194160343526
0,-764041854240069.4,-394282455815.8346,-429.17174469427687,-0.1904540968624518,8802141659541.008,-43696.525594700346,1.4195636800530302
1,-493358499387745.8,27404403100.24678,597.3833057085561,0.0132787637535542,8802141659541.008,-1788.0471471955825,1.4195636800530302
0,-1471913724684464.0,-699313813178.3088,-289.1216737094014,-0.1212617213702918,10829000000000.014,-45438.40780272072,1.4539916956350505
1,-868196257403129.9,-330877659749.54974,-411.8871231037981,-0.1305720020476301,10829000000000.014,-44110.36834455673,1.4539916956350505
