particle_id,x,y,vx,vy,time,energy,faug
0,-180528408226335.56,101307183158.92604,738.8907765446322,0.0664695483509716,4727029947328.75,-3271.9406890945975,1.3499094128282958
0,-578727706987423.1,-1852735059828.2097,-468.1447215405657,-1.3486369224335577,5815517322893.456,-42677.05804504412,1.3691428273868191
0,-1117262301664077.6,-3381929926641.5713,-351.7579270274552,-0.9870252256000168,7154649348474.241,-43637.18010457403,1.3919416092761538
0,-1625540472061880.2,-4794471857140.725,-270.4801058678004,-0.7443399234297133,8802141659541.008,-43681.356479959606,1.419563684786819
0,-2096679754918349.5,-6077201049530.27,-197.97538977440092,-0.5324044642041433,10829000000000.014,-43680.11609105015,1.453991699597456
1,-678854818363799.4,117122520669.3114,551.5619485523482,0.0483459559995882,10829000000000.014,-1388.8897906104105,1.453991699597456
2,-679133157704299.8,95378792426.62212,551.3889379343323,0.0393764664101214,10829000000000.014,-1439.4976892541454,1.453991699597456
