particle_id,x,y,vx,vy,time,energy,faug
0,-38406747828024.875,28232007051163.1,930.4068532715164,-14.4538387650986,2063423411482.4,-5758.444821850222,1.2974432239830274
0,113541425136317.56,-268323096781385.5,141.14281668265713,-560.0071118167929,2538565384109.942,-30177.186435510404,1.3080909440207025
0,184888437512018.62,-566549274163820.0,108.56012427806677,-471.7265648838487,3123117714735.799,-30536.086079637273,1.3203110992246074
0,255552621147254.62,-882072518771966.5,89.6555288018637,-410.0713408575114,3842274192010.384,-30535.80299467983,1.3343671225385412
0,327954103999937.7,-1220335757415524.0,74.95836145539829,-357.32590406228377,4727029947328.75,-30535.54759513143,1.3506475017752309
0,402224198495006.4,-1581497698052790.5,62.16035323321014,-308.3319798110648,5815517322893.456,-30535.35391539734,1.3697149134346236
0,477157780983662.56,-1961216638543977.5,50.27033987010112,-260.507446035283,7154649348474.241,-30535.233584727284,1.3923937613288488
0,550890418393869.06,-2352561876458854.5,39.92044093293681,-217.1528698583005,8802141659541.008,-30535.233584727277,1.4199299802150045
0,622372806611350.2,-2751949635487808.5,31.11752099146463,-178.9055968839763,10829000000000.014,-30535.233584727273,1.454298215330551
