particle_id,x,y,vx,vy,time,energy,faug
0,-678972973621550.9,9048184027803.877,551.47939242915,3.735252026259116,10829000000000.014,-1398.720471649256,1.4540214396635676
