particle_id,x,y,vx,vy,time,energy,faug
0,-361528186355826.5,69157914479963.92,635.3627060723528,39.29669993324688,7154649348474.241,-2148.4166904941085,1.3948897198721568
0,-264567085856051.2,-664710460834644.4,-240.47353742969847,-384.3941932815443,8802141659541.008,-38823.107974659186,1.4219464548217788
0,-681082641376400.2,-1285818898236013.2,-177.9278133600088,-250.5359999314115,10829000000000.014,-40830.82759026306,1.4559823449411369
