particle_id,x,y,vx,vy,time,energy,faug
0,-85101018222770.06,236292121.5100988,854.8969713854882,8.019614310294927e-05,3123117714735.799,-4663.241843545518,1.319025897268609
0,-428976280262287.06,-5502330735.093704,-508.94312166635024,-0.0060412272368484,3842274192010.384,-41653.140685825114,1.3333996071376435
0,-829094770339024.0,-10213965198.11429,-408.29638091465574,-0.0047780965149274,4727029947328.75,-42152.30822036187,1.3499094026896403
0,-1232076783974948.0,-14907744197.168932,-336.8447633853167,-0.0039062219472233,5815517322893.456,-42152.91272002417,1.3691428195218538
0,-1639113348281817.5,-19607990421.364487,-274.04418605561756,-0.0031508654286453,7154649348474.241,-42152.76658537392,1.3919416030563363
0,-2039256447636797.2,-24186701118.82571,-214.04148913264197,-0.0024362445135137,8802141659541.008,-42152.6033653699,1.4195636797459297
0,-2415116442911399.5,-28438738508.98851,-159.88618140639386,-0.0017962409740007,10829000000000.014,-42152.6033653699,1.4539916953779923
