particle_id,x,y,vx,vy,time,energy,faug
0,-125259236725168.28,3240521573.6333127,793.481368436089,0.0019447678877418,3842274192010.384,-3747.5687432782142,1.333178694749424
0,-499723192412273.9,-67086823805.60329,-488.7317597171683,-0.0599783405563879,4727029947328.75,-41989.57495287497,1.3496540456278658
0,-965454173364026.4,-123641854858.241,-381.0466565329297,-0.0458835053899967,5815517322893.456,-42684.83153859872,1.3688430340149018
0,-1421656070069542.5,-178216531619.8048,-305.1994487818809,-0.0362793045843645,7154649348474.241,-42694.092382780575,1.391582826453
0,-1866461283428450.8,-230751024833.71655,-237.8252565221957,-0.02789424484835,8802141659541.008,-42694.091183511584,1.4191236655331705
0,-2281793134065181.0,-279072535468.62036,-175.78464553062344,-0.0202655413413315,10829000000000.014,-42694.04948149255,1.4534343811713706
1,-677678615485563.1,3546347589.959305,552.2933945849975,0.0014629336056745,10829000000000.014,-1174.8818316458492,1.4534343811713706
