particle_id,x,y,vx,vy,time,energy,faug
0,-677990656894418.2,143581069014.84375,552.0992905024837,0.0592398554594502,10829000000000.014,-1231.6789554567367,1.453434389943631
