particle_id,x,y,vx,vy,time,energy,faug
0,-677826923100102.5,264002109292.90912,552.2011289612949,0.108914490551474,10829000000000.014,-1201.870128004608,1.4534344034724709
