particle_id,x,y,vx,vy,time,energy,faug
0,-355889672098343.25,210803226494.6256,643.5497956930376,0.1175871803288259,7154649348474.241,-2071.9322160776064,1.3915828470908211
0,-764831057178994.4,-2958664018395.514,-429.4236742924241,-1.429086759911931,8802141659541.008,-43497.19214132537,1.4191236822525235
0,-1473456481373206.2,-5248945950410.414,-289.5772494858126,-0.9110991139529084,10829000000000.014,-45232.18658035976,1.4534343951587467
