particle_id,x,y,vx,vy,time,energy,faug
0,-492536068629481.8,88847132650.08163,598.046263269456,0.0430163575992073,8802141659541.008,-1591.3796281879186,1.4191236696555338
0,-869262983199448.9,-1075159756954.822,-412.12154325692734,-0.4242383514185485,10829000000000.014,-43901.507695212815,1.4534343846201314
