particle_id,x,y,vx,vy,time,energy,faug
0,-359391324860861.5,59184994936355.47,638.1679619202055,33.43670978738041,7154649348474.241,-1931.482062220428,1.3930897151505035
0,-371474071034333.8,-626415999206146.1,-284.554041601252,-345.8178734139855,8802141659541.008,-39733.50690748055,1.4203427312832706
0,-856353977375976.1,-1184378886783183.8,-204.3339800999901,-224.46561344590265,10829000000000.014,-41662.75883782345,1.454453240446008
1,-680221167725194.5,56373213759928.27,550.3629950475639,23.309627803707414,10829000000000.014,-1185.1413074223092,1.454453240446008
