particle_id,x,y,vx,vy,time,energy,faug
0,-180830661773746.97,21126125848376.66,737.1999774674002,13.994034458043588,4727029947328.75,-3018.910705925082,1.3500330146320976
0,-454564737031166.1,-346784950198472.44,-394.84391373180654,-261.39554450344093,5815517322893.456,-41119.22692263148,1.369136816427671
0,-911484096881936.4,-643674393419531.9,-300.1088361830508,-192.0687850479456,7154649348474.241,-42113.068697146344,1.391815014283003
0,-1347498694418520.2,-919383572274966.0,-233.4010997000068,-145.81120383834923,8802141659541.008,-42157.02712714877,1.4193117275909477
0,-1757065846776398.8,-1171946797854355.5,-173.71492624784932,-105.56230541082677,10829000000000.014,-42157.12523443176,1.453591689494955
