particle_id,x,y,vx,vy,time,energy,faug
0,-193464993984630.28,91474930621989.8,699.8639530441147,70.7596422212393,4727029947328.75,-2549.360112341179,1.3599949935670914
0,300398080219358.06,-395570160106679.1,177.80516627207084,-492.8258472496263,5815517322893.456,-27805.85979023407,1.3767690436584503
0,482669632840156.4,-969140804087429.4,109.3261315835392,-380.5127210845071,7154649348474.241,-29279.2841110585,1.3977975100698985
0,632295228196143.1,-1530486735532033.5,75.64295671914901,-305.99639784295624,8802141659541.008,-29338.13119947312,1.4241292746889245
0,758309219308492.8,-2081615626870731.2,50.78997913318806,-241.89964975710905,10829000000000.014,-29338.185329470125,1.4576050652285026
