particle_id,x,y,vx,vy,time,energy,faug
0,-360120730619909.1,63583095142766.25,637.1583418772714,35.9996803419814,7154649348474.241,-1969.5193147766404,1.3939933276815366
0,-324395865094380.75,-646131685170244.9,-265.4013093659935,-363.7761060033184,8802141659541.008,-39281.842397891814,1.4210721074524224
0,-779599111449447.5,-1233533718029153.0,-192.89879768105897,-236.62217893562152,10829000000000.014,-41242.16474474707,1.4550618672646825
