particle_id,x,y,vx,vy,time,energy,faug
0,-179554087113506.62,949848565.0727472,740.776706093984,0.0006185128126237,4727029947328.75,-2780.7699615078163,1.3493204496324205
0,-580058529516836.9,-17451480778.293854,-468.8923953194084,-0.0127024844120141,5815517322893.456,-42144.2453716342,1.368451508700238
0,-1119868914715318.0,-31868153445.73899,-352.8535094890247,-0.009313686139912,7154649348474.241,-43093.41546974707,1.3911144250943188
0,-1630142818689904.0,-45209775800.622025,-271.7948039071755,-0.0070380949583771,8802141659541.008,-43135.47004524343,1.4185494692426757
0,-2104196575218436.0,-57357241267.936714,-199.57755800579824,-0.0050530145693916,10829000000000.014,-43136.003514779266,1.4527075640130394
1,-676722904662915.5,914459904.146962,552.8881216007874,0.000377035468502,10829000000000.014,-1000.8077525474946,1.4527075640130394
2,-676638638592804.0,1033897492.7338612,552.9405766985022,0.0004262604734557,10829000000000.014,-985.4515357445924,1.4527075640130394
