particle_id,x,y,vx,vy,time,energy,faug
0,-355087141009739.56,1963859675.7707033,644.4000353582662,0.0010938525073867,7154649348474.241,-1822.8952443929736,1.3911144250961247
0,-765901005611516.0,-27636128447.493816,-429.76720150490615,-0.0133479095919288,8802141659541.008,-43230.13097094871,1.4185494692441378
0,-1475544291962112.0,-49045877953.33643,-290.190346455227,-0.0085247973781344,10829000000000.014,-44955.93562215293,1.4527075640142617
