particle_id,x,y,vx,vy,time,energy,faug
0,-676328182961265.0,117547237197.8173,553.1338567760529,0.0484547550458624,10829000000000.014,-928.862314007274,1.4527075685143556
