particle_id,x,y,vx,vy,time,energy,faug
0,-676382120173369.4,703023013871.4489,553.1002201673798,0.2898053376227799,10829000000000.014,-938.6262454368408,1.4527077517849725
