particle_id,x,y,vx,vy,time,energy,faug
0,-355742984922354.94,27748146239489.008,643.3171910854217,15.497577152705304,7154649348474.241,-1755.7979733506218,1.3915979297478058
1,-355980560459396.44,32463294311676.7,642.9245641315658,18.148850943369837,7154649348474.241,-1729.856077168195,1.3915979297478058
0,195166763905947.84,-100203235218835.69,-355.57733698877314,77.96093906545065,8802141659541.008,-255405.90828410344,1.418940790578476
1,-214100857613285.97,267797630131060.62,-348.68241398743044,662.6422330055049,8802141659541.008,49124.2375665422,1.418940790578476
0,1.7498040276038258e+16,-2.1149634150246224e+16,17092.448086443594,-20481.57325722738,10829000000000.014,355818479.0349902,1.4530346094388014
1,-731590749692290.8,1333664546656397.0,-216.1490097787198,460.3204693052137,10829000000000.014,44373.4274065872,1.4530346094388014
