particle_id,x,y,vx,vy,time,energy,faug
0,-342725465121944.3,267775834122378.9,554.3486317148547,214.4013718978212,5815517322893.456,-584.0434882515401,1.417302755508884
0,452131735043602.2,327915515439943.0,538.1543368038955,-100.53003781040718,7154649348474.241,-9386.10369557276,1.4277859381593776
0,1202673750561337.2,103141167732425.52,393.8106650446214,-150.750679654978,8802141659541.008,-11630.759096255655,1.447234393632014
0,1902770662831807.5,-203594699446133.6,304.45827405980697,-149.20771772730396,10829000000000.014,-11819.03943188733,1.4761308134470463
