particle_id,x,y,vx,vy,time,energy,faug
0,-253358949168197.2,1964981519.2266736,692.3078604079709,0.0012168699656329,5815517322893.456,-1981.7028351697952,1.3679406105310763
0,-669654279666450.1,-31824344038.366825,-449.30880724492056,-0.0188608979254751,7154649348474.241,-42386.91752675032,1.3905034966242402
0,-1291563896306102.5,-57417693050.147255,-323.02882031629326,-0.0130685695477102,8802141659541.008,-43666.66843885281,1.4178010040739366
0,-1851870115689511.2,-79756761619.46155,-235.3880841918958,-0.0092366706104017,10829000000000.014,-43801.98270399572,1.4517609199112136
