particle_id,x,y,vx,vy,time,energy,faug
0,-253337996645770.1,21191384515.402466,692.3376121649147,0.0131223553562658,5815517322893.456,-1973.357997715415,1.367940610791727
0,-669681223300812.6,-343237501335.34033,-449.3195762725374,-0.203421180331579,7154649348474.241,-42378.712568197894,1.3905034968301138
0,-1291615204919712.0,-619275769571.0973,-323.04638876887606,-0.1409543775479431,8802141659541.008,-43658.23960388008,1.417801004240521
0,-1851961682524876.8,-860224638979.5664,-235.41002943347436,-0.099629233990919,10829000000000.014,-43793.47402155213,1.4517609200503536
1,-674966153180938.5,17883873414.001015,553.9822714172515,0.0073665021433499,10829000000000.014,-680.4019866384333,1.4517609200503536
2,-674697494485011.4,21797282447.97311,554.149707008864,0.0089771373528577,10829000000000.014,-631.3537527385342,1.4517609200503536
