particle_id,x,y,vx,vy,time,energy,faug
0,-84181703636562.95,37211931771.52712,858.635897259046,0.0115575819660026,3123117714735.799,-3947.980646841112,1.3182489170342682
0,-430222551029744.7,-872149687200.505,-510.0587700907132,-0.957465289621244,3842274192010.384,-40864.90202631027,1.3325131008479283
0,-831513202077020.4,-1619526506541.0503,-409.76619376071295,-0.7585000133964027,4727029947328.75,-41354.78118481177,1.3488849825531846
0,-1236221919668547.8,-2365209909365.0054,-338.53760387620036,-0.621076237041102,5815517322893.456,-41355.239790068656,1.367940611594626
0,-1645681948143809.8,-3113290992195.411,-275.966596424716,-0.5020653488741361,7154649348474.241,-41355.09341781132,1.390503497464279
0,-2049218914319014.8,-3844030508546.43,-216.27723150352577,-0.3896371604122365,8802141659541.008,-41355.07998211728,1.417801004753661
0,-2430218849450170.0,-4526425808936.023,-162.7132245762716,-0.2895150376976206,10829000000000.014,-41355.07998211728,1.451760920478955
