particle_id,x,y,vx,vy,time,energy,faug
0,-674598741845785.4,7266520106.360661,554.211259784798,0.0029925290313025,10829000000000.014,-613.3215365833894,1.4517609199316377
