particle_id,x,y,vx,vy,time,energy,faug
0,-674412969774485.5,49977323842.219406,554.3270620176146,0.0205797652152979,10829000000000.014,-579.394472785294,1.451760920817071
