particle_id,x,y,vx,vy,time,energy,faug
0,-183973314621613.3,55453102863102.984,725.4313574116002,38.920538376522984,4727029947328.75,-2259.657402520475,1.3515266338909022
0,-16768647436452.79,-538462362417369.9,-103.1509058768942,-486.3314325270832,5815517322893.456,-34531.37037726582,1.3699816587470497
0,-148054812614487.88,-1095408041369364.0,-92.46012809779587,-364.01253520914435,7154649348474.241,-35706.91334125766,1.3921121779284011
0,-289702500412112.06,-1624567833723514.5,-79.80411107342586,-283.9445002963961,8802141659541.008,-35753.46244957156,1.4191007227389223
0,-437547432852989.94,-2126201715142072.0,-66.56721758850763,-215.17112204358477,10829000000000.014,-35753.42235796132,1.4528453601046316
