particle_id,x,y,vx,vy,time,energy,faug
0,-675115074655839.2,23925851638394.027,553.8247342658993,9.85784393768722,10829000000000.014,-625.9665628082003,1.4519283211930816
