particle_id,x,y,vx,vy,time,energy,faug
0,-355996148890480.3,42144355228232.59,642.5494744141596,23.594890667591223,7154649348474.241,-1481.1777028788638,1.3915102850025551
0,-544523240058310.4,-512279171013636.9,-351.0502521923828,-265.10568887602426,8802141659541.008,-40930.18269600655,1.4186148879001088
0,-1132917507446167.5,-939373107364118.4,-244.28511874585897,-171.2351925815299,10829000000000.014,-42745.5635002061,1.4524402660943296
