particle_id,x,y,vx,vy,time,energy,faug
0,-535639799889355.9,228220588522061.6,555.5763367577475,117.37853498961788,8802141659541.008,-454.1937137855566,1.4408034321093814
0,570789125127422.5,-268108712947639.2,265.4445793475799,-456.9718773224832,10829000000000.014,-22152.82313429215,1.4706137747407384
1,-703802037859168.2,196433789766300.25,532.528258368643,82.91278300310408,10829000000000.014,-447.6032632098067,1.4706137747407384
