particle_id,x,y,vx,vy,time,energy,faug
0,-84205171156833.8,541811125.0151203,858.5399154663021,0.0001686845119728,3123117714735.799,-3966.238961439929,1.3182489146429377
0,-430192616257555.5,-12696588583.599749,-510.0329681810099,-0.0139386589838751,3842274192010.384,-40883.9298454658,1.332513099045885
0,-831455810718173.6,-23576581518.716877,-409.7315460370382,-0.0110417156172507,4727029947328.75,-41374.035470939634,1.348884981177922
0,-1236123666122163.0,-34431522850.92837,-338.4974267082851,-0.0090408521439237,5815517322893.456,-41374.49733308708,1.367940610528835
0,-1645526037843864.5,-45320888535.77718,-275.9207729480964,-0.0073080606038734,7154649348474.241,-41374.35096548618,1.39050349662247
0,-2048982005193087.5,-55957127248.906006,-216.2238802888075,-0.0056710583931197,8802141659541.008,-41374.29278153462,1.4178010040725042
0,-2429859146932777.0,-65888385364.05197,-162.6456402172082,-0.0042130376353976,10829000000000.014,-41374.292781534605,1.4517609199100172
