particle_id,x,y,vx,vy,time,energy,faug
0,-178185291525993.66,87424229.07978487,743.4404483807044,5.6308477493229286e-05,4727029947328.75,-2090.0012147350935,1.3483171056236056
0,-581935993791557.9,-1616727428.3089633,-469.9584320758622,-0.0011767043868461,5815517322893.456,-41385.57817484137,1.367274692739397
1,-252190085972493.3,90168196.98729646,693.9702952244897,5.55991744692753e-05,5815517322893.456,-1515.9119284632616,1.367274692739397
0,-1123560224121470.4,-2953992330.61572,-354.40927564979893,-0.0008650130280151,7154649348474.241,-42319.40117701629,1.3897076794390475
1,-671268422687913.8,-1467213572.884721,-450.0379671100244,-0.0008695570699533,7154649348474.241,-41859.61544321256,1.3897076794390475
0,-1636666049255041.8,-4194757041.1199226,-273.6593385426839,-0.0006555438644093,8802141659541.008,-42358.58948555406,1.416826788519881
1,-1294779388250876.5,-2648579610.369368,-324.17134482196326,-0.0006039623509494,8802141659541.008,-43125.74707665998,1.416826788519881
0,-2114864459608038.0,-5328656057.859409,-201.8658525551495,-0.0004731488313603,10829000000000.014,-42358.64572710272,1.4505300393407052
1,-1857691920026580.0,-3682381874.090487,-236.80477087199188,-0.000428171095815,10829000000000.014,-43256.09401179066,1.4505300393407052
