particle_id,x,y,vx,vy,time,energy,faug
0,-488537477484475.2,78196649296.67625,601.2775735067383,0.0377104843878451,8802141659541.008,-632.8040021274355,1.4168267907717182
0,-874457052458494.8,-956729680423.5392,-413.2740071844258,-0.3773205687234747,10829000000000.014,-42883.19100932899,1.4505300412193356
