particle_id,x,y,vx,vy,time,energy,faug
0,-488147555811547.5,219561167.66672385,601.5933980334607,0.0001058423661149,8802141659541.008,-539.1174837332219,1.4168267885198975
0,-874960004507122.5,-2689165284.430481,-413.3834950547297,-0.0010605093924576,10829000000000.014,-42785.79402218007,1.450530039340719
