particle_id,x,y,vx,vy,time,energy,faug
0,-252329091095066.56,15751060050464.14,693.4891938424739,9.731154392782166,5815517322893.456,-1431.4777131808223,1.3674354448139614
0,-620629230202771.5,-247022055825994.97,-427.0437733163908,-148.414839408085,7154649348474.241,-41336.79562482341,1.3898345402350656
0,-1213686564448088.5,-448795787835079.6,-309.06379219448985,-103.26215062487547,8802141659541.008,-42618.632683678625,1.4169293361503064
0,-1751696110378904.5,-625811559091049.5,-226.979346366524,-73.45318322564108,10829000000000.014,-42748.561166557505,1.450615584109472
1,-672230488507653.1,16301207324845.863,555.6581145875273,6.70500518620647,10829000000000.014,-142.42205614340492,1.450615584109472
