particle_id,x,y,vx,vy,time,energy,faug
0,-317007742099017.56,228705085328976.62,586.3918226864962,177.4911424100016,5815517322893.456,-176.04375195867033,1.4200958464984654
0,504360070969260.25,164996012880881.16,509.5705919582857,-210.76161319223513,7154649348474.241,-12049.177977009384,1.4291325138327533
0,1190399498722684.5,-200857727920762.9,352.2209584385126,-219.3575852979785,8802141659541.008,-14440.393540029094,1.4475289738345092
1,-549066312401915.2,263121899720590.84,543.5709285887747,137.1124165219258,8802141659541.008,70.6513319319929,1.4475289738345092
0,1808841355638020.5,-623104919459636.8,265.7870326497171,-196.80557645628951,10829000000000.014,-14627.05690996546,1.4755008653925763
1,614888443175156.8,-69836728229226.0,366.64603675829017,-396.68103477967543,10829000000000.014,-18104.294866190583,1.4755008653925763
