particle_id,x,y,vx,vy,time,energy,faug
0,-720644157650708.0,548550120698146.5,303.0456995281737,389.1923337496212,7154649348474.241,1513.5976854388136,1.723919597160588
1,-765260679252399.4,569131132938619.5,267.8827503446133,405.62222919366826,7154649348474.241,1685.6222713430034,1.723919597160588
0,-159630866366111.94,1107252694996348.6,362.3219741588488,285.1763901610074,8802141659541.008,375.48507258035534,1.6124525793907143
1,-264398936190810.25,1163430934824953.0,326.82386996234527,312.5207554463463,8802141659541.008,886.400443665043,1.6124525793907143
0,570146140912614.2,1573305097250284.2,350.39753221747,183.42189734359755,10829000000000.014,-155.7219977107743,1.5887064487697926
1,403521152070565.6,1692590066566013.0,325.0625419015845,216.42105539261965,10829000000000.014,537.9489002858463,1.5887064487697926
