particle_id,x,y,vx,vy,time,energy,faug
0,-503485998461338.2,131567236261203.92,585.6286444793201,65.09823646169782,8802141659541.008,-380.6518507511355,1.4238150033189645
0,87303239216083.5,-742043011460338.2,-93.85383188256476,-460.25798270605645,10829000000000.014,-33072.53263736007,1.4563266459685131
