particle_id,x,y,vx,vy,time,energy,faug
0,-672360427732694.0,636396637.4345016,555.6074509967551,0.0002617587331401,10829000000000.014,-204.1365390723804,1.45053003934087
