particle,time,energy,r,potential,impact parameter,v0,v
0,175415.53176954575,361451.47808449983,1975384821428571.8,-67199.99999999999,1488936595353874.8,850.237,925.9065590916827
0,201403.9780680049,361451.51763997553,1508844808816784.2,-85304.93763790176,1488936595353874.8,850.237,945.258118481801
0,231242.70680265786,361451.4595429312,1334315588677898.5,-93565.61047691734,1488936595353874.8,850.237,953.9570954920861
0,265502.15126021486,361451.2558199639,1744220674448664.0,-75563.38647577827,1488936595353874.8,850.237,934.8953334954049
0,304837.25648462796,361451.16800924286,2610312965438455.5,-50854.384802744375,1488936595353874.8,850.237,908.0810016865095
1,231242.70680265786,361451.4780844999,1975384821428571.8,-67199.99999999999,1162902787303425.0,850.237,925.9065590916828
1,265502.15126021486,361426.0142962312,1233801556133763.0,-98946.90054742357,1162902787303425.0,850.237,959.5550164984338
1,304837.25648462796,360533.09678492974,1113060971014071.5,-106851.61879244322,1162902787303425.0,850.237,966.834748628092
2,304837.25648462796,361451.4780844999,1975384821428571.8,-67199.99999999999,1652066371054533.5,850.237,925.9065590916828
