particle,time,energy,r,potential,impact parameter,v0,v,energy error
0,175415.53176954575,1303907.4030645,1975384821428572.0,-67199.99999999999,854266655848234.2,1614.873,1655.9634072433485,0.0
0,201403.9780680049,1303887.4402629524,926046575711825.0,-118246.62513672968,854266655848234.2,1614.873,1686.4958140473886,0.0
0,231242.70680265783,1303488.5478429885,1393882860446211.2,-90630.58018851896,854266655848234.2,1614.873,1669.801861318586,4.656612873077393e-10
0,265502.15126021486,1303488.5413747355,3022439216065262.5,-43920.10906105636,854266655848234.2,1614.873,1641.589869873588,0.0
0,304837.256484628,1303488.5413747358,5004079240194273.0,-26527.529567027083,854266655848234.2,1614.873,1630.96049672686,0.0
