particle,time,energy,r,potential,impact parameter,v0,v,energy error
0,175415.53176954575,150188.7182445,1975384821428572.0,-67199.99999999999,1211218572681741.5,548.067,659.3765513642413,0.0
0,201403.9780680049,150188.75025939688,1522714221141020.0,-84690.01445495343,1211218572681741.5,548.067,685.3885973874242,0.0
0,231242.70680265783,150158.8562940387,1082756136652704.4,-107710.68316904844,1211218572681741.5,548.067,718.1497607923951,-2.9103830456733704e-11
0,265502.15126021486,149334.96266204226,912094621306496.8,-120735.54670807996,1211218572681741.5,548.067,734.9428676708445,0.0
0,304837.256484628,148427.78243455294,1325756203498153.5,-94259.56605456537,1211218572681741.5,548.067,696.6883786731602,0.0
