particle,time,energy,r,potential,impact parameter,v0,v,energy error
0,152780.5412840577,471896.41005,1975384821428572.0,-67199.99999999999,1702615190327886.5,971.49,1038.360640673557,5.820766091346741e-11
0,175415.53176954575,471896.431751145,1640084698460506.0,-79700.2551602625,1702615190327886.5,971.49,1050.330126114078,0.0
0,201403.9780680049,471896.4888217336,1612469267625292.8,-80841.3337281357,1702615190327886.5,971.49,1051.4160190427665,-2.3283064365386963e-10
0,231242.70680265783,471896.4887258903,2052626193548106.5,-64671.22967506305,1702615190327886.5,971.49,1035.9225052106488,0.0
0,265502.15126021486,471896.4887258903,2876340742001692.5,-46150.95077630475,1702615190327886.5,971.49,1017.887458909083,0.0
0,304837.256484628,471896.4887258902,3973507383189596.0,-33407.72954433089,1702615190327886.5,971.49,1005.2902250297882,0.0
