particle,time,energy,r,potential,impact parameter,v0,v,energy error
0,152780.5412840577,1639867.7440079995,1975384821428572.0,-67199.99999999999,1588587610869411.2,1811.004,1847.7379381330024,0.0
0,175415.53176954575,1639867.7811208288,1552055280055267.5,-83407.52752189372,1588587610869411.2,1811.004,1856.488787277059,0.0
0,201403.9780680049,1639868.092020466,2221879094966117.2,-59744.86204076028,1588587610869411.2,1811.004,1843.69897437799,0.0
0,231242.70680265783,1639868.092020466,3658081460156185.0,-36288.38270712876,1588587610869411.2,1811.004,1830.9322623885323,0.0
0,265502.15126021486,1639868.092020466,5507283723417157.0,-24103.69007058055,1588587610869411.2,1811.004,1824.2652121284596,-2.3283064365386963e-10
0,304837.256484628,1639868.092020466,7701613752373698.0,-17236.109764539502,1588587610869411.2,1811.004,1820.496746377211,0.0
1,265502.15126021486,1639867.7440079995,1975384821428572.0,-67199.99999999999,1925307719878856.8,1811.004,1847.7379381330024,0.0
1,304837.256484628,1639867.8185847804,2526440740966994.5,-52542.63749293069,1925307719878856.8,1811.004,1839.7882791656823,0.0
