particle,time,energy,r,potential,impact parameter,v0,v,energy error
0,304837.256484628,90421.332768,1975384821428572.0,-67199.99999999999,2072246378111439.5,425.256,561.4647500386823,-1.4551915228366852e-11
