particle,time,energy,r,potential,impact parameter,v0,v,energy error
0,265502.15126021486,152204.65164449997,1975384821428572.0,-67199.99999999999,1689186178068493.5,551.733,662.4268286301514,0.0
0,304837.256484628,152186.05504985753,1488127595344423.8,-86289.23793171156,1689186178068493.5,551.733,690.6160915900658,0.0
