particle,time,energy,r,potential,impact parameter,v0,v,energy error
0,304837.256484628,1391162.04045,1975384821428572.0,-67199.99999999999,1853640823816236.8,1668.03,1707.8419367435615,4.656612873077393e-10
