particle,time,energy,r,potential,impact parameter,v0,v,energy error
0,304837.256484628,326717.28630449995,1975384821428572.0,-67199.99999999999,1366631298014466.0,808.353,887.6004577561911,0.0
