particle,time,energy,r,potential,impact parameter,v0,v,energy error
0,175415.53176954575,28391.062050000008,1975384821428572.0,-67199.99999999999,2800343414491209.0,238.29,437.2437810878503,0.0
0,201403.9780680049,28391.078848065925,1757704115365355.8,-75045.90865381222,2800343414491209.0,238.29,454.8340081873345,0.0
0,231242.70680265783,28391.099235749425,1545774662245971.0,-83679.93267089153,2800343414491209.0,238.29,473.4364411547572,2.9103830456733704e-11
0,265502.15126021486,28383.831942902223,1389093299260422.0,-90873.50127677784,2800343414491209.0,238.29,488.3796335222837,0.0
0,304837.256484628,28213.480028091755,1375375659265493.5,-91701.75066195644,2800343414491209.0,238.29,489.7248833580916,0.0
