particle,time,energy,r,potential,impact parameter,v0,v,energy error
0,133066.28871219646,1487558.9358045,1975384821428572.0,-67199.99999999999,268076104020506.62,1724.853,1763.3825085922226,0.0
0,152780.5412840577,1487558.9643699792,891660454561837.5,-120653.1600660455,268076104020506.62,1724.853,1793.4392236348713,0.0
0,175415.53176954575,1483441.5387315224,500395458700146.4,-163520.94618867422,268076104020506.62,1724.853,1814.9173451814252,4.656612873077393e-10
0,201403.9780680049,1483152.4547834033,1908376719194464.8,-69519.08727246008,268076104020506.62,1724.853,1762.1983668451535,4.656612873077393e-10
0,231242.70680265783,1483152.5516327568,3548862378312945.0,-37405.18674694413,268076104020506.62,1724.853,1743.879432976776,2.3283064365386963e-10
0,265502.15126021486,1483152.5516327568,5426213883396309.0,-24463.808993263152,268076104020506.62,1724.853,1736.4425476392937,-4.656612873077393e-10
0,304837.256484628,1483152.551632757,7577075524035038.0,-17519.40568348836,268076104020506.62,1724.853,1732.4387188678538,0.0
