particle,time,energy,r,potential,impact parameter,v0,v,energy error
0,175415.53176954575,1512959.6966445,1975384821428572.0,-67199.99999999999,539758959598682.7,1739.517,1777.7287175744789,-6.984919309616089e-10
0,201403.9780680049,1512805.9991121148,676952282670618.5,-140982.76758670568,539758959598682.7,1739.517,1818.674663978591,0.0
0,231242.70680265783,1511048.8948460305,1352200661435900.2,-92670.79444887672,539758959598682.7,1739.517,1790.932544399653,0.0
0,265502.15126021486,1511048.8770398404,3205916485400145.0,-41406.52465668687,539758959598682.7,1739.517,1762.0757087574457,0.0
0,304837.256484628,1511048.877039841,5368154033891053.0,-24728.39996056903,539758959598682.7,1739.517,1752.5851060649863,2.3283064365386963e-10
