particle,time,energy,r,potential,impact parameter,v0,v,energy error
0,231242.70680265783,1385053.762248,1975384821428572.0,-67199.99999999999,1713794669803288.5,1664.364,1704.2615774862732,-2.3283064365386963e-10
0,265502.15126021486,1385053.7453934702,1835417580453698.0,-72138.58968657877,1713794669803288.5,1664.364,1707.1568967614248,0.0
0,304837.256484628,1385053.6975419228,3309165358173282.5,-40114.60463047941,1713794669803288.5,1664.364,1688.293992272911,0.0
