particle,time,energy,r,potential,impact parameter,v0,v,energy error
0,152780.5412840577,731783.8241999999,1975384821428572.0,-67199.99999999999,553224998998588.25,1209.78,1264.1074512872708,0.0
0,175415.53176954575,731783.873056189,1121458949075412.8,-105244.06882452968,553224998998588.25,1209.78,1293.853115218817,0.0
0,201403.9780680049,730467.9732863251,503142099998981.94,-165947.148698036,553224998998588.25,1209.78,1338.9661100896924,0.0
0,231242.70680265783,729239.6804630026,1367775482644243.8,-91901.18661129348,553224998998588.25,1209.78,1281.515405349695,-3.4924596548080444e-10
0,265502.15126021486,729239.6702778575,2678882015737896.5,-49552.70863746317,553224998998588.25,1209.78,1248.0323544807006,0.0
0,304837.256484628,729239.6702778571,4197741852775293.0,-31623.15946423348,553224998998588.25,1209.78,1233.5824494066787,0.0
