particle,time,energy,r,potential,impact parameter,v0,v,energy error
0,133066.28871219646,883020.8278125,1975384821428572.0,-67199.99999999999,1166910289800432.2,1328.925,1378.565071233491,0.0
0,152780.5412840577,883020.8428861296,1353815835092222.0,-92590.65556169562,1166910289800432.2,1328.925,1396.8618388715652,0.0
0,175415.53176954575,883020.9144906149,1120499484930505.6,-105301.58651049648,1166910289800432.2,1328.925,1405.9320758849706,0.0
0,201403.9780680049,883020.961819074,1727495051922415.2,-76210.88861646921,1166910289800432.2,1328.925,1385.0861709190106,0.0
0,231242.70680265783,883021.0246597305,2835645696812484.5,-46813.27436259687,1166910289800432.2,1328.925,1363.6966664345318,0.0
0,265502.15126021486,883021.0246597306,4220479147072981.5,-31452.793717050565,1166910289800432.2,1328.925,1352.3859052628293,0.0
0,304837.256484628,883021.0246597307,5849284714459205.0,-22694.37486464924,1166910289800432.2,1328.925,1345.894051940479,-2.3283064365386963e-10
