particle,time,energy,r,potential,impact parameter,v0,v,energy error
0,304837.256484628,1679944.5,1975384821428572.0,-67199.99999999999,1836748874116895.5,1833.0,1869.301741292721,4.656612873077393e-10
