particle,time,energy,r,potential,impact parameter,v0,v,energy error
0,175415.53176954575,547730.7847245,1975384821428572.0,-67199.99999999999,502348045913422.3,1046.643,1108.9912395727029,0.0
0,201403.9780680049,547730.4897821667,1100533772859666.4,-106512.00686309728,502348045913422.3,1046.643,1143.890289009627,0.0
0,231242.70680265783,545114.1867005003,440701027663064.94,-184205.58449135703,502348045913422.3,1046.643,1207.7415047863988,-1.1641532182693481e-10
0,265502.15126021486,542845.214632149,1373448047749464.5,-91638.9768263998,502348045913422.3,1046.643,1126.4849679055187,0.0
0,304837.256484628,542842.154221465,2701750229602558.5,-49133.2835084195,502348045913422.3,1046.643,1088.0950672895126,0.0
