particle,time,energy,r,potential,impact parameter,v0,v,energy error
0,265502.15126021486,299171.23633800005,1975384821428572.0,-67199.99999999999,1670552931701578.5,773.526,856.0037807603422,0.0
0,304837.256484628,299150.584496816,1497490540839189.5,-85861.88286753256,1670552931701578.5,773.526,877.5106465044723,0.0
