particle,time,energy,r,potential,impact parameter,v0,v,energy error
0,201403.9780680049,41938.13449799997,1975384821428572.0,-67199.99999999999,1207006953709657.2,289.614,467.2004591136442,0.0
0,231242.70680265783,41938.147597153424,1560853331897608.0,-83027.58994797537,1207006953709657.2,289.614,499.9314703939507,-1.4551915228366852e-11
0,265502.15126021486,41816.64371049903,1076457851445152.0,-108502.66594791097,1207006953709657.2,289.614,548.3052245937658,0.0
0,304837.256484628,39181.20082737968,601890845813021.6,-161707.5309995063,1207006953709657.2,289.614,633.8591828267316,0.0
