particle,time,energy,r,potential,impact parameter,v0,v,energy error
0,231242.70680265783,823172.8049999999,1975384821428572.0,-67199.99999999999,1587630088951916.2,1283.1,1334.4458063181137,-3.4924596548080444e-10
0,265502.15126021486,823172.68808274,1519321973787736.5,-84840.0147246535,1587630088951916.2,1283.1,1347.5998685124553,0.0
0,304837.256484628,823172.9716215258,2343457087863464.5,-56645.31289584002,1587630088951916.2,1283.1,1326.5129358716151,0.0
