particle,time,energy,r,potential,impact parameter,v0,v,energy error
0,115895.8925189068,12424.869522000008,1975384821428572.0,-67199.99999999999,4836488041002005.0,157.638,399.0610718223465,0.0
0,133066.28871219646,12424.868980671688,1926758277978104.5,-68874.91996292291,4836488041002005.0,157.638,403.23637966729785,1.8189894035458565e-12
0,152780.5412840577,12424.867239840489,1887766914337876.8,-70248.788501731,4836488041002005.0,157.638,406.6292063823539,0.0
0,175415.53176954575,12424.873085181856,1867233152123048.8,-70983.74407160666,4836488041002005.0,157.638,408.4326557874346,1.8189894035458565e-12
0,201403.9780680049,12424.889711147727,1877015421540840.0,-70632.59171995973,4836488041002005.0,157.638,407.5720339549991,0.0
0,231242.70680265783,12424.899424128043,1931004309776633.5,-68726.97946484933,4836488041002005.0,157.638,402.8694053635182,2.7466739993542433e-10
0,265502.15126021486,12425.00817054935,2042536127467277.5,-64990.70357428801,4836488041002005.0,157.638,393.48624307550415,7.275957614183426e-12
0,304837.256484628,12425.008170549336,2222412948305496.0,-59730.51052515402,4836488041002005.0,157.638,379.8829259013976,-7.275957614183426e-12
