particle,time,energy,r,potential,impact parameter,v0,v,energy error
0,100941.10260943102,65860.54417800003,1975384821428572.0,-67199.99999999999,2298367415878423.5,362.934,515.8692550986151,0.0
0,115895.8925189068,65860.54288353409,1842460402716916.0,-71881.26436140378,2298367415878423.5,362.934,524.8653298607899,0.0
0,133066.28871219646,65860.53817309596,1710736837390523.8,-76866.0337470014,2298367415878423.5,362.934,534.278152126956,0.0
0,152780.5412840577,65860.53914697998,1596088834093584.8,-81527.58728477726,2298367415878423.5,362.934,542.9330095541387,0.0
0,175415.53176954575,65860.59701902437,1526259053123095.8,-84533.82068320832,2298367415878423.5,362.934,548.4421896649321,0.0
0,201403.9780680049,65860.66054262593,1540273900038769.0,-83919.51334664307,2298367415878423.5,362.934,547.3210646216149,0.0
0,231242.70680265783,65860.68695154125,1674957997283902.5,-78286.28158233102,2298367415878423.5,362.934,536.9301044528464,0.0
0,265502.15126021486,65860.68658429876,1945082364285265.5,-68238.83361829835,2298367415878423.5,362.934,517.8793685842237,0.0
0,304837.256484628,65860.69966093061,2342493681769023.0,-56668.60962448869,2298367415878423.5,362.934,495.033956987638,-2.9103830456733704e-11
