particle,time,energy,r,potential,impact parameter,v0,v,energy error
0,152780.5412840577,720738.1891125002,1975384821428572.0,-67199.99999999999,2002523798736736.8,1200.615,1255.3391486865214,0.0
0,175415.53176954575,720738.1908727542,1950833826954838.0,-68040.43018025477,2002523798736736.8,1200.615,1256.0084562239292,0.0
0,201403.9780680049,720738.255788061,2365172888352189.0,-56125.22477901552,2002523798736736.8,1200.615,1246.4858447387812,0.0
0,231242.70680265783,720738.2557880611,3182865764957113.0,-41706.39599744121,2002523798736736.8,1200.615,1234.8640830354589,0.0
0,265502.15126021486,720738.2557880611,4310762896222832.0,-30794.05274558578,2002523798736736.8,1200.615,1225.9953576858657,0.0
0,304837.256484628,720738.2557880611,5703620676163423.0,-23273.96359908218,2002523798736736.8,1200.615,1219.8460717542548,0.0
1,304837.256484628,720738.1891125002,1975384821428572.0,-67199.99999999999,878894050490466.4,1200.615,1255.3391486865214,0.0
