particle,time,energy,r,potential,impact parameter,v0,v,energy error
0,175415.53176954575,888.69064049999,1975384821428572.0,-67199.99999999999,1.3414791840940106e+16,42.159,369.02219619014784,0.0
0,201403.9780680049,888.7050060819165,1788043446933750.8,-73895.88470658443,1.3414791840940106e+16,42.159,386.7417477145863,-1.4551915228366852e-11
0,231242.70680265783,888.7265786330681,1589161854783135.5,-81819.73559411401,1.3414791840940106e+16,42.159,406.7147948446112,-1.4551915228366852e-11
0,265502.15126021486,884.1807901054708,1403742017803592.2,-90165.33425842514,1.3414791840940106e+16,42.159,426.7306294339102,0.0
0,304837.256484628,662.8251021124597,1289630185191386.2,-96199.83941660114,1.3414791840940106e+16,42.159,440.1423963189949,1.4551915228366852e-11
