particle,time,energy,r,potential,impact parameter,v0,v,energy error
0,304837.256484628,346263.44056200003,1975384821428572.0,-67199.99999999999,1032575052387738.0,832.182,909.3552007461112,-1.1641532182693481e-10
