particle,time,energy,r,potential,impact parameter,v0,v,energy error
0,115895.8925189068,588760.0692479998,1975384821428572.0,-67199.99999999999,1036387222494597.6,1085.136,1145.3908234729313,0.0
0,133066.28871219646,588760.0636927156,1464146013563069.8,-87325.90887087774,1036387222494597.6,1085.136,1162.829284601651,-3.4924596548080444e-10
0,152780.5412840577,588760.1281419538,1028128998566766.8,-111083.11832683664,1036387222494597.6,1085.136,1183.0834682885147,3.4924596548080444e-10
0,175415.53176954575,588759.880790469,1038540694800302.4,-110406.0019034315,1036387222494597.6,1085.136,1182.5107886982685,0.0
0,201403.9780680049,588759.9065697384,1664205844856415.0,-78719.07731891953,1036387222494597.6,1085.136,1155.4038115643016,0.0
0,231242.70680265783,588761.2260978024,2610404090786729.0,-50852.60955134067,1036387222494597.6,1085.136,1131.029474106792,0.0
0,265502.15126021486,588761.2260978026,3761067922414377.0,-35294.725524335976,1036387222494597.6,1085.136,1117.1892871148905,0.0
0,304837.256484628,588761.2260978025,5104896816478289.0,-26003.63234992422,1036387222494597.6,1085.136,1108.8416103733905,-2.3283064365386963e-10
