particle,time,energy,r,potential,impact parameter,v0,v,energy error
0,304837.256484628,802141.5798045001,1975384821428572.0,-67199.99999999999,1746660809532303.8,1266.603,1318.5913542902515,3.4924596548080444e-10
