particle,time,energy,r,potential,impact parameter,v0,v,energy error
0,231242.70680265783,1388106.2214044998,1975384821428572.0,-67199.99999999999,1393370414454148.2,1666.197,1706.051711645635,-4.656612873077393e-10
0,265502.15126021486,1388090.5283452214,1405239718942278.5,-90093.3859229499,1393370414454148.2,1666.197,1719.4091509981977,0.0
0,304837.256484628,1388087.3927733493,2836566979179125.0,-46798.06998191009,1393370414454148.2,1666.197,1694.03982406274,-2.3283064365386963e-10
