particle,time,energy,r,potential,impact parameter,v0,v,energy error
0,115895.8925189068,22996.7602605,1975384821428572.0,-67199.99999999999,2214221143850931.2,214.461,424.7275838946653,0.0
0,133066.28871219646,22996.758130776463,1785242368265737.8,-74001.28161891275,2214221143850931.2,214.461,440.4498603693483,0.0
0,152780.5412840577,22996.759854503616,1567971542075885.0,-82721.9614660638,2214221143850931.2,214.461,459.8232732704325,0.0
0,175415.53176954575,22996.833371450262,1326947072183125.0,-93937.67015164113,2214221143850931.2,214.461,483.6000486416257,2.546585164964199e-11
0,201403.9780680049,22995.01837912849,1082154789363494.8,-107646.19216575605,2214221143850931.2,214.461,511.1579218693271,-3.637978807091713e-12
0,231242.70680265783,22681.7586515047,903356240928092.4,-120460.4219947177,2214221143850931.2,214.461,535.0554749672643,-2.9103830456733704e-11
0,265502.15126021486,21629.952334365826,933469379037025.2,-118972.8611305602,2214221143850931.2,214.461,530.2882489079426,3.637978807091713e-12
0,304837.256484628,20709.73208734997,1231922906636266.5,-99451.46315719283,2214221143850931.2,214.461,490.2268765470592,0.0
