particle,time,energy,r,potential,impact parameter,v0,v,energy error
0,265502.15126021486,329.2691219999979,1975384821428572.0,-67199.99999999999,1.7985606619895468e+16,25.662,367.503113243956,0.0
0,304837.256484628,326.66759754743543,1621269237290234.5,-80482.48827671932,1.7985606619895468e+16,25.662,402.0178002881632,2.9103830456733704e-11
