particle,time,energy,r,potential,impact parameter,v0,v,energy error
0,201403.9780680049,14529.839980500008,1975384821428572.0,-67199.99999999999,2935645084912822.0,170.469,404.3014716285361,0.0
0,231242.70680265783,14529.852828581485,1679734873108529.2,-78094.90495023373,2935645084912822.0,170.469,430.4062215600867,1.8189894035458565e-12
0,265502.15126021486,14521.861610642009,1357242118515375.2,-92442.17183370152,2935645084912822.0,170.469,462.5235852242424,0.0
0,304837.256484628,14001.01636505837,1068322653934871.2,-109932.61379450606,2935645084912822.0,170.469,497.862692234645,0.0
