particle,time,energy,r,potential,impact parameter,v0,v,energy error
0,231242.70680265783,698898.9106125,1975384821428572.0,-67199.99999999999,1662192922872337.5,1182.285,1237.8197854393022,0.0
0,265502.15126021486,698898.8610869421,1576796475216468.0,-82344.74007727395,1662192922872337.5,1182.285,1249.9948809208909,0.0
0,304837.256484628,698898.8563183135,2268958748728206.0,-58505.18881156678,1662192922872337.5,1182.285,1230.7754020371713,0.0
