particle,time,energy,r,potential,impact parameter,v0,v,energy error
0,304837.256484628,133595.906418,1975384821428572.0,-67199.99999999999,1290585741177278.0,516.906,633.7127210621544,0.0
