particle,time,energy,r,potential,impact parameter,v0,v,energy error
0,175415.53176954575,56259.66136050002,1975384821428572.0,-67199.99999999999,1677621913833552.2,335.439,496.90977321944473,0.0
0,201403.9780680049,56259.68584982594,1645939532028306.0,-79460.73882704359,1677621913833552.2,335.439,520.9998554258332,0.0
0,231242.70680265783,56259.52809238678,1296480034840373.0,-95499.01481319113,1677621913833552.2,335.439,550.9238475607639,0.0
0,265502.15126021486,55949.09281185109,1009424874196708.4,-113152.3400288638,1677621913833552.2,335.439,581.5521177688461,0.0
0,304837.256484628,54635.042567102966,1008118123604606.2,-114390.44717848948,1677621913833552.2,335.439,581.4215161921554,0.0
