particle,time,energy,r,potential,impact parameter,v0,v,energy error
0,115895.8925189068,1446741.324288,1975384821428572.0,-67199.99999999999,1565265493664010.5,1701.024,1740.0812189596209,0.0
0,133066.28871219646,1446741.3182295968,1555369992247998.0,-83264.2313137215,1565265493664010.5,1701.024,1749.288740913471,0.0
0,152780.5412840577,1446741.3276230383,1697438051529078.8,-77390.4769428167,1565265493664010.5,1701.024,1745.927721623009,-2.3283064365386963e-10
0,175415.53176954575,1446741.6782587864,2500822032420915.5,-53080.89031489204,1565265493664010.5,1701.024,1731.9483644576003,0.0
0,201403.9780680049,1446741.678258786,3719551403216249.5,-35688.67468405365,1565265493664010.5,1701.024,1721.877087914721,0.0
0,231242.70680265783,1446741.6782587864,5234378820026393.0,-25360.38459656817,1565265493664010.5,1701.024,1715.8683299457184,0.0
0,265502.15126021486,1446741.678258787,7025329539780108.0,-18895.32145764011,1565265493664010.5,1701.024,1712.0963756263411,2.3283064365386963e-10
0,304837.256484628,1446741.6782587864,9108286987520886.0,-14574.18504509936,1565265493664010.5,1701.024,1709.5706263877405,0.0
