particle,time,energy,r,potential,impact parameter,v0,v,energy error
0,133066.28871219646,232477.439688,1975384821428572.0,-67199.99999999999,1393100368648675.2,681.876,774.1801336743277,0.0
0,152780.5412840577,232477.4392260901,1618716630403197.2,-80581.57847685166,1393100368648675.2,681.876,791.2762067735157,-2.9103830456733704e-11
0,175415.53176954575,232477.51111899875,1297393867866586.5,-95451.23126031282,1393100368648675.2,681.876,809.8502853976303,0.0
0,201403.9780680049,232477.484023355,1160974349474098.0,-102917.0398022278,1393100368648675.2,681.876,819.0171229291642,0.0
0,231242.70680265783,232476.47938253576,1399211722537639.8,-90374.15953873462,1393100368648675.2,681.876,803.5553981167327,-2.9103830456733704e-11
0,265502.15126021486,232476.32825498463,1978997910172988.8,-67077.31186456705,1393100368648675.2,681.876,774.0202066090416,0.0
0,304837.256484628,232476.32825498463,2776359331927690.0,-47812.92481612296,1393100368648675.2,681.876,748.7179082553156,-2.9103830456733704e-11
