particle,time,energy,r,potential,impact parameter,v0,v,energy error
0,133066.28871219646,102491.7340005,1975384821428572.0,-67199.99999999999,1099921160655652.0,452.751,582.5662777753274,1.4551915228366852e-11
0,152780.5412840577,102491.73241043018,1649122786085867.5,-79330.99120290412,1099921160655652.0,452.751,603.0302208236902,0.0
0,175415.53176954575,102491.80102696126,1283182767180357.8,-96191.36923547172,1099921160655652.0,452.751,630.3700028751891,0.0
0,201403.9780680049,102446.94737584986,912721895177400.4,-119248.04713526856,1099921160655652.0,452.751,665.8753554699534,0.0
0,231242.70680265783,101362.69182456154,720831516717492.5,-137638.66673048527,1099921160655652.0,452.751,691.3774056982869,0.0
0,265502.15126021486,99860.08989731043,1006807486350943.4,-113342.4839191184,1099921160655652.0,452.751,652.9970502482057,0.0
0,304837.256484628,99522.36950602062,1609623665144518.0,-80968.80305665836,1099921160655652.0,452.751,600.8180632482332,0.0
