particle,time,energy,r,potential,impact parameter,v0,v,energy error
0,304837.256484628,1656507.594280501,1975384821428572.0,-67199.99999999999,1289545427387813.2,1820.169,1856.7216238739184,6.984919309616089e-10
