particle,time,energy,r,potential,impact parameter,v0,v,energy error
0,201403.9780680049,167.99444999999832,1975384821428572.0,-67199.99999999999,2.19088226205104e+16,18.33,367.06401199245886,0.0
0,231242.70680265783,168.00714502511255,1682591450174944.8,-77980.72138470199,2.19088226205104e+16,18.33,395.3447319232346,0.0
0,265502.15126021486,158.27057992006303,1341563151225974.5,-93229.565781609,2.19088226205104e+16,18.33,432.1755114800677,0.0
0,304837.256484628,-513.2601763869607,981152619293064.2,-116518.60851289882,2.19088226205104e+16,18.33,481.6748869030061,1.4551915228366852e-11
