particle,time,energy,r,potential,impact parameter,v0,v,energy error
0,175415.53176954575,1603555.7436404997,1975384821428572.0,-67199.99999999999,973177723239828.0,1790.841,1827.9801659977056,0.0
0,201403.9780680049,1603541.3501924274,969077108459826.0,-115128.5306013031,973177723239828.0,1790.841,1854.0064081840333,4.656612873077393e-10
0,231242.70680265783,1603437.934768829,1758975147023478.0,-74997.31011496279,973177723239828.0,1790.841,1832.1764352178488,-4.656612873077393e-10
0,265502.15126021486,1603438.03312045,3573984882552464.5,-37142.255594879774,973177723239828.0,1790.841,1811.397410131377,0.0
0,304837.256484628,1603438.03312045,5765591561522519.0,-23023.80572461949,973177723239828.0,1790.841,1803.5863377421492,4.656612873077393e-10
