particle,time,energy,r,potential,impact parameter,v0,v,energy error
0,231242.70680265783,1412646.8506605003,1975384821428572.0,-67199.99999999999,704049416520421.8,1680.861,1720.3760348601118,0.0
0,265502.15126021486,1411778.2541763464,670449507899622.5,-146390.73562220213,704049416520421.8,1680.861,1765.315263514451,4.656612873077393e-10
0,304837.256484628,1410797.9633696429,2254186407329097.0,-58888.59038826593,704049416520421.8,1680.861,1714.4600046416415,0.0
