particle,time,energy,r,potential,impact parameter,v0,v,energy error
0,175415.53176954575,570994.6561605,1975384821428572.0,-67199.99999999999,752661184136029.5,1068.639,1129.774009402323,0.0
0,201403.9780680049,570994.6665598828,1146955117131907.0,-103733.5098938858,752661184136029.5,1068.639,1161.6610318451494,0.0
0,231242.70680265783,569926.8658336865,691916984227071.1,-140968.36369896051,752661184136029.5,1068.639,1192.3885520522638,0.0
0,265502.15126021486,569171.418738787,1550688707160666.5,-83466.73564100148,752661184136029.5,1068.639,1142.4868965373637,0.0
0,304837.256484628,569171.5519401947,2861766433956478.0,-46385.98678945118,752661184136029.5,1068.639,1109.55625249885,0.0
