particle,time,energy,r,potential,impact parameter,v0,v,energy error
0,175415.53176954575,23789.694064499985,1975384821428572.0,-67199.99999999999,3342397127865429.0,218.127,426.590421984601,0.0
0,201403.9780680049,23789.70678073255,1813517013228738.0,-72945.26997651382,3342397127865429.0,218.127,439.8521950774973,0.0
0,231242.70680265783,23789.728444741064,1671750728631444.8,-78415.08132708135,3342397127865429.0,218.127,452.1168206820499,-1.4551915228366852e-11
0,265502.15126021486,23789.67613196018,1589805859338349.2,-81792.5729132859,3342397127865429.0,218.127,459.5263845422721,0.0
0,304837.256484628,23779.744357096977,1622814102641644.2,-80418.26037534009,3342397127865429.0,218.127,456.5041176866581,-2.9103830456733704e-11
