particle,time,energy,r,potential,impact parameter,v0,v,energy error
0,231242.70680265783,435241.7010045,1975384821428572.0,-67199.99999999999,1057331247462198.4,932.997,1002.438727309056,-5.820766091346741e-11
0,265502.15126021486,435188.4567310248,1145664333122413.5,-104092.82402351254,1057331247462198.4,932.997,1038.5386663524257,-2.3283064365386963e-10
0,304837.256484628,433996.9447369723,1111780964836084.2,-106937.26878948306,1057331247462198.4,932.997,1040.129043461873,0.0
