particle,time,energy,r,potential,impact parameter,v0,v,energy error
0,265502.15126021486,1213759.9012499996,1975384821428572.0,-67199.99999999999,1886942311377652.8,1558.05,1600.599825846548,0.0
0,304837.256484628,1213759.8800166748,2206131652772282.5,-60171.32288238016,1886942311377652.8,1558.05,1596.2024952361494,0.0
