particle,time,energy,r,potential,impact parameter,v0,v,energy error
0,175415.53176954575,491687.8362044998,1975384821428572.0,-67199.99999999999,1938151686399988.8,991.653,1057.2491061282576,0.0
0,201403.9780680049,491687.8537043496,1808997057706204.0,-73112.96594710692,1938151686399988.8,991.653,1062.8271916463716,0.0
0,231242.70680265783,491687.9871089376,2075427393064850.5,-63960.73427746847,1938151686399988.8,991.653,1054.180934551945,-5.820766091346741e-11
0,265502.15126021486,491687.98710893776,2790230563248621.0,-47575.22971343489,1938151686399988.8,991.653,1038.5212726009734,5.820766091346741e-11
0,304837.256484628,491687.9871089377,3840605722982827.0,-34563.78227153768,1938151686399988.8,991.653,1025.9159511192672,0.0
