particle,time,energy,r,potential,impact parameter,v0,v,energy error
0,133066.28871219646,1666531.823112,1975384821428572.0,-67199.99999999999,1983694198114252.5,1825.668,1862.1126835462992,0.0
0,152780.5412840577,1666531.7952774167,2101725182838436.8,-63160.42700726606,1983694198114252.5,1825.668,1859.9420540891497,0.0
0,175415.53176954575,1666531.7952774165,2872178271191441.0,-46217.83450263837,1983694198114252.5,1825.668,1850.8104331778848,0.0
0,201403.9780680049,1666531.7952774172,4111163947344021.5,-32289.11853193284,1983694198114252.5,1825.668,1843.2693312749225,0.0
0,231242.70680265783,1666531.7952774167,5693751599760407.0,-23314.30475568796,1983694198114252.5,1825.668,1838.39391863284,0.0
0,265502.15126021486,1666531.7952774162,7587821654719981.0,-17494.59410625787,1983694198114252.5,1825.668,1835.2255389372035,-4.656612873077393e-10
0,304837.256484628,1666531.7952774167,9803960491936922.0,-13540.023963700616,1983694198114252.5,1825.668,1833.069458171794,0.0
