particle,time,energy,r,potential,impact parameter,v0,v,energy error
0,231242.70680265783,4033.5467445000095,1975384821428572.0,-67199.99999999999,8010504724454003.0,89.817,377.4481335084332,-1.546140993013978e-11
0,265502.15126021486,4033.546736356759,1889360531964606.0,-70192.05360001915,8010504724454003.0,89.817,385.2936551161358,4.547473508864641e-13
0,304837.256484628,4033.513702581491,1849843446291410.5,-71612.5200830794,8010504724454003.0,89.817,388.9628100105739,0.0
