particle,time,energy,r,potential,impact parameter,v0,v,energy error
0,175415.53176954575,846860.0224499999,1975384821428572.0,-67199.99999999999,1955722645764261.5,1301.43,1352.079895901126,0.0
0,201403.9780680049,846860.0331448846,1939498144814140.0,-68432.04330180139,1955722645764261.5,1301.43,1352.990817741707,-3.4924596548080444e-10
0,231242.70680265783,846860.1422799613,2553919503656945.0,-51977.3077459653,1955722645764261.5,1301.43,1340.7739929055356,0.0
0,265502.15126021486,846860.1422799615,3675476505980549.5,-36116.63951163955,1955722645764261.5,1301.43,1328.8918554883246,0.0
0,304837.256484628,846860.1422799614,5149556295290183.0,-25778.116091557287,1955722645764261.5,1301.43,1321.0891403470991,0.0
