particle,time,energy,r,potential,impact parameter,v0,v,energy error
0,152780.5412840577,783675.6298605001,1975384821428572.0,-67199.99999999999,583905769887409.1,1251.939,1304.5118856189083,2.3283064365386963e-10
0,175415.53176954575,783675.6784168745,1103465202629164.8,-106331.03583611664,583905769887409.1,1251.939,1334.1714389485269,-2.3283064365386963e-10
0,201403.9780680049,782441.6287789114,547346789417527.1,-158400.21333810678,583905769887409.1,1251.939,1371.7447591421796,0.0
0,231242.70680265783,781595.7934262799,1475386434403373.8,-86811.8060888628,583905769887409.1,1251.939,1317.8828472327446,0.0
0,265502.15126021486,781595.805174721,2826496380994966.0,-46964.80805444075,583905769887409.1,1251.939,1287.2922070991976,0.0
0,304837.256484628,781595.8051747212,4394148676189556.0,-30209.68787863417,583905769887409.1,1251.939,1274.2099458514326,0.0
