particle,time,energy,r,potential,impact parameter,v0,v,energy error
0,304837.256484628,1283269.2848820002,1975384821428572.0,-67199.99999999999,1807952478757894.5,1602.042,1643.4532453842428,0.0
