particle,time,energy,r,potential,impact parameter,v0,v,energy error
0,100941.10260943102,586772.6949045003,1975384821428572.0,-67199.99999999999,1970772882492903.2,1083.303,1143.654401385751,0.0
0,115895.8925189068,586772.6936421492,1865986836394970.8,-71028.61393428483,1970772882492903.2,1083.303,1146.9972167153974,0.0
0,133066.28871219646,586772.6914599853,1919558984406097.2,-69126.48291724072,1970772882492903.2,1083.303,1145.3376570926375,0.0
0,152780.5412840577,586772.7081514413,2195022096065196.8,-60475.86502111328,1970772882492903.2,1083.303,1137.7597050102931,0.0
0,175415.53176954575,586772.7081514411,2701288123096955.0,-49141.68868732537,1970772882492903.2,1083.303,1127.7538710541112,0.0
0,201403.9780680049,586772.7081514413,3417801886880199.0,-38839.54201955563,1970772882492903.2,1083.303,1118.5814679056657,0.0
0,231242.70680265783,586772.7081514412,4327402558024521.0,-30675.64392728905,1970772882492903.2,1083.303,1111.2590625760763,3.4924596548080444e-10
0,265502.15126021486,586772.7081514412,5426653241338817.0,-24461.828330724536,1970772882492903.2,1083.303,1105.653233597375,0.0
0,304837.256484628,586772.7081514412,6724048881475578.0,-19741.95344797512,1970772882492903.2,1083.303,1101.376104334406,2.3283064365386963e-10
