particle,time,energy,r,potential,impact parameter,v0,v,energy error
0,133066.28871219646,24596.06742450001,1975384821428572.0,-67199.99999999999,3306978016326851.0,221.793,428.4765277690249,-3.637978807091713e-12
0,152780.5412840577,24596.065814408663,1850068480081236.5,-71604.35133698204,3306978016326851.0,221.793,438.6351950115055,-2.9103830456733704e-11
0,175415.53176954575,24596.08334215844,1729790881245752.5,-76121.67868606244,3306978016326851.0,221.793,448.81569051944,0.0
0,201403.9780680049,24596.12889596408,1633088982991695.2,-79987.45440592404,3306978016326851.0,221.793,457.3479710283804,-1.4551915228366852e-11
0,231242.70680265783,24596.15264830308,1590249478643071.2,-81773.75970381517,3306978016326851.0,221.793,461.2372759266498,1.8189894035458565e-11
0,265502.15126021486,24596.100356181763,1639273743973622.8,-79733.45289245702,3306978016326851.0,221.793,456.7921918085702,0.0
0,304837.256484628,24595.97446233673,1809331231606838.5,-73100.59521605898,3306978016326851.0,221.793,442.0329618442401,0.0
