particle,time,energy,r,potential,impact parameter,v0,v,energy error
0,231242.70680265783,44088.46345799996,1975384821428572.0,-67199.99999999999,1896645240788840.0,296.946,471.7805919238305,7.275957614183426e-12
0,265502.15126021486,44088.43657495371,1577814461391774.2,-82301.36887567304,1896645240788840.0,296.946,502.7719273201851,0.0
0,304837.256484628,43863.11193981469,1186216494138897.2,-102175.38448492864,1896645240788840.0,296.946,540.4414795789519,-7.275957614183426e-12
