particle,time,energy,r,potential,impact parameter,v0,v,energy error
0,304837.256484628,259465.7480805,1975384821428572.0,-67199.99999999999,1822383563186025.5,720.369,808.2892404090259,0.0
