particle,time,energy,r,potential,impact parameter,v0,v,energy error
0,201403.9780680049,81309.31380000005,1975384821428572.0,-67199.99999999999,1793075114120804.8,403.26,544.9941537301112,0.0
0,231242.70680265783,81309.3276427414,1616059777556514.8,-80691.8401259225,1793075114120804.8,403.26,569.2120303870323,0.0
0,265502.15126021486,81288.40924040184,1301637008680631.5,-95282.98659592745,1793075114120804.8,403.26,594.2581860375661,0.0
0,304837.256484628,80863.37361891175,1208007285708309.5,-100859.26149048842,1793075114120804.8,403.26,602.8642220424101,0.0
