particle,time,energy,r,potential,impact parameter,v0,v,energy error
0,201403.9780680049,524950.7373045,1975384821428572.0,-67199.99999999999,1360877526187644.5,1024.647,1088.256162219631,0.0
0,231242.70680265783,524950.7271254901,1351748421698440.0,-92693.27349756483,1360877526187644.5,1024.647,1111.4351088777562,0.0
0,265502.15126021486,524894.073310619,1411004471830683.8,-89817.22816299976,1360877526187644.5,1024.647,1108.7933093896434,0.0
0,304837.256484628,524890.9502783298,2347120263113084.5,-56556.90596098113,1360877526187644.5,1024.647,1078.3764242965542,0.0
