particle,time,energy,r,potential,impact parameter,v0,v,energy error
0,175415.53176954575,145207.68280200002,1975384821428572.0,-67199.99999999999,1563710293797643.8,538.902,651.7786170196135,0.0
0,201403.9780680049,145207.71096752226,1597592385588098.5,-81464.20600279074,1563710293797643.8,538.902,673.3081270418663,0.0
0,231242.70680265783,145207.2946164994,1282609232917158.2,-96222.35712371804,1563710293797643.8,538.902,694.8807836459682,0.0
0,265502.15126021486,145075.72550287162,1228440259985970.8,-99246.71734218368,1563710293797643.8,538.902,699.0313910620256,0.0
0,304837.256484628,144918.40648299697,1597291414766939.8,-81487.99655105302,1563710293797643.8,538.902,672.9136691048117,0.0
