particle,time,energy,r,potential,impact parameter,v0,v,energy error
0,231242.70680265783,1633235.323122,1975384821428572.0,-67199.99999999999,1485107605279390.2,1807.338,1844.1449634570488,2.3283064365386963e-10
0,265502.15126021486,1633234.8161252744,1581551976983979.2,-82142.37207027363,1485107605279390.2,1807.338,1852.2295690305496,4.656612873077393e-10
0,304837.256484628,1633234.7680338689,3249169826892143.5,-40855.31599527762,1485107605279390.2,1807.338,1829.8033140363184,-4.656612873077393e-10
