particle,time,energy,r,potential,impact parameter,v0,v,energy error
0,152780.5412840577,341702.39124450006,1975384821428572.0,-67199.99999999999,2134990759993407.5,826.683,904.3255953963704,1.1641532182693481e-10
0,175415.53176954575,341702.3913507381,1972716044364906.5,-67290.85013740297,2134990759993407.5,826.683,904.4260516903978,0.0
0,201403.9780680049,341702.37918762385,2196284023286360.0,-60441.11717453043,2134990759993407.5,826.683,896.8204908030974,0.0
0,231242.70680265783,341702.3791876238,2669595049050477.0,-49725.09221846778,2134990759993407.5,826.683,884.7909034411368,0.0
0,265502.15126021486,341702.3791876238,3372476420587483.5,-39361.53836084516,2134990759993407.5,826.683,872.9993328158607,0.0
0,304837.256484628,341702.3791876238,4281692996058069.0,-31003.124260009343,2134990759993407.5,826.683,863.371882154652,0.0
