particle,time,energy,r,potential,impact parameter,v0,v,energy error
0,231242.70680265783,858829.6270125,1975384821428572.0,-67199.99999999999,1863188752891612.0,1310.595,1360.9038371703564,0.0
0,265502.15126021486,858829.6244592858,1888717928098208.8,-70214.9132708156,1863188752891612.0,1310.595,1363.1174107391494,0.0
0,304837.256484628,858829.6532011487,2887150413377134.0,-45978.15873566684,1863188752891612.0,1310.595,1345.2195448601062,0.0
