particle,time,energy,r,potential,impact parameter,v0,v,energy error
0,231242.70680265783,967784.1075045,1975384821428572.0,-67199.99999999999,1330369422697595.5,1391.247,1438.7384109034554,0.0
0,265502.15126021486,967748.8588198645,1268750538259432.0,-97030.1269489276,1330369422697595.5,1391.247,1459.3005076191755,2.3283064365386963e-10
0,304837.256484628,967691.4259778936,2208524021171694.5,-60106.14271225991,1330369422697595.5,1391.247,1433.73468165498,1.1641532182693481e-10
