particle,time,energy,r,potential,impact parameter,v0,v,energy error
0,115895.8925189068,59375.958408000006,1975384821428572.0,-67199.99999999999,2726965749894413.0,344.604,503.1420443731571,0.0
0,133066.28871219646,59375.95754045193,1899090314571857.5,-69846.90235213877,2726965749894413.0,344.604,508.375569618743,0.0
0,152780.5412840577,59375.95483172414,1845446334995669.2,-71772.45248041858,2726965749894413.0,344.604,512.1492112893326,0.0
0,175415.53176954575,59375.96483512866,1833339158893262.8,-72214.76791929582,2726965749894413.0,344.604,513.012149474892,0.0
0,201403.9780680049,59375.983953458,1885755419555326.8,-70320.41311483909,2726965749894413.0,344.604,509.3061889832031,-2.1827872842550278e-11
0,231242.70680265783,59375.99512496749,2024250642171038.5,-65577.77838105468,2726965749894413.0,344.604,499.9075384629085,0.0
0,265502.15126021486,59375.99512496751,2263222259145499.0,-58653.479331773386,2726965749894413.0,344.604,485.8589804804289,0.0
0,304837.256484628,59375.99512496749,2609416432932081.0,-50871.85714195859,2726965749894413.0,344.604,469.569701464918,-2.9103830456733704e-11
