particle,time,energy,r,potential,impact parameter,v0,v,energy error
0,201403.9780680049,100017.17575200002,1975384821428572.0,-67199.99999999999,2186664630765874.5,447.252,578.3029928195081,0.0
0,231242.70680265783,100017.18773236754,1741447072059289.0,-75670.30951302385,2186664630765874.5,447.252,592.7689216640687,0.0
0,265502.15126021486,100017.15347550451,1629546402940287.2,-80133.40365148993,2186664630765874.5,447.252,600.2508760959778,0.0
0,304837.256484628,100016.87282169516,1750059480000235.2,-75338.91109346172,2186664630765874.5,447.252,592.2090575382259,0.0
