particle,time,energy,r,potential,impact parameter,v0,v,energy error
0,265502.15126021486,375852.3030405,1975384821428572.0,-67199.99999999999,1167479573029851.0,867.009,941.331294540344,1.1641532182693481e-10
0,304837.256484628,375677.580571542,1152204989299004.5,-104297.6621795237,1167479573029851.0,867.009,979.7706290260652,0.0
