particle,time,energy,r,potential,impact parameter,v0,v,energy error
0,265502.15126021486,43006.57920000001,1975384821428572.0,-67199.99999999999,786995366741401.8,293.28,469.4817977302208,0.0
0,304837.256484628,42969.92651831808,1389223167880448.0,-91008.48268424472,786995366741401.8,293.28,517.6454562778713,0.0
