particle,time,energy,r,potential,impact parameter,v0,v,energy error
0,115895.8925189068,383840.439138,1975384821428572.0,-67199.99999999999,898385398478793.2,876.174,949.7793840024112,1.7462298274040222e-10
0,133066.28871219646,383840.4334867525,1518193609756738.5,-84889.95964390201,898385398478793.2,876.174,968.225586452511,5.820766091346741e-11
0,152780.5412840577,383840.4915536919,1050331287012226.4,-109647.39460402288,898385398478793.2,876.174,993.466543128368,0.0
0,175415.53176954575,383742.5659089504,776489132271691.1,-130162.86711842282,898385398478793.2,876.174,1013.8100739560376,0.0
0,201403.9780680049,383518.3835295914,1106232350286953.0,-106164.41901516193,898385398478793.2,876.174,989.6290239728758,-5.820766091346741e-11
0,231242.70680265783,383517.80659493874,1855615412025045.5,-71403.13025788084,898385398478793.2,876.174,953.8563171178556,0.0
0,265502.15126021486,383518.7122993526,2800129222151275.5,-47407.04784260434,898385398478793.2,876.174,928.359585658442,-1.1641532182693481e-10
0,304837.256484628,383518.7122993528,3903633693489224.0,-34005.71632051533,898385398478793.2,876.174,913.8100772259716,5.820766091346741e-11
