particle,time,energy,r,potential,impact parameter,v0,v,energy error
0,304837.256484628,131707.64879999997,1975384821428572.0,-67199.99999999999,1196644194612303.2,513.24,630.7260083427668,0.0
