particle,time,energy,r,potential,impact parameter,v0,v,energy error
0,304837.256484628,96764.80319999997,1975384821428572.0,-67199.99999999999,1862390296517137.5,439.92,572.6513829547606,1.4551915228366852e-11
