particle,time,energy,r,potential,impact parameter,v0,v,energy error
0,265502.15126021486,431828.0537805,1975384821428572.0,-67199.99999999999,1498664261232116.5,929.331,999.027580981126,-1.1641532182693481e-10
0,304837.256484628,431767.0165819753,1376483421334222.8,-91645.97328233476,1498664261232116.5,929.331,1023.1451410863564,0.0
