particle,time,energy,r,potential,impact parameter,v0,v,energy error
0,231242.70680265783,1262795.8012605,1975384821428572.0,-67199.99999999999,892976513680268.4,1589.211,1630.9480686156137,-2.3283064365386963e-10
0,265502.15126021486,1262371.7188216974,851749823698285.5,-126062.10461865776,892976513680268.4,1589.211,1666.393605028749,0.0
0,304837.256484628,1261803.05971762,2183930734666828.8,-60782.99915507675,892976513680268.4,1589.211,1626.3985113573467,0.0
