particle,time,energy,r,potential,impact parameter,v0,v,energy error
0,201403.9780680049,390291.426018,1975384821428572.0,-67199.99999999999,1815820553269817.2,883.506,956.5473600590824,1.1641532182693481e-10
0,231242.70680265783,390291.4413539255,1667979635877133.2,-78566.83997782554,1815820553269817.2,883.506,968.3576625728232,1.7462298274040222e-10
0,265502.15126021486,390291.4257443704,1842139735811110.0,-71892.92226560295,1815820553269817.2,883.506,961.4409477549552,5.820766091346741e-11
0,304837.256484628,390291.67117272,2561465853728556.5,-51824.177084684,1815820553269817.2,883.506,940.3359487517256,5.820766091346741e-11
