particle,time,energy,r,potential,impact parameter,v0,v,energy error
0,304837.256484628,809121.7492020002,1975384821428572.0,-67199.99999999999,2028792566082542.0,1272.102,1323.874426977121,0.0
