particle,time,energy,r,potential,impact parameter,v0,v
0,133066.28871219646,1330684.03845,1975384821428571.8,-67199.99999999999,1247587844369918.5,1631.37,1672.055046013737
0,152780.5412840577,1330684.0580577804,1314826540470430.2,-94554.39523686405,1247587844369918.5,1631.37,1688.335543246451
0,175415.53176954575,1330684.1526778578,1373569566141984.8,-91617.13016053155,1247587844369918.5,1631.37,1686.594961950491
0,201403.9780680049,1330684.2147071273,2356689652381680.5,-56327.25542196295,1247587844369918.5,1631.37,1665.5398344855582
0,231242.70680265786,1330684.2147071278,3778473323364759.5,-35132.1416454487,1247587844369918.5,1631.37,1652.7651716759865
0,265502.15126021486,1330684.2147071275,5494520573167577.0,-24159.680218190966,1247587844369918.5,1631.37,1646.1129335044534
0,304837.25648462796,1330684.2147071275,7496840126763681.0,-17706.90821138068,1247587844369918.5,1631.37,1642.188249208055
