particle,time,energy,r,potential,impact parameter,v0,v
0,133066.28871219646,776806.3368000003,1975384821428571.8,-67199.99999999999,1026660722318557.4,1246.44,1299.2354188521804
0,152780.5412840577,776806.3530317002,1329619279814229.2,-93802.57089478418,1026660722318557.4,1246.44,1319.5521391187879
0,175415.53176954575,776804.820518558,957795278402140.6,-115847.30860933906,1026660722318557.4,1246.44,1336.1527825274302
0,201403.9780680049,776798.9330027351,1445592373987420.5,-88182.73444065468,1026660722318557.4,1246.44,1315.2807057380487
0,231242.70680265786,776799.0540575514,2487990913107094.5,-53354.640204140494,1026660722318557.4,1246.44,1288.5291570326935
0,265502.15126021486,776799.0540575517,3796781468443820.5,-34962.73385847732,1026660722318557.4,1246.44,1274.175645596814
0,304837.25648462796,776799.0540575514,5332908790059984.0,-24891.830186075036,1026660722318557.4,1246.44,1266.2471198337444
1,304837.25648462796,776806.3368,1975384821428571.8,-67199.99999999999,1867981937176376.0,1246.44,1299.2354188521801
