particle,time,energy,r,potential,impact parameter,v0,v
0,201403.9780680049,754127.0860499999,1975384821428571.8,-67199.99999999999,521901848208420.75,1228.11,1281.6607086510844
0,231242.70680265786,754013.539173673,845013389515251.5,-125360.53753918337,521901848208420.75,1228.11,1326.178024786157
0,265502.15126021486,750088.2850168843,860124688883423.1,-125289.33336985976,521901848208420.75,1228.11,1323.161077410263
0,304837.25648462796,749832.2088486415,2360560335558520.5,-56234.893893780376,521901848208420.75,1228.11,1269.698470301057
