particle,time,energy,r,potential,impact parameter,v0,v
0,265502.15126021486,919937.6082,1975384821428571.8,-67199.99999999999,2013181636125373.2,1356.42,1405.089042160674
0,304837.25648462796,919937.6103109522,2367830036369048.0,-56062.24178301214,2013181636125373.2,1356.42,1397.1398298623974
