particle,time,energy,r,potential,impact parameter,v0,v
0,231242.70680265786,194201.58419999998,1975384821428571.8,-67199.99999999999,1740076578157727.8,623.22,723.0512902968917
0,265502.15126021486,194201.5494175115,1561387165109810.0,-83004.69516590348,1740076578157727.8,623.22,744.588805426747
0,304837.25648462796,194127.8166550921,1468955390015895.0,-87174.22111207599,1740076578157727.8,623.22,750.0693804804567
