particle,time,energy,r,potential,impact parameter,v0,v
0,201403.9780680049,1022078.2338,1975384821428571.8,-67199.99999999999,1992533751303480.8,1429.74,1475.9933833185025
0,231242.70680265786,1022078.3049966025,2146299698543779.5,-61848.70644582644,1992533751303480.8,1429.74,1472.363413999702
0,265502.15126021486,1022078.3049966024,3165060429104240.0,-41941.019128525484,1992533751303480.8,1429.74,1458.7798491377155
0,304837.25648462796,1022078.3049966033,4716394473899320.0,-28145.622834268823,1992533751303480.8,1429.74,1449.2921912650133
