particle,time,energy,r,potential,impact parameter,v0,v
0,304837.25648462796,268791.12000000005,1975384821428571.8,-67199.99999999999,1222699953996641.5,733.2,819.7452287143855
