particle,time,energy,r,potential,impact parameter,v0,v
0,231242.70680265786,131707.64879999997,1975384821428571.8,-67199.99999999999,1095886643655402.8,513.24,630.7260083427668
0,265502.15126021486,131704.19029222295,1379161682417226.0,-91358.31276248416,1095886643655402.8,513.24,667.925898666472
0,304837.25648462796,130685.81345703636,839252354448797.9,-129422.45600139466,1095886643655402.8,513.24,721.260382189998
